TOA5,CR1000-SHORE2,CR1000,86619,CR1000.Std.31.03,CPU:Sapflow_SERC.CR1,2121,Table1
TIMESTAMP,RECORD,DiffVolt_Avg(1),DiffVolt_Avg(2),DiffVolt_Avg(3),DiffVolt_Avg(4),DiffVolt_Avg(5),DiffVolt_Avg(6)
TS,RN,mV,mV,mV,mV,mV,mV
,,Avg,Avg,Avg,Avg,Avg,Avg
5/10/2018 11:00,0,0.374,0.404,0.38,0.439,0.42,0.417
5/10/2018 11:30,1,0.391,0.452,0.418,0.488,0.484,0.439
5/10/2018 12:00,2,0.378,0.437,0.407,0.468,0.476,0.413
5/10/2018 12:30,3,0.402,0.457,0.43,0.499,0.495,0.442
5/10/2018 13:00,4,0.409,0.467,0.433,0.505,0.504,0.444
5/10/2018 13:30,5,0.391,0.451,0.42,0.49,0.494,0.423
5/10/2018 14:00,6,0.387,0.443,0.418,0.487,0.488,0.412
5/10/2018 14:30,7,0.388,0.442,0.418,0.493,0.486,0.413
5/10/2018 15:00,8,0.395,0.447,0.426,0.499,0.484,0.42
5/10/2018 15:30,9,0.399,0.459,0.435,0.51,0.493,0.415
5/10/2018 16:00,10,0.414,0.467,0.445,0.521,0.505,0.437
5/10/2018 16:30,11,0.427,0.479,0.45,0.53,0.515,0.454
5/10/2018 17:00,12,0.448,0.501,0.465,0.549,0.53,0.477
5/10/2018 17:30,13,0.466,0.515,0.477,0.562,0.543,0.494
5/10/2018 18:00,14,0.504,0.542,0.501,0.586,0.563,0.532
5/10/2018 18:30,15,0.528,0.562,0.518,0.601,0.578,0.562
5/10/2018 19:00,16,0.543,0.571,0.53,0.61,0.589,0.577
5/10/2018 19:30,17,0.553,0.579,0.539,0.615,0.594,0.585
5/10/2018 20:00,18,0.558,0.586,0.543,0.619,0.6,0.593
5/10/2018 20:30,19,0.557,0.588,0.547,0.618,0.602,0.595
5/10/2018 21:00,20,0.56,0.592,0.547,0.62,0.604,0.599
5/10/2018 21:30,21,0.563,0.594,0.552,0.622,0.607,0.604
5/10/2018 22:00,22,0.567,0.597,0.554,0.624,0.61,0.609
5/10/2018 22:30,23,0.569,0.599,0.557,0.626,0.614,0.613
5/10/2018 23:00,24,0.572,0.6,0.56,0.628,0.616,0.617
5/10/2018 23:30,25,0.574,0.602,0.562,0.629,0.618,0.619
5/11/2018 0:00,26,0.575,0.603,0.563,0.63,0.619,0.622
5/11/2018 0:30,27,0.578,0.603,0.564,0.631,0.62,0.624
5/11/2018 1:00,28,0.58,0.604,0.565,0.632,0.621,0.627
5/11/2018 1:30,29,0.583,0.603,0.566,0.631,0.621,0.63
5/11/2018 2:00,30,0.583,0.605,0.565,0.63,0.621,0.629
5/11/2018 2:30,31,0.585,0.604,0.567,0.631,0.623,0.631
5/11/2018 3:00,32,0.585,0.602,0.567,0.631,0.623,0.629
5/11/2018 3:30,33,0.585,0.604,0.565,0.627,0.62,0.627
5/11/2018 4:00,34,0.586,0.602,0.564,0.626,0.619,0.628
5/11/2018 4:30,35,0.584,0.601,0.563,0.623,0.616,0.626
5/11/2018 5:00,36,0.585,0.601,0.562,0.621,0.617,0.626
5/11/2018 5:30,37,0.583,0.603,0.562,0.618,0.615,0.624
5/11/2018 6:00,38,0.582,0.605,0.562,0.618,0.615,0.624
5/11/2018 6:30,39,0.581,0.604,0.562,0.618,0.615,0.624
5/11/2018 7:00,40,0.571,0.593,0.545,0.614,0.616,0.612
5/11/2018 7:30,41,0.519,0.564,0.503,0.591,0.612,0.572
5/11/2018 8:00,42,0.463,0.536,0.473,0.56,0.607,0.525
5/11/2018 8:30,43,0.42,0.507,0.447,0.526,0.595,0.471
5/11/2018 9:00,44,0.393,0.481,0.431,0.503,0.577,0.43
5/11/2018 9:30,45,0.39,0.462,0.423,0.491,0.554,0.405
5/11/2018 10:00,46,0.387,0.447,0.421,0.468,0.53,0.405
5/11/2018 10:30,47,0.386,0.44,0.417,0.461,0.508,0.404
5/11/2018 11:00,48,0.389,0.438,0.412,0.464,0.494,0.407
5/11/2018 11:30,49,0.389,0.434,0.413,0.46,0.485,0.413
5/11/2018 12:00,50,0.389,0.433,0.414,0.458,0.483,0.412
5/11/2018 12:30,51,0.398,0.441,0.42,0.475,0.488,0.419
5/11/2018 13:00,52,0.394,0.434,0.416,0.473,0.481,0.414
5/11/2018 13:30,53,0.392,0.433,0.417,0.477,0.484,0.409
5/11/2018 14:00,54,0.394,0.439,0.418,0.484,0.485,0.411
5/11/2018 14:30,55,0.398,0.447,0.417,0.488,0.488,0.419
5/11/2018 15:00,56,0.404,0.455,0.426,0.5,0.493,0.425
5/11/2018 15:30,57,0.407,0.46,0.432,0.506,0.496,0.425
5/11/2018 16:00,58,0.419,0.46,0.438,0.512,0.501,0.436
5/11/2018 16:30,59,0.43,0.469,0.444,0.516,0.502,0.452
5/11/2018 17:00,60,0.442,0.487,0.453,0.533,0.513,0.463
5/11/2018 17:30,61,0.449,0.495,0.456,0.536,0.521,0.47
5/11/2018 18:00,62,0.457,0.502,0.465,0.546,0.53,0.482
5/11/2018 18:30,63,0.472,0.516,0.476,0.557,0.542,0.502
5/11/2018 19:00,64,0.496,0.537,0.492,0.577,0.558,0.53
5/11/2018 19:30,65,0.513,0.555,0.509,0.594,0.573,0.555
5/11/2018 20:00,66,0.53,0.569,0.525,0.606,0.584,0.578
5/11/2018 20:30,67,0.545,0.581,0.533,0.613,0.594,0.594
5/11/2018 21:00,68,0.554,0.588,0.54,0.617,0.6,0.605
5/11/2018 21:30,69,0.562,0.593,0.548,0.622,0.606,0.612
5/11/2018 22:00,70,0.569,0.597,0.552,0.624,0.61,0.62
5/11/2018 22:30,71,0.574,0.599,0.555,0.626,0.613,0.625
5/11/2018 23:00,72,0.577,0.603,0.557,0.629,0.616,0.628
5/11/2018 23:30,73,0.578,0.604,0.56,0.632,0.62,0.629
5/12/2018 0:00,74,0.576,0.607,0.558,0.63,0.619,0.628
5/12/2018 0:30,75,0.58,0.607,0.562,0.633,0.623,0.631
5/12/2018 1:00,76,0.584,0.609,0.565,0.634,0.626,0.633
5/12/2018 1:30,77,0.581,0.608,0.566,0.635,0.627,0.633
5/12/2018 2:00,78,0.584,0.609,0.568,0.634,0.628,0.632
5/12/2018 2:30,79,0.584,0.608,0.568,0.635,0.628,0.633
5/12/2018 3:00,80,0.583,0.607,0.568,0.632,0.628,0.631
5/12/2018 3:30,81,0.581,0.605,0.568,0.629,0.628,0.629
5/12/2018 4:00,82,0.582,0.605,0.569,0.627,0.627,0.628
5/12/2018 4:30,83,0.589,0.606,0.57,0.628,0.624,0.631
5/12/2018 5:00,84,0.588,0.607,0.57,0.63,0.625,0.629
5/12/2018 5:30,85,0.587,0.609,0.565,0.627,0.626,0.63
5/12/2018 6:00,86,0.589,0.609,0.566,0.625,0.625,0.63
5/12/2018 6:30,87,0.59,0.609,0.567,0.628,0.626,0.631
5/12/2018 7:00,88,0.576,0.606,0.556,0.608,0.624,0.62
5/12/2018 7:30,89,0.555,0.591,0.532,0.587,0.618,0.603
5/12/2018 8:00,90,0.507,0.567,0.504,0.565,0.607,0.568
5/12/2018 8:30,91,0.47,0.553,0.485,0.554,0.599,0.537
5/12/2018 9:00,92,0.44,0.533,0.465,0.539,0.586,0.501
5/12/2018 9:30,93,0.428,0.517,0.457,0.533,0.571,0.484
5/12/2018 10:00,94,0.427,0.511,0.455,0.531,0.561,0.479
5/12/2018 10:30,95,0.417,0.501,0.449,0.518,0.55,0.464
5/12/2018 11:00,96,0.404,0.489,0.438,0.508,0.531,0.454
5/12/2018 11:30,97,0.396,0.476,0.432,0.497,0.517,0.447
5/12/2018 12:00,98,0.397,0.463,0.43,0.489,0.51,0.438
5/12/2018 12:30,99,0.399,0.46,0.428,0.492,0.503,0.438
5/12/2018 13:00,100,0.401,0.46,0.43,0.499,0.497,0.441
5/12/2018 13:30,101,0.398,0.457,0.434,0.505,0.499,0.436
5/12/2018 14:00,102,0.401,0.464,0.44,0.517,0.505,0.439
5/12/2018 14:30,103,0.404,0.468,0.437,0.52,0.507,0.441
5/12/2018 15:00,104,0.409,0.471,0.442,0.527,0.509,0.443
5/12/2018 15:30,105,0.42,0.48,0.451,0.538,0.514,0.445
5/12/2018 16:00,106,0.436,0.479,0.459,0.545,0.519,0.452
5/12/2018 16:30,107,0.45,0.486,0.467,0.552,0.521,0.466
5/12/2018 17:00,108,0.451,0.498,0.468,0.558,0.526,0.465
5/12/2018 17:30,109,0.468,0.514,0.477,0.569,0.538,0.48
5/12/2018 18:00,110,0.486,0.53,0.491,0.582,0.55,0.504
5/12/2018 18:30,111,0.495,0.539,0.498,0.588,0.559,0.512
5/12/2018 19:00,112,0.513,0.554,0.511,0.599,0.571,0.533
5/12/2018 19:30,113,0.529,0.569,0.524,0.609,0.583,0.556
5/12/2018 20:00,114,0.545,0.581,0.537,0.616,0.592,0.579
5/12/2018 20:30,115,0.557,0.589,0.546,0.621,0.6,0.597
5/12/2018 21:00,116,0.543,0.585,0.537,0.602,0.594,0.597
5/12/2018 21:30,117,0.505,0.542,0.521,0.534,0.483,0.607
5/12/2018 22:00,118,0.51,0.53,0.508,0.539,0.504,0.613
5/12/2018 22:30,119,0.535,0.552,0.517,0.58,0.525,0.625
5/12/2018 23:00,120,0.542,0.559,0.524,0.59,0.53,0.633
5/12/2018 23:30,121,0.549,0.564,0.527,0.597,0.533,0.637
5/13/2018 0:00,122,0.549,0.562,0.526,0.6,0.535,0.637
5/13/2018 0:30,123,0.552,0.562,0.525,0.599,0.536,0.631
5/13/2018 1:00,124,0.568,0.569,0.53,0.609,0.541,0.636
5/13/2018 1:30,125,0.578,0.571,0.535,0.614,0.541,0.639
5/13/2018 2:00,126,0.58,0.572,0.537,0.616,0.54,0.64
5/13/2018 2:30,127,0.575,0.57,0.529,0.609,0.537,0.639
5/13/2018 3:00,128,0.57,0.566,0.521,0.599,0.536,0.633
5/13/2018 3:30,129,0.568,0.565,0.518,0.599,0.54,0.631
5/13/2018 4:00,130,0.566,0.564,0.518,0.6,0.549,0.627
5/13/2018 4:30,131,0.565,0.564,0.524,0.6,0.554,0.624
5/13/2018 5:00,132,0.566,0.565,0.53,0.602,0.561,0.624
5/13/2018 5:30,133,0.571,0.571,0.531,0.603,0.564,0.629
5/13/2018 6:00,134,0.575,0.572,0.538,0.589,0.552,0.629
5/13/2018 6:30,135,0.566,0.546,0.526,0.556,0.539,0.633
5/13/2018 7:00,136,0.56,0.546,0.526,0.558,0.547,0.632
5/13/2018 7:30,137,0.548,0.554,0.525,0.57,0.554,0.625
5/13/2018 8:00,138,0.549,0.561,0.527,0.581,0.559,0.625
5/13/2018 8:30,139,0.551,0.562,0.525,0.579,0.559,0.623
5/13/2018 9:00,140,0.544,0.56,0.524,0.578,0.56,0.62
5/13/2018 9:30,141,0.543,0.56,0.526,0.58,0.565,0.615
5/13/2018 10:00,142,0.544,0.562,0.528,0.585,0.567,0.616
5/13/2018 10:30,143,0.538,0.556,0.518,0.573,0.561,0.613
5/13/2018 11:00,144,0.539,0.551,0.517,0.57,0.56,0.611
5/13/2018 11:30,145,0.547,0.55,0.527,0.581,0.566,0.617
5/13/2018 12:00,146,0.554,0.555,0.533,0.589,0.572,0.623
5/13/2018 12:30,147,0.556,0.556,0.527,0.585,0.573,0.618
5/13/2018 13:00,148,0.561,0.558,0.53,0.591,0.575,0.62
5/13/2018 13:30,149,0.559,0.558,0.524,0.586,0.573,0.616
5/13/2018 14:00,150,0.556,0.554,0.52,0.583,0.571,0.614
5/13/2018 14:30,151,0.557,0.552,0.524,0.587,0.573,0.616
5/13/2018 15:00,152,0.56,0.554,0.525,0.592,0.576,0.617
5/13/2018 15:30,153,0.56,0.554,0.525,0.593,0.577,0.616
5/13/2018 16:00,154,0.56,0.551,0.527,0.596,0.579,0.612
5/13/2018 16:30,155,0.56,0.553,0.526,0.598,0.58,0.607
5/13/2018 17:00,156,0.56,0.554,0.527,0.605,0.582,0.604
5/13/2018 17:30,157,0.561,0.558,0.529,0.612,0.583,0.606
5/13/2018 18:00,158,0.563,0.56,0.535,0.616,0.586,0.613
5/13/2018 18:30,159,0.559,0.559,0.534,0.616,0.586,0.608
5/13/2018 19:00,160,0.559,0.56,0.537,0.619,0.586,0.61
5/13/2018 19:30,161,0.568,0.566,0.541,0.622,0.588,0.618
5/13/2018 20:00,162,0.57,0.566,0.543,0.622,0.588,0.621
5/13/2018 20:30,163,0.573,0.569,0.545,0.623,0.59,0.625
5/13/2018 21:00,164,0.573,0.568,0.547,0.623,0.589,0.626
5/13/2018 21:30,165,0.575,0.568,0.548,0.622,0.59,0.628
5/13/2018 22:00,166,0.578,0.573,0.545,0.618,0.589,0.625
5/13/2018 22:30,167,0.579,0.576,0.546,0.62,0.586,0.626
5/13/2018 23:00,168,0.57,0.555,0.533,0.581,0.558,0.626
5/13/2018 23:30,169,0.561,0.546,0.521,0.567,0.566,0.629
5/14/2018 0:00,170,0.562,0.562,0.524,0.58,0.578,0.63
5/14/2018 0:30,171,0.566,0.566,0.531,0.59,0.581,0.631
5/14/2018 1:00,172,0.571,0.569,0.536,0.598,0.583,0.632
5/14/2018 1:30,173,0.573,0.572,0.537,0.603,0.585,0.631
5/14/2018 2:00,174,0.574,0.573,0.539,0.604,0.584,0.631
5/14/2018 2:30,175,0.574,0.574,0.537,0.606,0.586,0.631
5/14/2018 3:00,176,0.568,0.574,0.536,0.606,0.586,0.63
5/14/2018 3:30,177,0.563,0.571,0.531,0.597,0.584,0.626
5/14/2018 4:00,178,0.564,0.569,0.533,0.601,0.585,0.628
5/14/2018 4:30,179,0.568,0.569,0.534,0.604,0.587,0.628
5/14/2018 5:00,180,0.577,0.57,0.536,0.606,0.587,0.631
5/14/2018 5:30,181,0.578,0.569,0.537,0.606,0.586,0.632
5/14/2018 6:00,182,0.578,0.57,0.536,0.606,0.586,0.632
5/14/2018 6:30,183,0.575,0.57,0.537,0.605,0.585,0.633
5/14/2018 7:00,184,0.574,0.567,0.536,0.606,0.582,0.633
5/14/2018 7:30,185,0.572,0.568,0.531,0.6,0.58,0.629
5/14/2018 8:00,186,0.57,0.569,0.532,0.6,0.579,0.627
5/14/2018 8:30,187,0.571,0.568,0.535,0.604,0.579,0.629
5/14/2018 9:00,188,0.575,0.569,0.534,0.604,0.578,0.629
5/14/2018 9:30,189,0.575,0.569,0.532,0.603,0.578,0.628
5/14/2018 10:00,190,0.573,0.569,0.53,0.601,0.577,0.626
5/14/2018 10:30,191,0.574,0.567,0.531,0.598,0.573,0.625
5/14/2018 11:00,192,0.572,0.569,0.531,0.604,0.577,0.622
5/14/2018 11:30,193,0.562,0.566,0.526,0.601,0.575,0.612
5/14/2018 12:00,194,0.56,0.564,0.527,0.601,0.575,0.607
5/14/2018 12:30,195,0.557,0.563,0.53,0.607,0.577,0.609
5/14/2018 13:00,196,0.556,0.561,0.528,0.607,0.577,0.606
5/14/2018 13:30,197,0.546,0.552,0.52,0.605,0.577,0.593
5/14/2018 14:00,198,0.544,0.555,0.517,0.606,0.577,0.589
5/14/2018 14:30,199,0.526,0.546,0.5,0.596,0.573,0.568
5/14/2018 15:00,200,0.512,0.536,0.49,0.594,0.568,0.552
5/14/2018 15:30,201,0.495,0.527,0.477,0.591,0.561,0.537
5/14/2018 16:00,202,0.484,0.518,0.468,0.59,0.556,0.529
5/14/2018 16:30,203,0.479,0.515,0.468,0.59,0.554,0.524
5/14/2018 17:00,204,0.484,0.513,0.468,0.59,0.55,0.524
5/14/2018 17:30,205,0.497,0.512,0.468,0.588,0.545,0.536
5/14/2018 18:00,206,0.504,0.52,0.483,0.599,0.552,0.546
5/14/2018 18:30,207,0.523,0.529,0.497,0.607,0.559,0.567
5/14/2018 19:00,208,0.541,0.541,0.509,0.611,0.567,0.586
5/14/2018 19:30,209,0.556,0.551,0.521,0.616,0.574,0.606
5/14/2018 20:00,210,0.564,0.558,0.52,0.611,0.574,0.616
5/14/2018 20:30,211,0.562,0.546,0.513,0.569,0.551,0.619
5/14/2018 21:00,212,0.559,0.542,0.51,0.555,0.552,0.625
5/14/2018 21:30,213,0.558,0.555,0.52,0.574,0.569,0.625
5/14/2018 22:00,214,0.555,0.554,0.521,0.538,0.559,0.626
5/14/2018 22:30,215,0.55,0.551,0.523,0.548,0.564,0.624
5/14/2018 23:00,216,0.549,0.551,0.525,0.568,0.566,0.618
5/14/2018 23:30,217,0.555,0.56,0.526,0.581,0.571,0.622
5/20/2018 0:00,458,0.555,0.561,0.529,0.582,0.574,0.627
5/20/2018 0:30,459,0.556,0.562,0.53,0.582,0.574,0.627
5/20/2018 1:00,460,0.555,0.561,0.528,0.581,0.574,0.625
5/20/2018 1:30,461,0.554,0.561,0.528,0.581,0.573,0.625
5/20/2018 2:00,462,0.553,0.561,0.526,0.58,0.571,0.625
5/20/2018 2:30,463,0.552,0.561,0.525,0.579,0.571,0.624
5/20/2018 3:00,464,0.554,0.561,0.525,0.578,0.571,0.624
5/20/2018 3:30,465,0.553,0.56,0.525,0.578,0.571,0.624
5/20/2018 4:00,466,0.554,0.56,0.524,0.577,0.569,0.623
5/20/2018 4:30,467,0.553,0.56,0.525,0.578,0.57,0.624
5/20/2018 5:00,468,0.553,0.561,0.526,0.576,0.57,0.625
5/20/2018 5:30,469,0.553,0.56,0.526,0.576,0.569,0.625
5/20/2018 6:00,470,0.554,0.561,0.526,0.576,0.57,0.626
5/20/2018 6:30,471,0.554,0.561,0.526,0.576,0.571,0.627
5/20/2018 7:00,472,0.554,0.56,0.525,0.576,0.57,0.627
5/20/2018 7:30,473,0.553,0.56,0.525,0.576,0.57,0.626
5/20/2018 8:00,474,0.552,0.56,0.524,0.574,0.57,0.625
5/20/2018 8:30,475,0.537,0.557,0.518,0.571,0.567,0.611
5/20/2018 9:00,476,0.497,0.548,0.497,0.566,0.565,0.565
5/20/2018 9:30,477,0.454,0.533,0.465,0.558,0.563,0.508
5/20/2018 10:00,478,0.425,0.515,0.445,0.533,0.558,0.475
5/20/2018 10:30,479,0.412,0.501,0.442,0.512,0.545,0.471
5/20/2018 11:00,480,0.385,0.493,0.431,0.51,0.527,0.467
5/20/2018 11:30,481,0.373,0.471,0.41,0.502,0.508,0.45
5/20/2018 12:00,482,0.372,0.445,0.398,0.473,0.498,0.439
5/20/2018 12:30,483,0.372,0.423,0.39,0.459,0.486,0.434
5/20/2018 13:00,484,0.376,0.413,0.387,0.454,0.474,0.433
5/20/2018 13:30,485,0.379,0.411,0.386,0.456,0.467,0.432
5/20/2018 14:00,486,0.386,0.418,0.393,0.474,0.471,0.436
5/20/2018 14:30,487,0.397,0.424,0.397,0.482,0.472,0.446
5/20/2018 15:00,488,0.406,0.432,0.403,0.495,0.482,0.456
5/20/2018 15:30,489,0.414,0.437,0.408,0.506,0.486,0.458
5/20/2018 16:00,490,0.408,0.426,0.403,0.498,0.481,0.45
5/20/2018 16:30,491,0.417,0.427,0.41,0.505,0.483,0.46
5/20/2018 17:00,492,0.434,0.439,0.418,0.518,0.491,0.475
5/20/2018 17:30,493,0.433,0.439,0.417,0.521,0.493,0.471
5/20/2018 18:00,494,0.455,0.458,0.432,0.542,0.508,0.5
5/20/2018 18:30,495,0.475,0.473,0.448,0.564,0.523,0.518
5/20/2018 19:00,496,0.493,0.49,0.462,0.579,0.538,0.543
5/20/2018 19:30,497,0.51,0.511,0.477,0.591,0.552,0.565
5/20/2018 20:00,498,0.527,0.527,0.492,0.602,0.564,0.591
5/20/2018 20:30,499,0.541,0.537,0.503,0.609,0.57,0.607
5/20/2018 21:00,500,0.548,0.545,0.51,0.612,0.576,0.617
5/20/2018 21:30,501,0.554,0.552,0.516,0.615,0.579,0.623
5/20/2018 22:00,502,0.559,0.556,0.519,0.617,0.583,0.627
5/20/2018 22:30,503,0.563,0.558,0.522,0.619,0.583,0.629
5/20/2018 23:00,504,0.567,0.561,0.527,0.623,0.587,0.635
5/20/2018 23:30,505,0.572,0.565,0.53,0.626,0.587,0.638
5/21/2018 0:00,506,0.574,0.568,0.531,0.627,0.59,0.639
5/21/2018 0:30,507,0.576,0.57,0.534,0.628,0.592,0.641
5/21/2018 1:00,508,0.578,0.574,0.534,0.629,0.592,0.642
5/21/2018 1:30,509,0.581,0.573,0.537,0.63,0.593,0.643
5/21/2018 2:00,510,0.579,0.576,0.539,0.631,0.595,0.643
5/21/2018 2:30,511,0.575,0.575,0.538,0.63,0.592,0.639
5/21/2018 3:00,512,0.566,0.574,0.525,0.613,0.586,0.629
5/21/2018 3:30,513,0.557,0.571,0.524,0.605,0.583,0.62
5/21/2018 4:00,514,0.554,0.571,0.525,0.605,0.585,0.616
5/21/2018 4:30,515,0.552,0.571,0.528,0.605,0.586,0.619
5/21/2018 5:00,516,0.554,0.576,0.529,0.608,0.591,0.621
5/21/2018 5:30,517,0.559,0.58,0.535,0.617,0.596,0.627
5/21/2018 6:00,518,0.562,0.581,0.535,0.614,0.594,0.632
5/21/2018 6:30,519,0.56,0.58,0.534,0.61,0.59,0.629
5/21/2018 7:00,520,0.557,0.573,0.53,0.607,0.587,0.621
5/21/2018 7:30,521,0.538,0.55,0.516,0.597,0.584,0.594
5/21/2018 8:00,522,0.518,0.528,0.499,0.586,0.576,0.559
5/21/2018 8:30,523,0.502,0.515,0.487,0.578,0.567,0.535
5/21/2018 9:00,524,0.478,0.5,0.472,0.57,0.556,0.507
5/21/2018 9:30,525,0.453,0.488,0.456,0.562,0.544,0.483
5/21/2018 10:00,526,0.43,0.476,0.444,0.542,0.528,0.465
5/21/2018 10:30,527,0.41,0.465,0.434,0.52,0.512,0.457
5/21/2018 11:00,528,0.4,0.457,0.426,0.515,0.502,0.457
5/21/2018 11:30,529,0.396,0.452,0.423,0.513,0.492,0.462
5/21/2018 12:00,530,0.395,0.448,0.421,0.503,0.487,0.459
5/21/2018 12:30,531,0.396,0.443,0.42,0.506,0.48,0.454
5/21/2018 13:00,532,0.396,0.44,0.421,0.507,0.474,0.452
5/21/2018 13:30,533,0.397,0.44,0.427,0.516,0.475,0.448
5/21/2018 14:00,534,0.403,0.442,0.432,0.526,0.474,0.449
5/21/2018 14:30,535,0.404,0.443,0.431,0.525,0.479,0.45
5/21/2018 15:00,536,0.415,0.449,0.435,0.532,0.481,0.461
5/21/2018 15:30,537,0.425,0.451,0.439,0.535,0.483,0.459
5/21/2018 16:00,538,0.438,0.449,0.443,0.539,0.485,0.466
5/21/2018 16:30,539,0.455,0.457,0.452,0.548,0.493,0.485
5/21/2018 17:00,540,0.468,0.474,0.46,0.564,0.506,0.503
5/21/2018 17:30,541,0.483,0.487,0.467,0.578,0.52,0.517
5/21/2018 18:00,542,0.497,0.501,0.481,0.592,0.535,0.538
5/21/2018 18:30,543,0.516,0.517,0.493,0.605,0.551,0.561
5/21/2018 19:00,544,0.532,0.534,0.505,0.614,0.566,0.581
5/21/2018 19:30,545,0.544,0.549,0.516,0.62,0.578,0.597
5/21/2018 20:00,546,0.549,0.562,0.528,0.627,0.586,0.612
5/21/2018 20:30,547,0.557,0.574,0.537,0.632,0.594,0.626
5/21/2018 21:00,548,0.564,0.581,0.543,0.635,0.599,0.634
5/21/2018 21:30,549,0.568,0.587,0.548,0.638,0.604,0.639
5/21/2018 22:00,550,0.571,0.59,0.55,0.639,0.607,0.642
5/21/2018 22:30,551,0.573,0.593,0.552,0.64,0.608,0.644
5/21/2018 23:00,552,0.576,0.595,0.553,0.642,0.61,0.646
5/21/2018 23:30,553,0.579,0.596,0.555,0.642,0.61,0.647
5/22/2018 0:00,554,0.583,0.596,0.556,0.643,0.61,0.649
5/22/2018 0:30,555,0.585,0.597,0.557,0.643,0.611,0.653
5/22/2018 1:00,556,0.587,0.6,0.557,0.642,0.612,0.654
5/22/2018 1:30,557,0.588,0.601,0.557,0.642,0.612,0.655
5/22/2018 2:00,558,0.589,0.602,0.559,0.643,0.613,0.654
5/22/2018 2:30,559,0.59,0.602,0.561,0.643,0.614,0.653
5/22/2018 3:00,560,0.59,0.602,0.56,0.643,0.615,0.653
5/22/2018 3:30,561,0.589,0.602,0.56,0.643,0.615,0.653
5/22/2018 4:00,562,0.59,0.601,0.56,0.643,0.614,0.652
5/22/2018 4:30,563,0.589,0.602,0.561,0.642,0.616,0.652
5/22/2018 5:00,564,0.589,0.603,0.56,0.641,0.616,0.65
5/22/2018 5:30,565,0.589,0.602,0.56,0.64,0.615,0.651
5/22/2018 6:00,566,0.59,0.601,0.559,0.64,0.613,0.651
5/22/2018 6:30,567,0.592,0.601,0.559,0.639,0.614,0.651
5/22/2018 7:00,568,0.593,0.6,0.561,0.64,0.616,0.65
5/22/2018 7:30,569,0.592,0.599,0.562,0.64,0.617,0.649
5/22/2018 8:00,570,0.592,0.599,0.563,0.64,0.617,0.647
5/22/2018 8:30,571,0.591,0.597,0.562,0.639,0.616,0.645
5/22/2018 9:00,572,0.585,0.592,0.56,0.636,0.615,0.637
5/22/2018 9:30,573,0.57,0.578,0.554,0.633,0.611,0.616
5/22/2018 10:00,574,0.54,0.558,0.539,0.624,0.602,0.574
5/22/2018 10:30,575,0.538,0.556,0.537,0.623,0.598,0.581
5/22/2018 11:00,576,0.558,0.574,0.552,0.631,0.607,0.613
5/22/2018 11:30,577,0.564,0.578,0.555,0.633,0.608,0.618
5/22/2018 12:00,578,0.568,0.583,0.556,0.633,0.611,0.624
5/22/2018 12:30,579,0.574,0.588,0.559,0.634,0.611,0.631
5/22/2018 13:00,580,0.579,0.59,0.562,0.634,0.611,0.635
5/22/2018 13:30,581,0.58,0.591,0.563,0.634,0.611,0.634
5/22/2018 14:00,582,0.565,0.587,0.559,0.631,0.609,0.62
5/22/2018 14:30,583,0.536,0.58,0.55,0.624,0.605,0.592
5/22/2018 15:00,584,0.516,0.57,0.54,0.618,0.602,0.574
5/22/2018 15:30,585,0.488,0.554,0.523,0.606,0.592,0.547
5/22/2018 16:00,586,0.465,0.535,0.506,0.594,0.574,0.523
5/22/2018 16:30,587,0.458,0.52,0.496,0.588,0.561,0.517
5/22/2018 17:00,588,0.46,0.518,0.492,0.593,0.558,0.518
5/22/2018 17:30,589,0.489,0.532,0.503,0.601,0.566,0.541
5/22/2018 18:00,590,0.528,0.557,0.524,0.618,0.58,0.589
5/22/2018 18:30,591,0.555,0.575,0.541,0.627,0.589,0.618
5/22/2018 19:00,592,0.572,0.587,0.553,0.634,0.574,0.633
5/22/2018 19:30,593,0.582,0.592,0.558,0.636,0.576,0.639
5/22/2018 20:00,594,0.586,0.588,0.56,0.613,0.58,0.641
5/22/2018 20:30,595,0.589,0.569,0.563,0.6,0.577,0.643
5/22/2018 21:00,596,0.591,0.561,0.563,0.598,0.572,0.644
5/22/2018 21:30,597,0.593,0.559,0.564,0.601,0.573,0.645
5/22/2018 22:00,598,0.593,0.559,0.564,0.606,0.575,0.646
5/22/2018 22:30,599,0.594,0.559,0.564,0.61,0.578,0.646
5/22/2018 23:00,600,0.595,0.56,0.563,0.614,0.581,0.647
5/22/2018 23:30,601,0.595,0.559,0.564,0.618,0.581,0.646
5/23/2018 0:00,602,0.596,0.559,0.565,0.62,0.584,0.646
5/23/2018 0:30,603,0.596,0.56,0.563,0.623,0.584,0.647
5/23/2018 1:00,604,0.596,0.56,0.563,0.625,0.584,0.647
5/23/2018 1:30,605,0.594,0.56,0.562,0.626,0.582,0.647
5/23/2018 2:00,606,0.593,0.559,0.562,0.626,0.581,0.645
5/23/2018 2:30,607,0.592,0.559,0.562,0.628,0.581,0.643
5/23/2018 3:00,608,0.594,0.561,0.561,0.629,0.582,0.644
5/23/2018 3:30,609,0.593,0.563,0.559,0.629,0.582,0.643
5/23/2018 4:00,610,0.594,0.562,0.562,0.631,0.583,0.644
5/23/2018 4:30,611,0.593,0.561,0.563,0.632,0.584,0.645
5/23/2018 5:00,612,0.593,0.562,0.561,0.631,0.585,0.644
5/23/2018 5:30,613,0.594,0.564,0.562,0.631,0.587,0.645
5/23/2018 6:00,614,0.594,0.566,0.562,0.633,0.589,0.645
5/23/2018 6:30,615,0.595,0.567,0.563,0.632,0.587,0.644
5/23/2018 7:00,616,0.595,0.569,0.565,0.633,0.59,0.645
5/23/2018 7:30,617,0.596,0.572,0.563,0.631,0.592,0.643
5/23/2018 8:00,618,0.592,0.573,0.557,0.626,0.59,0.636
5/23/2018 8:30,619,0.563,0.568,0.544,0.615,0.588,0.623
5/23/2018 9:00,620,0.493,0.554,0.51,0.605,0.586,0.568
5/23/2018 9:30,621,0.431,0.534,0.475,0.584,0.582,0.506
5/23/2018 10:00,622,0.393,0.505,0.453,0.533,0.565,0.466
5/23/2018 10:30,623,0.384,0.472,0.427,0.495,0.524,0.434
5/23/2018 11:00,624,0.384,0.445,0.413,0.484,0.497,0.437
5/23/2018 11:30,625,0.386,0.435,0.409,0.483,0.487,0.442
5/23/2018 12:00,626,0.386,0.428,0.405,0.477,0.473,0.438
5/23/2018 12:30,627,0.392,0.431,0.409,0.487,0.471,0.442
5/23/2018 13:00,628,0.399,0.436,0.413,0.498,0.474,0.45
5/23/2018 13:30,629,0.396,0.433,0.408,0.491,0.47,0.443
5/23/2018 14:00,630,0.392,0.427,0.409,0.489,0.462,0.436
5/23/2018 14:30,631,0.393,0.423,0.409,0.49,0.46,0.434
5/23/2018 15:00,632,0.397,0.425,0.411,0.497,0.461,0.439
5/23/2018 15:30,633,0.399,0.425,0.411,0.497,0.459,0.436
5/23/2018 16:00,634,0.41,0.425,0.417,0.505,0.463,0.443
5/23/2018 16:30,635,0.427,0.437,0.425,0.513,0.47,0.463
5/23/2018 17:00,636,0.439,0.451,0.435,0.529,0.484,0.471
5/23/2018 17:30,637,0.452,0.461,0.444,0.544,0.489,0.481
5/23/2018 18:00,638,0.465,0.472,0.46,0.559,0.498,0.502
5/23/2018 18:30,639,0.489,0.49,0.477,0.576,0.518,0.525
5/23/2018 19:00,640,0.509,0.51,0.496,0.593,0.538,0.551
5/23/2018 19:30,641,0.527,0.528,0.511,0.608,0.557,0.577
5/23/2018 20:00,642,0.54,0.545,0.523,0.618,0.572,0.595
5/23/2018 20:30,643,0.55,0.56,0.534,0.626,0.584,0.61
5/23/2018 21:00,644,0.557,0.569,0.542,0.631,0.591,0.62
5/23/2018 21:30,645,0.565,0.574,0.545,0.635,0.594,0.629
5/23/2018 22:00,646,0.569,0.577,0.547,0.637,0.596,0.634
5/23/2018 22:30,647,0.571,0.58,0.551,0.64,0.6,0.636
5/23/2018 23:00,648,0.574,0.583,0.551,0.64,0.6,0.638
5/23/2018 23:30,649,0.576,0.586,0.552,0.641,0.603,0.641
5/24/2018 0:00,650,0.58,0.589,0.553,0.641,0.604,0.646
5/24/2018 0:30,651,0.583,0.592,0.555,0.642,0.608,0.647
5/24/2018 1:00,652,0.584,0.593,0.559,0.643,0.612,0.649
5/24/2018 1:30,653,0.585,0.594,0.56,0.644,0.612,0.649
5/24/2018 2:00,654,0.586,0.595,0.556,0.641,0.61,0.647
5/24/2018 2:30,655,0.583,0.594,0.551,0.639,0.607,0.641
5/24/2018 3:00,656,0.582,0.595,0.553,0.638,0.608,0.641
5/24/2018 3:30,657,0.585,0.591,0.554,0.639,0.605,0.641
5/24/2018 4:00,658,0.585,0.591,0.554,0.637,0.603,0.642
5/24/2018 4:30,659,0.585,0.591,0.553,0.635,0.603,0.641
5/24/2018 5:00,660,0.583,0.593,0.553,0.635,0.603,0.638
5/24/2018 5:30,661,0.582,0.594,0.552,0.634,0.603,0.637
5/24/2018 6:00,662,0.583,0.594,0.555,0.636,0.607,0.638
5/24/2018 6:30,663,0.582,0.592,0.555,0.635,0.608,0.636
5/24/2018 7:00,664,0.573,0.578,0.546,0.628,0.609,0.614
5/24/2018 7:30,665,0.536,0.543,0.511,0.6,0.603,0.557
5/24/2018 8:00,666,0.487,0.514,0.476,0.563,0.594,0.51
5/24/2018 8:30,667,0.438,0.49,0.45,0.537,0.577,0.475
5/24/2018 9:00,668,0.402,0.466,0.427,0.515,0.552,0.446
5/24/2018 9:30,669,0.391,0.447,0.412,0.496,0.523,0.426
5/24/2018 10:00,670,0.39,0.436,0.406,0.475,0.495,0.429
5/24/2018 10:30,671,0.387,0.431,0.405,0.463,0.478,0.428
5/24/2018 11:00,672,0.387,0.433,0.405,0.47,0.472,0.431
5/24/2018 11:30,673,0.388,0.438,0.407,0.477,0.471,0.436
5/24/2018 12:00,674,0.387,0.435,0.407,0.469,0.472,0.43
5/24/2018 12:30,675,0.387,0.428,0.405,0.474,0.47,0.427
5/24/2018 13:00,676,0.39,0.425,0.408,0.481,0.467,0.429
5/24/2018 13:30,677,0.392,0.43,0.412,0.491,0.469,0.429
5/24/2018 14:00,678,0.398,0.437,0.419,0.503,0.471,0.433
5/24/2018 14:30,679,0.402,0.44,0.42,0.505,0.475,0.437
5/24/2018 15:00,680,0.406,0.444,0.424,0.51,0.481,0.443
5/24/2018 15:30,681,0.414,0.448,0.427,0.512,0.479,0.444
5/24/2018 16:00,682,0.424,0.444,0.438,0.525,0.487,0.452
5/24/2018 16:30,683,0.436,0.45,0.443,0.53,0.493,0.471
5/24/2018 17:00,684,0.448,0.472,0.452,0.547,0.503,0.487
5/24/2018 17:30,685,0.464,0.487,0.462,0.567,0.515,0.503
5/24/2018 18:00,686,0.476,0.497,0.475,0.583,0.523,0.523
5/24/2018 18:30,687,0.494,0.511,0.489,0.595,0.54,0.54
5/24/2018 19:00,688,0.513,0.529,0.501,0.607,0.557,0.562
5/24/2018 19:30,689,0.526,0.543,0.514,0.615,0.571,0.58
5/24/2018 20:00,690,0.539,0.556,0.524,0.623,0.581,0.596
5/24/2018 20:30,691,0.55,0.569,0.533,0.629,0.59,0.613
5/24/2018 21:00,692,0.558,0.578,0.539,0.634,0.597,0.625
5/24/2018 21:30,693,0.565,0.585,0.543,0.637,0.6,0.633
5/24/2018 22:00,694,0.571,0.59,0.547,0.64,0.604,0.639
5/24/2018 22:30,695,0.575,0.593,0.551,0.641,0.608,0.644
5/24/2018 23:00,696,0.58,0.595,0.552,0.641,0.609,0.646
5/24/2018 23:30,697,0.583,0.601,0.555,0.643,0.611,0.648
5/25/2018 0:00,698,0.583,0.598,0.557,0.645,0.614,0.649
5/25/2018 0:30,699,0.585,0.599,0.559,0.646,0.616,0.651
5/25/2018 1:00,700,0.586,0.6,0.558,0.644,0.614,0.65
5/25/2018 1:30,701,0.588,0.601,0.56,0.643,0.615,0.651
5/25/2018 2:00,702,0.589,0.601,0.561,0.644,0.615,0.654
5/25/2018 2:30,703,0.589,0.6,0.564,0.645,0.617,0.656
5/25/2018 3:00,704,0.591,0.601,0.564,0.645,0.616,0.658
5/25/2018 3:30,705,0.591,0.602,0.566,0.646,0.62,0.657
5/25/2018 4:00,706,0.593,0.601,0.567,0.647,0.62,0.657
5/25/2018 4:30,707,0.594,0.601,0.568,0.646,0.62,0.656
5/25/2018 5:00,708,0.595,0.601,0.568,0.645,0.619,0.654
5/25/2018 5:30,709,0.596,0.601,0.569,0.644,0.619,0.653
5/25/2018 6:00,710,0.596,0.602,0.57,0.645,0.621,0.652
5/25/2018 6:30,711,0.597,0.603,0.571,0.644,0.621,0.651
5/25/2018 7:00,712,0.597,0.599,0.569,0.639,0.62,0.645
5/25/2018 7:30,713,0.584,0.585,0.558,0.628,0.618,0.621
5/25/2018 8:00,714,0.541,0.559,0.527,0.6,0.615,0.563
5/25/2018 8:30,715,0.483,0.531,0.492,0.575,0.607,0.51
5/25/2018 9:00,716,0.437,0.512,0.463,0.562,0.595,0.476
5/25/2018 9:30,717,0.406,0.494,0.436,0.542,0.575,0.447
5/25/2018 10:00,718,0.394,0.476,0.421,0.504,0.548,0.433
5/25/2018 10:30,719,0.39,0.46,0.412,0.472,0.521,0.434
5/25/2018 11:00,720,0.387,0.45,0.408,0.48,0.5,0.435
5/25/2018 11:30,721,0.387,0.442,0.406,0.482,0.483,0.435
5/25/2018 12:00,722,0.388,0.436,0.406,0.469,0.477,0.43
5/25/2018 12:30,723,0.39,0.432,0.406,0.477,0.471,0.428
5/25/2018 13:00,724,0.392,0.427,0.407,0.482,0.467,0.427
5/25/2018 13:30,725,0.394,0.43,0.412,0.492,0.471,0.426
5/25/2018 14:00,726,0.397,0.437,0.418,0.502,0.474,0.429
5/25/2018 14:30,727,0.398,0.437,0.415,0.498,0.473,0.431
5/25/2018 15:00,728,0.403,0.442,0.418,0.504,0.477,0.437
5/25/2018 15:30,729,0.409,0.445,0.424,0.511,0.477,0.439
5/25/2018 16:00,730,0.418,0.442,0.429,0.518,0.48,0.446
5/25/2018 16:30,731,0.429,0.452,0.438,0.529,0.487,0.462
5/25/2018 17:00,732,0.448,0.476,0.455,0.551,0.501,0.483
5/25/2018 17:30,733,0.467,0.495,0.47,0.574,0.515,0.501
5/25/2018 18:00,734,0.482,0.507,0.487,0.591,0.528,0.523
5/25/2018 18:30,735,0.497,0.522,0.501,0.602,0.544,0.544
5/25/2018 19:00,736,0.515,0.539,0.515,0.612,0.559,0.568
5/25/2018 19:30,737,0.529,0.554,0.527,0.62,0.574,0.586
5/25/2018 20:00,738,0.542,0.566,0.537,0.627,0.587,0.601
5/25/2018 20:30,739,0.554,0.577,0.546,0.632,0.596,0.615
5/25/2018 21:00,740,0.561,0.584,0.551,0.635,0.602,0.624
5/25/2018 21:30,741,0.566,0.588,0.554,0.638,0.606,0.63
5/25/2018 22:00,742,0.571,0.592,0.557,0.639,0.61,0.634
5/25/2018 22:30,743,0.574,0.594,0.558,0.64,0.612,0.637
5/25/2018 23:00,744,0.576,0.596,0.559,0.641,0.615,0.639
5/25/2018 23:30,745,0.578,0.597,0.561,0.643,0.616,0.642
5/26/2018 0:00,746,0.58,0.598,0.563,0.643,0.617,0.644
5/26/2018 0:30,747,0.581,0.599,0.563,0.644,0.618,0.645
5/26/2018 1:00,748,0.582,0.6,0.563,0.644,0.619,0.646
5/26/2018 1:30,749,0.581,0.601,0.563,0.644,0.618,0.647
5/26/2018 2:00,750,0.58,0.602,0.562,0.644,0.618,0.646
5/26/2018 2:30,751,0.579,0.602,0.563,0.643,0.618,0.645
5/26/2018 3:00,752,0.578,0.602,0.564,0.643,0.618,0.644
5/26/2018 3:30,753,0.578,0.601,0.564,0.643,0.617,0.643
5/26/2018 4:00,754,0.576,0.601,0.563,0.642,0.618,0.642
5/26/2018 4:30,755,0.575,0.601,0.563,0.641,0.617,0.641
5/26/2018 5:00,756,0.576,0.6,0.565,0.641,0.618,0.641
5/26/2018 5:30,757,0.577,0.599,0.565,0.642,0.618,0.641
5/26/2018 6:00,758,0.579,0.599,0.565,0.642,0.618,0.641
5/26/2018 6:30,759,0.579,0.598,0.565,0.641,0.618,0.639
5/26/2018 7:00,760,0.573,0.587,0.557,0.635,0.617,0.622
5/26/2018 7:30,761,0.549,0.567,0.537,0.617,0.615,0.576
5/26/2018 8:00,762,0.522,0.55,0.519,0.607,0.609,0.54
5/26/2018 8:30,763,0.482,0.531,0.491,0.585,0.598,0.503
5/26/2018 9:00,764,0.442,0.509,0.459,0.56,0.579,0.469
5/26/2018 9:30,765,0.402,0.49,0.426,0.529,0.558,0.438
5/26/2018 10:00,766,0.389,0.473,0.413,0.488,0.533,0.423
5/26/2018 10:30,767,0.386,0.461,0.405,0.462,0.509,0.42
5/26/2018 11:00,768,0.386,0.452,0.402,0.471,0.493,0.421
5/26/2018 11:30,769,0.389,0.447,0.402,0.478,0.484,0.424
5/26/2018 12:00,770,0.39,0.441,0.402,0.465,0.479,0.417
5/26/2018 12:30,771,0.391,0.435,0.4,0.471,0.475,0.413
5/26/2018 13:00,772,0.391,0.429,0.401,0.474,0.469,0.411
5/26/2018 13:30,773,0.392,0.431,0.404,0.482,0.473,0.41
5/26/2018 14:00,774,0.394,0.435,0.405,0.486,0.473,0.413
5/26/2018 14:30,775,0.397,0.437,0.406,0.486,0.473,0.418
5/26/2018 15:00,776,0.4,0.439,0.407,0.49,0.476,0.422
5/26/2018 15:30,777,0.402,0.441,0.411,0.492,0.476,0.423
5/26/2018 16:00,778,0.42,0.462,0.427,0.521,0.49,0.445
5/26/2018 16:30,779,0.447,0.49,0.458,0.559,0.513,0.476
5/26/2018 17:00,780,0.468,0.505,0.476,0.58,0.529,0.491
5/26/2018 17:30,781,0.484,0.517,0.488,0.59,0.539,0.505
5/26/2018 18:00,782,0.51,0.538,0.511,0.609,0.559,0.531
5/26/2018 18:30,783,0.538,0.559,0.532,0.623,0.581,0.57
5/26/2018 19:00,784,0.555,0.574,0.546,0.631,0.595,0.594
5/26/2018 19:30,785,0.564,0.582,0.551,0.635,0.602,0.605
5/26/2018 20:00,786,0.567,0.587,0.553,0.637,0.604,0.611
5/26/2018 20:30,787,0.573,0.592,0.552,0.638,0.608,0.619
5/26/2018 21:00,788,0.58,0.595,0.556,0.639,0.61,0.627
5/26/2018 21:30,789,0.585,0.596,0.56,0.642,0.612,0.631
5/26/2018 22:00,790,0.589,0.598,0.563,0.643,0.615,0.633
5/26/2018 22:30,791,0.591,0.6,0.564,0.643,0.618,0.635
5/26/2018 23:00,792,0.592,0.599,0.565,0.644,0.617,0.636
5/26/2018 23:30,793,0.593,0.6,0.566,0.644,0.618,0.637
5/27/2018 0:00,794,0.594,0.602,0.566,0.644,0.62,0.637
5/27/2018 0:30,795,0.595,0.602,0.565,0.644,0.62,0.637
5/27/2018 1:00,796,0.594,0.603,0.563,0.644,0.62,0.638
5/27/2018 1:30,797,0.595,0.602,0.563,0.644,0.619,0.637
5/27/2018 2:00,798,0.594,0.603,0.564,0.643,0.62,0.637
5/27/2018 2:30,799,0.594,0.603,0.563,0.642,0.62,0.637
5/27/2018 3:00,800,0.594,0.603,0.565,0.643,0.621,0.636
5/27/2018 3:30,801,0.594,0.603,0.565,0.643,0.62,0.637
5/27/2018 4:00,802,0.594,0.603,0.565,0.642,0.621,0.637
5/27/2018 4:30,803,0.594,0.603,0.564,0.642,0.621,0.637
5/27/2018 5:00,804,0.595,0.603,0.564,0.641,0.619,0.636
5/27/2018 5:30,805,0.595,0.603,0.566,0.641,0.621,0.636
5/27/2018 6:00,806,0.595,0.602,0.567,0.641,0.62,0.636
5/27/2018 6:30,807,0.595,0.603,0.567,0.641,0.62,0.635
5/27/2018 7:00,808,0.595,0.602,0.567,0.641,0.62,0.634
5/27/2018 7:30,809,0.594,0.601,0.567,0.64,0.619,0.632
5/27/2018 8:00,810,0.592,0.6,0.566,0.639,0.618,0.628
5/27/2018 8:30,811,0.587,0.597,0.565,0.637,0.617,0.619
5/27/2018 9:00,812,0.577,0.589,0.56,0.633,0.614,0.598
5/27/2018 9:30,813,0.53,0.568,0.525,0.612,0.606,0.536
5/27/2018 10:00,814,0.521,0.561,0.527,0.614,0.597,0.537
5/27/2018 10:30,815,0.497,0.548,0.517,0.607,0.587,0.513
5/27/2018 11:00,816,0.47,0.532,0.492,0.589,0.571,0.491
5/27/2018 11:30,817,0.431,0.513,0.461,0.56,0.55,0.464
5/27/2018 12:00,818,0.406,0.492,0.435,0.529,0.521,0.447
5/27/2018 12:30,819,0.408,0.487,0.429,0.531,0.515,0.451
5/27/2018 13:00,820,0.395,0.474,0.424,0.523,0.497,0.436
5/27/2018 13:30,821,0.386,0.459,0.416,0.509,0.489,0.423
5/27/2018 14:00,822,0.389,0.457,0.412,0.5,0.489,0.427
5/27/2018 14:30,823,0.399,0.466,0.416,0.509,0.491,0.439
5/27/2018 15:00,824,0.401,0.468,0.419,0.512,0.494,0.442
5/27/2018 15:30,825,0.425,0.488,0.438,0.538,0.512,0.467
5/27/2018 16:00,826,0.439,0.499,0.455,0.554,0.524,0.479
5/27/2018 16:30,827,0.445,0.507,0.464,0.565,0.531,0.484
5/27/2018 17:00,828,0.467,0.52,0.48,0.579,0.537,0.503
5/27/2018 17:30,829,0.493,0.53,0.493,0.585,0.541,0.518
5/27/2018 18:00,830,0.512,0.545,0.508,0.593,0.554,0.553
5/27/2018 18:30,831,0.534,0.563,0.525,0.604,0.576,0.581
5/27/2018 19:00,832,0.547,0.569,0.53,0.603,0.582,0.592
5/27/2018 19:30,833,0.555,0.578,0.535,0.605,0.588,0.602
5/27/2018 20:00,834,0.571,0.587,0.548,0.622,0.602,0.616
5/27/2018 20:30,835,0.571,0.592,0.554,0.628,0.607,0.621
5/27/2018 21:00,836,0.569,0.591,0.555,0.624,0.61,0.621
5/27/2018 21:30,837,0.564,0.59,0.545,0.608,0.605,0.618
5/27/2018 22:00,838,0.562,0.59,0.545,0.601,0.608,0.618
5/27/2018 22:30,839,0.556,0.588,0.543,0.595,0.607,0.618
5/27/2018 23:00,840,0.557,0.588,0.545,0.599,0.61,0.619
5/27/2018 23:30,841,0.557,0.588,0.542,0.598,0.608,0.62
5/28/2018 0:00,842,0.56,0.589,0.547,0.603,0.612,0.622
5/28/2018 0:30,843,0.56,0.59,0.545,0.603,0.612,0.622
5/28/2018 1:00,844,0.562,0.591,0.549,0.607,0.614,0.623
5/28/2018 1:30,845,0.565,0.592,0.552,0.612,0.616,0.625
5/28/2018 2:00,846,0.567,0.594,0.552,0.614,0.615,0.626
5/28/2018 2:30,847,0.568,0.594,0.552,0.611,0.615,0.626
5/28/2018 3:00,848,0.569,0.595,0.555,0.618,0.619,0.627
5/28/2018 3:30,849,0.567,0.595,0.551,0.613,0.616,0.626
5/28/2018 4:00,850,0.566,0.594,0.548,0.607,0.614,0.621
5/28/2018 4:30,851,0.564,0.594,0.542,0.601,0.61,0.618
5/28/2018 5:00,852,0.563,0.594,0.546,0.604,0.611,0.618
5/28/2018 5:30,853,0.562,0.594,0.548,0.607,0.611,0.619
5/28/2018 6:00,854,0.564,0.593,0.549,0.606,0.611,0.62
5/28/2018 6:30,855,0.569,0.595,0.554,0.615,0.615,0.624
5/28/2018 7:00,856,0.568,0.595,0.548,0.606,0.612,0.62
5/28/2018 7:30,857,0.567,0.594,0.548,0.604,0.61,0.619
5/28/2018 8:00,858,0.568,0.595,0.548,0.605,0.611,0.619
5/28/2018 8:30,859,0.567,0.595,0.55,0.609,0.614,0.618
5/28/2018 9:00,860,0.567,0.595,0.548,0.604,0.611,0.617
5/28/2018 9:30,861,0.569,0.595,0.553,0.609,0.612,0.618
5/28/2018 10:00,862,0.567,0.593,0.553,0.609,0.61,0.618
5/28/2018 10:30,863,0.565,0.593,0.547,0.602,0.608,0.614
5/28/2018 11:00,864,0.567,0.593,0.549,0.603,0.609,0.614
5/28/2018 11:30,865,0.567,0.593,0.551,0.605,0.61,0.614
5/28/2018 12:00,866,0.569,0.593,0.552,0.608,0.61,0.615
5/28/2018 12:30,867,0.571,0.593,0.559,0.619,0.613,0.618
5/28/2018 13:00,868,0.571,0.594,0.555,0.615,0.61,0.615
5/28/2018 13:30,869,0.567,0.592,0.549,0.605,0.605,0.609
5/28/2018 14:00,870,0.563,0.59,0.548,0.603,0.604,0.602
5/28/2018 14:30,871,0.566,0.59,0.558,0.615,0.608,0.605
5/28/2018 15:00,872,0.567,0.591,0.56,0.622,0.609,0.607
5/28/2018 15:30,873,0.561,0.589,0.557,0.618,0.605,0.598
5/28/2018 16:00,874,0.555,0.586,0.554,0.616,0.603,0.59
5/28/2018 16:30,875,0.548,0.583,0.555,0.619,0.601,0.582
5/28/2018 17:00,876,0.546,0.582,0.554,0.621,0.599,0.584
5/28/2018 17:30,877,0.553,0.586,0.559,0.623,0.602,0.594
5/28/2018 18:00,878,0.564,0.59,0.564,0.631,0.606,0.606
5/28/2018 18:30,879,0.57,0.592,0.565,0.632,0.607,0.613
5/28/2018 19:00,880,0.579,0.596,0.568,0.635,0.61,0.62
5/28/2018 19:30,881,0.584,0.597,0.569,0.635,0.611,0.625
5/28/2018 20:00,882,0.587,0.598,0.569,0.636,0.612,0.628
5/28/2018 20:30,883,0.59,0.598,0.57,0.637,0.612,0.629
5/28/2018 21:00,884,0.592,0.598,0.57,0.636,0.611,0.632
5/28/2018 21:30,885,0.593,0.6,0.57,0.637,0.614,0.632
5/28/2018 22:00,886,0.594,0.599,0.569,0.636,0.613,0.633
5/28/2018 22:30,887,0.594,0.599,0.569,0.636,0.613,0.632
5/28/2018 23:00,888,0.595,0.598,0.57,0.636,0.611,0.632
5/28/2018 23:30,889,0.595,0.599,0.569,0.636,0.613,0.632
5/29/2018 0:00,890,0.595,0.599,0.568,0.635,0.614,0.632
5/29/2018 0:30,891,0.594,0.599,0.568,0.635,0.614,0.632
5/29/2018 1:00,892,0.595,0.598,0.569,0.636,0.614,0.633
5/29/2018 1:30,893,0.595,0.598,0.569,0.636,0.613,0.633
5/29/2018 2:00,894,0.594,0.598,0.568,0.635,0.613,0.632
5/29/2018 2:30,895,0.593,0.598,0.565,0.634,0.613,0.63
5/29/2018 3:00,896,0.594,0.597,0.567,0.635,0.612,0.631
5/29/2018 3:30,897,0.594,0.597,0.568,0.635,0.611,0.631
5/29/2018 4:00,898,0.594,0.596,0.567,0.635,0.611,0.63
5/29/2018 4:30,899,0.593,0.596,0.567,0.634,0.611,0.63
5/29/2018 5:00,900,0.593,0.597,0.568,0.634,0.611,0.631
5/29/2018 5:30,901,0.592,0.595,0.568,0.634,0.61,0.629
5/29/2018 6:00,902,0.593,0.596,0.567,0.633,0.61,0.629
5/29/2018 6:30,903,0.593,0.596,0.565,0.634,0.61,0.629
5/29/2018 7:00,904,0.593,0.595,0.566,0.634,0.609,0.628
5/29/2018 7:30,905,0.593,0.596,0.567,0.634,0.61,0.629
5/29/2018 8:00,906,0.593,0.596,0.568,0.634,0.611,0.629
5/29/2018 8:30,907,0.591,0.597,0.566,0.633,0.61,0.627
5/29/2018 9:00,908,0.589,0.597,0.567,0.633,0.61,0.627
5/29/2018 9:30,909,0.586,0.595,0.566,0.632,0.61,0.623
5/29/2018 10:00,910,0.577,0.592,0.566,0.631,0.609,0.614
5/29/2018 10:30,911,0.562,0.586,0.561,0.626,0.604,0.595
5/29/2018 11:00,912,0.551,0.582,0.556,0.624,0.602,0.581
5/29/2018 11:30,913,0.54,0.577,0.548,0.615,0.595,0.57
5/29/2018 12:00,914,0.523,0.57,0.541,0.605,0.588,0.553
5/29/2018 12:30,915,0.521,0.568,0.541,0.604,0.592,0.557
5/29/2018 13:00,916,0.526,0.572,0.55,0.616,0.597,0.567
5/29/2018 13:30,917,0.511,0.566,0.543,0.612,0.596,0.548
5/29/2018 14:00,918,0.496,0.555,0.53,0.601,0.586,0.529
5/29/2018 14:30,919,0.489,0.552,0.527,0.604,0.582,0.526
5/29/2018 15:00,920,0.465,0.536,0.503,0.581,0.563,0.499
5/29/2018 15:30,921,0.451,0.52,0.486,0.564,0.54,0.487
5/29/2018 16:00,922,0.443,0.512,0.48,0.56,0.537,0.483
5/29/2018 16:30,923,0.443,0.507,0.472,0.553,0.533,0.483
5/29/2018 17:00,924,0.452,0.51,0.476,0.558,0.532,0.495
5/29/2018 17:30,925,0.473,0.522,0.495,0.581,0.544,0.518
5/29/2018 18:00,926,0.485,0.524,0.504,0.586,0.551,0.523
5/29/2018 18:30,927,0.499,0.531,0.515,0.596,0.556,0.535
5/29/2018 19:00,928,0.525,0.545,0.53,0.609,0.57,0.56
5/29/2018 19:30,929,0.549,0.561,0.544,0.623,0.583,0.589
5/29/2018 20:00,930,0.564,0.574,0.556,0.631,0.595,0.608
5/29/2018 20:30,931,0.573,0.583,0.559,0.634,0.602,0.618
5/29/2018 21:00,932,0.578,0.589,0.562,0.636,0.606,0.624
5/29/2018 21:30,933,0.583,0.592,0.565,0.637,0.609,0.63
5/29/2018 22:00,934,0.586,0.595,0.566,0.638,0.611,0.633
5/29/2018 22:30,935,0.588,0.596,0.566,0.638,0.612,0.634
5/29/2018 23:00,936,0.59,0.598,0.566,0.639,0.613,0.636
5/29/2018 23:30,937,0.59,0.598,0.567,0.639,0.614,0.638
5/30/2018 0:00,938,0.591,0.599,0.568,0.639,0.614,0.638
5/30/2018 0:30,939,0.592,0.6,0.568,0.64,0.615,0.638
5/30/2018 1:00,940,0.593,0.599,0.568,0.641,0.614,0.64
5/30/2018 1:30,941,0.593,0.6,0.568,0.641,0.614,0.64
5/30/2018 2:00,942,0.594,0.599,0.568,0.642,0.615,0.641
5/30/2018 2:30,943,0.594,0.599,0.568,0.641,0.614,0.642
5/30/2018 3:00,944,0.595,0.6,0.568,0.641,0.615,0.642
5/30/2018 3:30,945,0.595,0.599,0.568,0.641,0.615,0.642
5/30/2018 4:00,946,0.595,0.6,0.568,0.641,0.615,0.642
5/30/2018 4:30,947,0.596,0.6,0.568,0.642,0.615,0.642
5/30/2018 5:00,948,0.596,0.601,0.568,0.64,0.615,0.64
5/30/2018 5:30,949,0.596,0.6,0.569,0.641,0.615,0.64
5/30/2018 6:00,950,0.596,0.6,0.57,0.641,0.616,0.64
5/30/2018 6:30,951,0.596,0.6,0.57,0.64,0.614,0.639
5/30/2018 7:00,952,0.595,0.6,0.569,0.638,0.614,0.637
5/30/2018 7:30,953,0.596,0.6,0.569,0.638,0.615,0.636
5/30/2018 8:00,954,0.594,0.599,0.57,0.636,0.614,0.634
5/30/2018 8:30,955,0.578,0.594,0.567,0.631,0.614,0.62
5/30/2018 9:00,956,0.565,0.586,0.562,0.623,0.61,0.592
5/30/2018 9:30,957,0.546,0.575,0.552,0.61,0.604,0.563
5/30/2018 10:00,958,0.533,0.569,0.547,0.612,0.598,0.546
5/30/2018 10:30,959,0.496,0.551,0.519,0.585,0.584,0.507
5/30/2018 11:00,960,0.445,0.533,0.479,0.551,0.562,0.476
5/30/2018 11:30,961,0.419,0.518,0.461,0.546,0.547,0.465
5/30/2018 12:00,962,0.402,0.503,0.44,0.518,0.532,0.452
5/30/2018 12:30,963,0.393,0.486,0.424,0.507,0.512,0.44
5/30/2018 13:00,964,0.391,0.476,0.419,0.506,0.497,0.438
5/30/2018 13:30,965,0.392,0.471,0.419,0.512,0.492,0.44
5/30/2018 14:00,966,0.398,0.472,0.42,0.514,0.493,0.445
5/30/2018 14:30,967,0.405,0.476,0.422,0.517,0.498,0.453
5/30/2018 15:00,968,0.405,0.477,0.425,0.519,0.501,0.453
5/30/2018 15:30,969,0.41,0.481,0.429,0.525,0.505,0.457
5/30/2018 16:00,970,0.415,0.484,0.433,0.529,0.507,0.461
5/30/2018 16:30,971,0.451,0.505,0.461,0.559,0.527,0.494
5/30/2018 17:00,972,0.457,0.507,0.468,0.565,0.533,0.496
5/30/2018 17:30,973,0.465,0.511,0.479,0.573,0.536,0.498
5/30/2018 18:00,974,0.483,0.519,0.494,0.584,0.542,0.514
5/30/2018 18:30,975,0.504,0.533,0.513,0.598,0.555,0.538
5/30/2018 19:00,976,0.525,0.55,0.532,0.613,0.57,0.565
5/30/2018 19:30,977,0.536,0.562,0.543,0.618,0.584,0.587
5/30/2018 20:00,978,0.546,0.572,0.552,0.624,0.595,0.602
5/30/2018 20:30,979,0.55,0.577,0.554,0.622,0.601,0.611
5/30/2018 21:00,980,0.555,0.582,0.558,0.626,0.605,0.618
5/30/2018 21:30,981,0.558,0.584,0.56,0.629,0.607,0.625
5/30/2018 22:00,982,0.561,0.586,0.562,0.632,0.61,0.629
5/30/2018 22:30,983,0.558,0.585,0.56,0.626,0.611,0.628
5/30/2018 23:00,984,0.561,0.587,0.562,0.629,0.612,0.63
5/30/2018 23:30,985,0.562,0.588,0.562,0.631,0.614,0.632
5/31/2018 0:00,986,0.565,0.59,0.564,0.633,0.615,0.633
5/31/2018 0:30,987,0.566,0.591,0.564,0.634,0.615,0.633
5/31/2018 1:00,988,0.563,0.59,0.56,0.627,0.614,0.629
5/31/2018 1:30,989,0.566,0.592,0.559,0.624,0.615,0.629
5/31/2018 2:00,990,0.561,0.591,0.555,0.616,0.612,0.625
5/31/2018 2:30,991,0.564,0.592,0.558,0.618,0.615,0.627
5/31/2018 3:00,992,0.564,0.592,0.555,0.617,0.615,0.626
5/31/2018 3:30,993,0.565,0.594,0.557,0.623,0.616,0.627
5/31/2018 4:00,994,0.567,0.595,0.562,0.63,0.618,0.629
5/31/2018 4:30,995,0.572,0.596,0.564,0.633,0.618,0.631
5/31/2018 5:00,996,0.576,0.597,0.567,0.636,0.618,0.633
5/31/2018 5:30,997,0.572,0.597,0.566,0.637,0.617,0.633
5/31/2018 6:00,998,0.571,0.595,0.562,0.631,0.617,0.63
5/31/2018 6:30,999,0.57,0.595,0.562,0.628,0.616,0.628
5/31/2018 7:00,1000,0.572,0.595,0.562,0.629,0.617,0.629
5/31/2018 7:30,1001,0.576,0.596,0.566,0.633,0.617,0.631
5/31/2018 8:00,1002,0.578,0.596,0.564,0.632,0.615,0.63
5/31/2018 8:30,1003,0.574,0.596,0.565,0.631,0.616,0.628
5/31/2018 9:00,1004,0.573,0.595,0.567,0.632,0.616,0.628
5/31/2018 9:30,1005,0.573,0.595,0.566,0.631,0.615,0.627
5/31/2018 10:00,1006,0.573,0.594,0.563,0.625,0.614,0.624
5/31/2018 10:30,1007,0.57,0.593,0.567,0.627,0.613,0.621
5/31/2018 11:00,1008,0.573,0.593,0.567,0.628,0.612,0.62
5/31/2018 11:30,1009,0.573,0.591,0.567,0.629,0.61,0.616
5/31/2018 12:00,1010,0.569,0.59,0.565,0.628,0.61,0.609
5/31/2018 12:30,1011,0.561,0.587,0.562,0.627,0.608,0.598
5/31/2018 13:00,1012,0.555,0.584,0.56,0.626,0.604,0.589
5/31/2018 13:30,1013,0.549,0.581,0.557,0.625,0.601,0.582
5/31/2018 14:00,1014,0.524,0.572,0.545,0.614,0.594,0.55
5/31/2018 14:30,1015,0.488,0.554,0.523,0.599,0.57,0.508
5/31/2018 15:00,1016,0.459,0.539,0.505,0.587,0.553,0.494
5/31/2018 15:30,1017,0.44,0.53,0.494,0.582,0.542,0.483
5/31/2018 16:00,1018,0.425,0.512,0.472,0.565,0.524,0.468
5/31/2018 16:30,1019,0.423,0.505,0.463,0.559,0.518,0.472
5/31/2018 17:00,1020,0.429,0.505,0.462,0.558,0.518,0.48
5/31/2018 17:30,1021,0.436,0.506,0.465,0.56,0.519,0.487
5/31/2018 18:00,1022,0.457,0.517,0.484,0.576,0.528,0.508
5/31/2018 18:30,1023,0.474,0.526,0.5,0.587,0.54,0.526
5/31/2018 19:00,1024,0.511,0.546,0.525,0.607,0.559,0.557
5/31/2018 19:30,1025,0.539,0.562,0.545,0.623,0.577,0.584
5/31/2018 20:00,1026,0.556,0.575,0.555,0.631,0.589,0.603
5/31/2018 20:30,1027,0.563,0.581,0.558,0.633,0.596,0.611
5/31/2018 21:00,1028,0.572,0.584,0.561,0.634,0.598,0.619
5/31/2018 21:30,1029,0.577,0.589,0.563,0.637,0.603,0.627
5/31/2018 22:00,1030,0.58,0.592,0.563,0.639,0.606,0.632
5/31/2018 22:30,1031,0.582,0.594,0.563,0.638,0.594,0.634
5/31/2018 23:00,1032,0.587,0.595,0.565,0.639,0.587,0.635
5/31/2018 23:30,1033,0.587,0.594,0.566,0.64,0.582,0.635
6/1/2018 0:00,1034,0.588,0.595,0.566,0.64,0.582,0.636
6/1/2018 0:30,1035,0.589,0.595,0.567,0.641,0.583,0.637
6/1/2018 1:00,1036,0.59,0.596,0.567,0.641,0.588,0.637
6/1/2018 1:30,1037,0.589,0.597,0.567,0.641,0.59,0.638
6/1/2018 2:00,1038,0.59,0.597,0.568,0.642,0.589,0.638
6/1/2018 2:30,1039,0.59,0.596,0.568,0.641,0.588,0.638
6/1/2018 3:00,1040,0.591,0.596,0.568,0.642,0.59,0.638
6/1/2018 3:30,1041,0.591,0.596,0.568,0.642,0.592,0.638
6/1/2018 4:00,1042,0.591,0.596,0.568,0.642,0.593,0.639
6/1/2018 4:30,1043,0.592,0.597,0.567,0.642,0.594,0.639
6/1/2018 5:00,1044,0.592,0.597,0.566,0.642,0.594,0.638
6/1/2018 5:30,1045,0.592,0.597,0.566,0.642,0.597,0.638
6/1/2018 6:00,1046,0.592,0.598,0.567,0.642,0.601,0.637
6/1/2018 6:30,1047,0.592,0.597,0.567,0.642,0.601,0.636
6/1/2018 7:00,1048,0.59,0.597,0.568,0.641,0.601,0.635
6/1/2018 7:30,1049,0.591,0.597,0.568,0.64,0.601,0.635
6/1/2018 8:00,1050,0.591,0.597,0.569,0.64,0.602,0.634
6/1/2018 8:30,1051,0.591,0.597,0.567,0.638,0.602,0.632
6/1/2018 9:00,1052,0.59,0.597,0.568,0.637,0.603,0.63
6/1/2018 9:30,1053,0.571,0.595,0.563,0.632,0.602,0.614
6/1/2018 10:00,1054,0.473,0.586,0.524,0.587,0.599,0.532
6/1/2018 10:30,1055,0.419,0.565,0.484,0.535,0.586,0.488
6/1/2018 11:00,1056,0.398,0.545,0.462,0.539,0.569,0.472
6/1/2018 11:30,1057,0.385,0.517,0.432,0.519,0.538,0.45
6/1/2018 12:00,1058,0.392,0.502,0.421,0.509,0.523,0.447
6/1/2018 12:30,1059,0.388,0.483,0.412,0.501,0.504,0.435
6/1/2018 13:00,1060,0.393,0.481,0.416,0.509,0.493,0.441
6/1/2018 13:30,1061,0.399,0.481,0.425,0.52,0.496,0.443
6/1/2018 14:00,1062,0.398,0.477,0.426,0.522,0.494,0.441
6/1/2018 14:30,1063,0.404,0.481,0.431,0.53,0.495,0.447
6/1/2018 15:00,1064,0.407,0.479,0.426,0.523,0.493,0.45
6/1/2018 15:30,1065,0.406,0.478,0.426,0.523,0.496,0.449
6/1/2018 16:00,1066,0.416,0.482,0.437,0.538,0.501,0.458
6/1/2018 16:30,1067,0.421,0.479,0.439,0.538,0.5,0.459
6/1/2018 17:00,1068,0.434,0.487,0.446,0.547,0.504,0.471
6/1/2018 17:30,1069,0.453,0.497,0.46,0.564,0.512,0.489
6/1/2018 18:00,1070,0.467,0.499,0.471,0.574,0.517,0.496
6/1/2018 18:30,1071,0.486,0.505,0.485,0.587,0.522,0.511
6/1/2018 19:00,1072,0.51,0.521,0.505,0.604,0.537,0.538
6/1/2018 19:30,1073,0.533,0.542,0.527,0.619,0.558,0.569
6/1/2018 20:00,1074,0.548,0.558,0.542,0.628,0.575,0.59
6/1/2018 20:30,1075,0.561,0.573,0.553,0.634,0.588,0.604
6/1/2018 21:00,1076,0.569,0.583,0.56,0.638,0.597,0.616
6/1/2018 21:30,1077,0.574,0.589,0.563,0.639,0.601,0.622
6/1/2018 22:00,1078,0.578,0.592,0.564,0.639,0.604,0.626
6/1/2018 22:30,1079,0.581,0.594,0.566,0.64,0.605,0.629
6/1/2018 23:00,1080,0.584,0.596,0.566,0.64,0.607,0.631
6/1/2018 23:30,1081,0.586,0.596,0.567,0.642,0.608,0.633
6/2/2018 0:00,1082,0.587,0.596,0.567,0.641,0.606,0.632
6/2/2018 0:30,1083,0.587,0.596,0.567,0.642,0.607,0.632
6/2/2018 1:00,1084,0.587,0.598,0.569,0.643,0.61,0.631
6/2/2018 1:30,1085,0.584,0.598,0.569,0.643,0.609,0.629
6/2/2018 2:00,1086,0.583,0.599,0.57,0.644,0.61,0.63
6/2/2018 2:30,1087,0.582,0.599,0.569,0.644,0.609,0.63
6/2/2018 3:00,1088,0.58,0.598,0.565,0.639,0.607,0.63
6/2/2018 3:30,1089,0.583,0.599,0.569,0.641,0.61,0.633
6/2/2018 4:00,1090,0.583,0.6,0.569,0.641,0.61,0.634
6/2/2018 4:30,1091,0.584,0.599,0.568,0.641,0.609,0.634
6/2/2018 5:00,1092,0.585,0.6,0.569,0.643,0.611,0.636
6/2/2018 5:30,1093,0.585,0.6,0.568,0.641,0.61,0.635
6/2/2018 6:00,1094,0.586,0.599,0.569,0.642,0.611,0.638
6/2/2018 6:30,1095,0.587,0.599,0.568,0.641,0.609,0.637
6/2/2018 7:00,1096,0.587,0.6,0.567,0.64,0.611,0.635
6/2/2018 7:30,1097,0.586,0.6,0.566,0.638,0.611,0.633
6/2/2018 8:00,1098,0.559,0.591,0.544,0.612,0.61,0.611
6/2/2018 8:30,1099,0.531,0.581,0.533,0.612,0.608,0.588
6/2/2018 9:00,1100,0.526,0.578,0.538,0.618,0.607,0.585
6/2/2018 9:30,1101,0.521,0.573,0.536,0.618,0.603,0.577
6/2/2018 10:00,1102,0.511,0.569,0.532,0.617,0.598,0.567
6/2/2018 10:30,1103,0.501,0.563,0.521,0.61,0.591,0.553
6/2/2018 11:00,1104,0.493,0.546,0.505,0.594,0.567,0.532
6/2/2018 11:30,1105,0.49,0.544,0.503,0.599,0.571,0.533
6/2/2018 12:00,1106,0.461,0.528,0.477,0.577,0.56,0.503
6/2/2018 12:30,1107,0.421,0.5,0.442,0.533,0.522,0.461
6/2/2018 13:00,1108,0.429,0.504,0.449,0.55,0.525,0.476
6/2/2018 13:30,1109,0.448,0.516,0.466,0.574,0.541,0.499
6/2/2018 14:00,1110,0.48,0.533,0.488,0.594,0.557,0.538
6/2/2018 14:30,1111,0.503,0.546,0.505,0.608,0.573,0.56
6/2/2018 15:00,1112,0.529,0.56,0.525,0.62,0.584,0.586
6/2/2018 15:30,1113,0.549,0.573,0.542,0.629,0.593,0.605
6/2/2018 16:00,1114,0.558,0.58,0.549,0.631,0.599,0.611
6/2/2018 16:30,1115,0.566,0.585,0.556,0.634,0.603,0.616
6/2/2018 17:00,1116,0.565,0.585,0.559,0.636,0.603,0.617
6/2/2018 17:30,1117,0.566,0.586,0.561,0.636,0.604,0.618
6/2/2018 18:00,1118,0.564,0.585,0.559,0.635,0.601,0.616
6/2/2018 18:30,1119,0.57,0.589,0.565,0.636,0.604,0.621
6/2/2018 19:00,1120,0.576,0.592,0.567,0.638,0.607,0.624
6/2/2018 19:30,1121,0.579,0.593,0.568,0.638,0.608,0.625
6/2/2018 20:00,1122,0.582,0.595,0.568,0.639,0.609,0.627
6/2/2018 20:30,1123,0.584,0.596,0.569,0.639,0.609,0.63
6/2/2018 21:00,1124,0.584,0.595,0.571,0.64,0.609,0.632
6/2/2018 21:30,1125,0.584,0.594,0.565,0.636,0.604,0.633
6/2/2018 22:00,1126,0.581,0.594,0.558,0.626,0.599,0.631
6/2/2018 22:30,1127,0.58,0.593,0.557,0.622,0.6,0.63
6/2/2018 23:00,1128,0.58,0.594,0.559,0.625,0.601,0.63
6/2/2018 23:30,1129,0.584,0.595,0.564,0.629,0.606,0.632
6/3/2018 0:00,1130,0.585,0.595,0.567,0.633,0.605,0.632
6/3/2018 0:30,1131,0.588,0.596,0.569,0.636,0.609,0.633
6/3/2018 1:00,1132,0.587,0.596,0.564,0.633,0.607,0.632
6/3/2018 1:30,1133,0.58,0.593,0.555,0.619,0.601,0.627
6/3/2018 2:00,1134,0.572,0.589,0.549,0.609,0.594,0.621
6/3/2018 2:30,1135,0.565,0.588,0.546,0.605,0.595,0.613
6/3/2018 3:00,1136,0.562,0.586,0.547,0.603,0.593,0.61
6/3/2018 3:30,1137,0.559,0.586,0.547,0.604,0.594,0.608
6/3/2018 4:00,1138,0.557,0.587,0.547,0.604,0.595,0.607
6/3/2018 4:30,1139,0.557,0.586,0.547,0.604,0.592,0.608
6/3/2018 5:00,1140,0.555,0.585,0.545,0.603,0.59,0.607
6/3/2018 5:30,1141,0.555,0.584,0.545,0.603,0.589,0.607
6/3/2018 6:00,1142,0.553,0.584,0.545,0.604,0.591,0.608
6/3/2018 6:30,1143,0.552,0.584,0.542,0.604,0.59,0.607
6/3/2018 7:00,1144,0.549,0.583,0.541,0.603,0.588,0.607
6/3/2018 7:30,1145,0.547,0.58,0.543,0.604,0.588,0.607
6/3/2018 8:00,1146,0.546,0.579,0.54,0.604,0.585,0.608
6/3/2018 8:30,1147,0.541,0.576,0.536,0.605,0.585,0.608
6/3/2018 9:00,1148,0.536,0.574,0.536,0.604,0.584,0.604
6/3/2018 9:30,1149,0.532,0.571,0.536,0.604,0.584,0.601
6/3/2018 10:00,1150,0.528,0.565,0.536,0.606,0.583,0.595
6/3/2018 10:30,1151,0.526,0.564,0.537,0.611,0.583,0.598
6/3/2018 11:00,1152,0.531,0.568,0.537,0.58,0.589,0.615
6/3/2018 11:30,1153,0.538,0.552,0.54,0.517,0.58,0.623
6/3/2018 12:00,1154,0.544,0.546,0.547,0.52,0.581,0.624
6/3/2018 12:30,1155,0.547,0.549,0.545,0.541,0.571,0.622
6/3/2018 13:00,1156,0.543,0.546,0.544,0.564,0.566,0.616
6/3/2018 13:30,1157,0.533,0.54,0.544,0.57,0.565,0.603
6/3/2018 14:00,1158,0.525,0.537,0.542,0.57,0.561,0.594
6/3/2018 14:30,1159,0.53,0.542,0.543,0.577,0.559,0.601
6/3/2018 15:00,1160,0.539,0.55,0.543,0.524,0.562,0.611
6/3/2018 15:30,1161,0.545,0.553,0.543,0.557,0.563,0.615
6/3/2018 16:00,1162,0.547,0.554,0.544,0.527,0.565,0.619
6/3/2018 16:30,1163,0.547,0.552,0.536,0.505,0.567,0.619
6/3/2018 17:00,1164,0.54,0.547,0.525,0.5,0.555,0.621
6/3/2018 17:30,1165,0.541,0.552,0.516,0.503,0.555,0.623
6/3/2018 18:00,1166,0.538,0.545,0.513,0.502,0.554,0.624
6/3/2018 18:30,1167,0.538,0.537,0.513,0.503,0.554,0.623
6/3/2018 19:00,1168,0.523,0.542,0.509,0.507,0.558,0.623
6/3/2018 19:30,1169,0.515,0.545,0.51,0.51,0.564,0.626
6/3/2018 20:00,1170,0.533,0.55,0.513,0.52,0.567,0.631
6/3/2018 20:30,1171,0.538,0.552,0.516,0.52,0.57,0.633
6/3/2018 21:00,1172,0.541,0.553,0.518,0.53,0.571,0.634
6/3/2018 21:30,1173,0.541,0.554,0.52,0.535,0.573,0.634
6/3/2018 22:00,1174,0.535,0.552,0.515,0.53,0.571,0.632
6/3/2018 22:30,1175,0.542,0.553,0.516,0.553,0.57,0.633
6/3/2018 23:00,1176,0.54,0.551,0.511,0.554,0.568,0.628
6/3/2018 23:30,1177,0.544,0.551,0.512,0.554,0.55,0.627
6/4/2018 0:00,1178,0.548,0.553,0.519,0.566,0.539,0.631
6/4/2018 0:30,1179,0.549,0.554,0.52,0.572,0.537,0.633
6/4/2018 1:00,1180,0.547,0.554,0.517,0.572,0.537,0.63
6/4/2018 1:30,1181,0.555,0.555,0.534,0.586,0.542,0.633
6/4/2018 2:00,1182,0.554,0.556,0.53,0.585,0.541,0.632
6/4/2018 2:30,1183,0.552,0.554,0.537,0.592,0.543,0.632
6/4/2018 3:00,1184,0.548,0.552,0.532,0.589,0.54,0.631
6/4/2018 3:30,1185,0.552,0.554,0.531,0.588,0.539,0.633
6/4/2018 4:00,1186,0.555,0.555,0.54,0.597,0.543,0.634
6/4/2018 4:30,1187,0.559,0.556,0.541,0.598,0.543,0.635
6/4/2018 5:00,1188,0.564,0.557,0.542,0.597,0.543,0.635
6/4/2018 5:30,1189,0.566,0.558,0.545,0.6,0.544,0.637
6/4/2018 6:00,1190,0.566,0.558,0.545,0.602,0.545,0.637
6/4/2018 6:30,1191,0.566,0.557,0.545,0.603,0.546,0.637
6/4/2018 7:00,1192,0.57,0.558,0.545,0.603,0.547,0.638
6/4/2018 7:30,1193,0.569,0.557,0.546,0.606,0.546,0.637
6/4/2018 8:00,1194,0.567,0.556,0.547,0.608,0.546,0.636
6/4/2018 8:30,1195,0.563,0.555,0.547,0.608,0.545,0.633
6/4/2018 9:00,1196,0.564,0.555,0.547,0.609,0.546,0.632
6/4/2018 9:30,1197,0.559,0.556,0.543,0.607,0.544,0.628
6/4/2018 10:00,1198,0.55,0.554,0.538,0.601,0.54,0.621
6/4/2018 10:30,1199,0.549,0.554,0.539,0.605,0.545,0.617
6/4/2018 11:00,1200,0.546,0.552,0.543,0.608,0.547,0.613
6/4/2018 11:30,1201,0.539,0.552,0.536,0.606,0.546,0.605
6/4/2018 12:00,1202,0.515,0.543,0.53,0.601,0.543,0.576
6/4/2018 12:30,1203,0.478,0.532,0.51,0.591,0.534,0.536
6/4/2018 13:00,1204,0.447,0.516,0.495,0.582,0.514,0.508
6/4/2018 13:30,1205,0.424,0.501,0.484,0.578,0.503,0.477
6/4/2018 14:00,1206,0.416,0.489,0.47,0.571,0.493,0.464
6/4/2018 14:30,1207,0.42,0.477,0.458,0.561,0.484,0.472
6/4/2018 15:00,1208,0.42,0.471,0.45,0.554,0.482,0.474
6/4/2018 15:30,1209,0.413,0.457,0.438,0.539,0.471,0.461
6/4/2018 16:00,1210,0.422,0.454,0.44,0.542,0.473,0.463
6/4/2018 16:30,1211,0.435,0.457,0.446,0.548,0.476,0.474
6/4/2018 17:00,1212,0.449,0.466,0.453,0.559,0.486,0.49
6/4/2018 17:30,1213,0.446,0.465,0.451,0.559,0.484,0.488
6/4/2018 18:00,1214,0.45,0.468,0.458,0.566,0.488,0.49
6/4/2018 18:30,1215,0.464,0.476,0.467,0.576,0.497,0.506
6/4/2018 19:00,1216,0.484,0.49,0.482,0.59,0.513,0.531
6/4/2018 19:30,1217,0.499,0.502,0.496,0.602,0.528,0.553
6/4/2018 20:00,1218,0.515,0.514,0.51,0.615,0.542,0.572
6/4/2018 20:30,1219,0.53,0.528,0.523,0.623,0.557,0.591
6/4/2018 21:00,1220,0.537,0.539,0.526,0.626,0.568,0.601
6/4/2018 21:30,1221,0.545,0.546,0.533,0.627,0.574,0.612
6/4/2018 22:00,1222,0.557,0.551,0.542,0.631,0.579,0.624
6/4/2018 22:30,1223,0.565,0.556,0.548,0.634,0.582,0.632
6/4/2018 23:00,1224,0.572,0.559,0.552,0.637,0.586,0.638
6/4/2018 23:30,1225,0.577,0.562,0.554,0.638,0.585,0.641
6/5/2018 0:00,1226,0.579,0.563,0.557,0.64,0.585,0.642
6/5/2018 0:30,1227,0.578,0.568,0.558,0.639,0.588,0.641
6/5/2018 1:00,1228,0.579,0.571,0.558,0.638,0.589,0.641
6/5/2018 1:30,1229,0.581,0.572,0.559,0.64,0.588,0.643
6/5/2018 2:00,1230,0.582,0.573,0.56,0.64,0.589,0.643
6/5/2018 2:30,1231,0.583,0.577,0.563,0.64,0.593,0.645
6/5/2018 3:00,1232,0.582,0.58,0.56,0.636,0.592,0.642
6/5/2018 3:30,1233,0.585,0.58,0.564,0.639,0.591,0.645
6/5/2018 4:00,1234,0.585,0.577,0.562,0.642,0.587,0.641
6/5/2018 4:30,1235,0.583,0.581,0.559,0.637,0.589,0.638
6/5/2018 5:00,1236,0.583,0.584,0.563,0.637,0.592,0.641
6/5/2018 5:30,1237,0.584,0.587,0.566,0.64,0.596,0.646
6/5/2018 6:00,1238,0.585,0.589,0.566,0.638,0.595,0.645
6/5/2018 6:30,1239,0.587,0.591,0.566,0.635,0.596,0.643
6/5/2018 7:00,1240,0.584,0.589,0.563,0.634,0.597,0.639
6/5/2018 7:30,1241,0.563,0.575,0.546,0.625,0.596,0.616
6/5/2018 8:00,1242,0.507,0.55,0.508,0.604,0.592,0.564
6/5/2018 8:30,1243,0.454,0.525,0.475,0.581,0.58,0.515
6/5/2018 9:00,1244,0.417,0.505,0.448,0.561,0.563,0.474
6/5/2018 9:30,1245,0.396,0.489,0.428,0.542,0.541,0.444
6/5/2018 10:00,1246,0.39,0.473,0.421,0.515,0.518,0.428
6/5/2018 10:30,1247,0.388,0.461,0.419,0.489,0.496,0.432
6/5/2018 11:00,1248,0.382,0.452,0.416,0.49,0.48,0.438
6/5/2018 11:30,1249,0.384,0.453,0.417,0.504,0.476,0.443
6/5/2018 12:00,1250,0.386,0.453,0.42,0.496,0.474,0.439
6/5/2018 12:30,1251,0.386,0.447,0.418,0.497,0.469,0.435
6/5/2018 13:00,1252,0.386,0.443,0.417,0.497,0.466,0.434
6/5/2018 13:30,1253,0.39,0.445,0.423,0.51,0.467,0.432
6/5/2018 14:00,1254,0.397,0.449,0.426,0.512,0.472,0.441
6/5/2018 14:30,1255,0.418,0.463,0.438,0.532,0.485,0.46
6/5/2018 15:00,1256,0.411,0.459,0.434,0.53,0.484,0.455
6/5/2018 15:30,1257,0.407,0.454,0.433,0.522,0.477,0.445
6/5/2018 16:00,1258,0.409,0.455,0.435,0.525,0.479,0.45
6/5/2018 16:30,1259,0.424,0.464,0.445,0.539,0.488,0.465
6/5/2018 17:00,1260,0.44,0.474,0.454,0.553,0.494,0.479
6/5/2018 17:30,1261,0.453,0.483,0.465,0.565,0.503,0.49
6/5/2018 18:00,1262,0.482,0.506,0.485,0.587,0.524,0.519
6/5/2018 18:30,1263,0.488,0.51,0.492,0.593,0.529,0.522
6/5/2018 19:00,1264,0.493,0.519,0.5,0.598,0.534,0.528
6/5/2018 19:30,1265,0.508,0.535,0.512,0.609,0.55,0.55
6/5/2018 20:00,1266,0.522,0.548,0.522,0.618,0.565,0.572
6/5/2018 20:30,1267,0.538,0.562,0.537,0.628,0.578,0.597
6/5/2018 21:00,1268,0.549,0.573,0.545,0.634,0.589,0.613
6/5/2018 21:30,1269,0.549,0.576,0.547,0.636,0.589,0.617
6/5/2018 22:00,1270,0.543,0.577,0.546,0.633,0.583,0.614
6/5/2018 22:30,1271,0.552,0.579,0.552,0.636,0.59,0.622
6/5/2018 23:00,1272,0.56,0.585,0.556,0.638,0.599,0.63
6/5/2018 23:30,1273,0.565,0.588,0.559,0.641,0.604,0.635
6/6/2018 0:00,1274,0.567,0.589,0.561,0.643,0.606,0.639
6/6/2018 0:30,1275,0.57,0.59,0.562,0.644,0.607,0.641
6/6/2018 1:00,1276,0.571,0.591,0.564,0.644,0.608,0.642
6/6/2018 1:30,1277,0.572,0.592,0.564,0.646,0.61,0.643
6/6/2018 2:00,1278,0.573,0.593,0.565,0.648,0.612,0.645
6/6/2018 2:30,1279,0.573,0.593,0.565,0.648,0.612,0.645
6/6/2018 3:00,1280,0.573,0.594,0.566,0.648,0.612,0.644
6/6/2018 3:30,1281,0.571,0.594,0.566,0.647,0.612,0.642
6/6/2018 4:00,1282,0.568,0.593,0.566,0.645,0.609,0.64
6/6/2018 4:30,1283,0.567,0.593,0.566,0.645,0.609,0.639
6/6/2018 5:00,1284,0.565,0.593,0.567,0.646,0.609,0.635
6/6/2018 5:30,1285,0.565,0.591,0.565,0.644,0.608,0.635
6/6/2018 6:00,1286,0.566,0.592,0.564,0.642,0.609,0.636
6/6/2018 6:30,1287,0.563,0.586,0.562,0.636,0.606,0.626
6/6/2018 7:00,1288,0.538,0.564,0.533,0.617,0.601,0.59
6/6/2018 7:30,1289,0.493,0.541,0.501,0.59,0.594,0.55
6/6/2018 8:00,1290,0.459,0.523,0.477,0.565,0.585,0.519
6/6/2018 8:30,1291,0.433,0.511,0.453,0.55,0.569,0.494
6/6/2018 9:00,1292,0.417,0.502,0.444,0.541,0.554,0.475
6/6/2018 9:30,1293,0.411,0.499,0.437,0.537,0.544,0.462
6/6/2018 10:00,1294,0.418,0.497,0.443,0.541,0.532,0.465
6/6/2018 10:30,1295,0.405,0.485,0.436,0.52,0.514,0.451
6/6/2018 11:00,1296,0.399,0.477,0.431,0.517,0.5,0.456
6/6/2018 11:30,1297,0.396,0.472,0.43,0.52,0.491,0.458
6/6/2018 12:00,1298,0.398,0.47,0.432,0.519,0.487,0.459
6/6/2018 12:30,1299,0.403,0.473,0.441,0.527,0.489,0.461
6/6/2018 13:00,1300,0.399,0.467,0.438,0.525,0.483,0.455
6/6/2018 13:30,1301,0.406,0.471,0.445,0.535,0.49,0.461
6/6/2018 14:00,1302,0.406,0.47,0.448,0.541,0.486,0.457
6/6/2018 14:30,1303,0.412,0.473,0.45,0.546,0.483,0.461
6/6/2018 15:00,1304,0.419,0.475,0.454,0.548,0.488,0.472
6/6/2018 15:30,1305,0.419,0.471,0.451,0.542,0.488,0.474
6/6/2018 16:00,1306,0.43,0.48,0.456,0.548,0.497,0.482
6/6/2018 16:30,1307,0.452,0.489,0.471,0.562,0.506,0.503
6/6/2018 17:00,1308,0.471,0.503,0.483,0.579,0.525,0.52
6/6/2018 17:30,1309,0.501,0.525,0.505,0.6,0.544,0.554
6/6/2018 18:00,1310,0.53,0.548,0.53,0.618,0.568,0.594
6/6/2018 18:30,1311,0.544,0.559,0.543,0.628,0.58,0.608
6/6/2018 19:00,1312,0.554,0.571,0.551,0.633,0.589,0.62
6/6/2018 19:30,1313,0.563,0.579,0.557,0.637,0.596,0.63
6/6/2018 20:00,1314,0.568,0.585,0.56,0.639,0.601,0.634
6/6/2018 20:30,1315,0.572,0.588,0.563,0.643,0.605,0.64
6/6/2018 21:00,1316,0.572,0.591,0.563,0.64,0.605,0.641
6/6/2018 21:30,1317,0.577,0.593,0.566,0.642,0.607,0.646
6/6/2018 22:00,1318,0.577,0.593,0.564,0.642,0.605,0.646
6/6/2018 22:30,1319,0.579,0.594,0.567,0.643,0.607,0.648
6/6/2018 23:00,1320,0.579,0.596,0.568,0.643,0.608,0.648
6/6/2018 23:30,1321,0.581,0.596,0.569,0.644,0.609,0.649
6/7/2018 0:00,1322,0.58,0.595,0.57,0.645,0.61,0.65
6/7/2018 0:30,1323,0.579,0.596,0.57,0.646,0.612,0.649
6/7/2018 1:00,1324,0.576,0.595,0.57,0.647,0.611,0.648
6/7/2018 1:30,1325,0.575,0.595,0.57,0.647,0.611,0.648
6/7/2018 2:00,1326,0.574,0.596,0.569,0.646,0.612,0.648
6/7/2018 2:30,1327,0.572,0.597,0.569,0.645,0.611,0.648
6/7/2018 3:00,1328,0.571,0.597,0.569,0.645,0.611,0.648
6/7/2018 3:30,1329,0.57,0.596,0.568,0.645,0.611,0.648
6/7/2018 4:00,1330,0.572,0.596,0.568,0.644,0.611,0.65
6/7/2018 4:30,1331,0.574,0.594,0.567,0.644,0.608,0.653
6/7/2018 5:00,1332,0.577,0.596,0.568,0.645,0.612,0.654
6/7/2018 5:30,1333,0.579,0.596,0.57,0.644,0.612,0.654
6/7/2018 6:00,1334,0.58,0.596,0.571,0.644,0.612,0.654
6/7/2018 6:30,1335,0.581,0.596,0.571,0.646,0.612,0.654
6/7/2018 7:00,1336,0.58,0.594,0.57,0.645,0.61,0.651
6/7/2018 7:30,1337,0.577,0.592,0.57,0.644,0.611,0.645
6/7/2018 8:00,1338,0.57,0.589,0.564,0.64,0.612,0.63
6/7/2018 8:30,1339,0.553,0.58,0.554,0.634,0.607,0.606
6/7/2018 9:00,1340,0.536,0.571,0.54,0.626,0.601,0.58
6/7/2018 9:30,1341,0.504,0.552,0.514,0.61,0.587,0.539
6/7/2018 10:00,1342,0.464,0.532,0.482,0.581,0.566,0.505
6/7/2018 10:30,1343,0.425,0.512,0.453,0.541,0.539,0.476
6/7/2018 11:00,1344,0.409,0.499,0.432,0.528,0.522,0.466
6/7/2018 11:30,1345,0.414,0.496,0.438,0.537,0.519,0.476
6/7/2018 12:00,1346,0.418,0.493,0.443,0.541,0.517,0.482
6/7/2018 12:30,1347,0.421,0.495,0.447,0.544,0.517,0.482
6/7/2018 13:00,1348,0.423,0.494,0.451,0.548,0.515,0.485
6/7/2018 13:30,1349,0.409,0.484,0.442,0.539,0.503,0.465
6/7/2018 14:00,1350,0.413,0.489,0.45,0.549,0.505,0.473
6/7/2018 14:30,1351,0.411,0.486,0.448,0.549,0.498,0.471
6/7/2018 15:00,1352,0.413,0.484,0.448,0.549,0.498,0.476
6/7/2018 15:30,1353,0.421,0.486,0.453,0.554,0.501,0.482
6/7/2018 16:00,1354,0.431,0.485,0.458,0.556,0.501,0.487
6/7/2018 16:30,1355,0.441,0.486,0.465,0.562,0.502,0.497
6/7/2018 17:00,1356,0.455,0.494,0.474,0.572,0.511,0.512
6/7/2018 17:30,1357,0.467,0.504,0.485,0.584,0.521,0.525
6/7/2018 18:00,1358,0.479,0.514,0.497,0.595,0.529,0.539
6/7/2018 18:30,1359,0.491,0.522,0.507,0.604,0.537,0.551
6/7/2018 19:00,1360,0.505,0.534,0.517,0.612,0.549,0.567
6/7/2018 19:30,1361,0.518,0.547,0.528,0.621,0.562,0.585
6/7/2018 20:00,1362,0.532,0.56,0.54,0.629,0.575,0.603
6/7/2018 20:30,1363,0.545,0.571,0.55,0.635,0.588,0.619
6/7/2018 21:00,1364,0.556,0.58,0.558,0.64,0.597,0.63
6/7/2018 21:30,1365,0.563,0.584,0.562,0.642,0.602,0.637
6/7/2018 22:00,1366,0.569,0.587,0.566,0.643,0.604,0.642
6/7/2018 22:30,1367,0.572,0.589,0.568,0.644,0.604,0.646
6/7/2018 23:00,1368,0.576,0.591,0.569,0.645,0.607,0.649
6/7/2018 23:30,1369,0.577,0.591,0.569,0.645,0.605,0.65
6/8/2018 0:00,1370,0.579,0.592,0.57,0.646,0.607,0.652
6/8/2018 0:30,1371,0.58,0.593,0.57,0.646,0.608,0.653
6/8/2018 1:00,1372,0.581,0.594,0.57,0.647,0.607,0.655
6/8/2018 1:30,1373,0.582,0.594,0.571,0.647,0.607,0.657
6/8/2018 2:00,1374,0.583,0.596,0.572,0.648,0.609,0.657
6/8/2018 2:30,1375,0.583,0.594,0.572,0.648,0.608,0.657
6/8/2018 3:00,1376,0.584,0.596,0.572,0.648,0.61,0.657
6/8/2018 3:30,1377,0.584,0.596,0.571,0.647,0.609,0.658
6/8/2018 4:00,1378,0.585,0.596,0.572,0.647,0.609,0.659
6/8/2018 4:30,1379,0.585,0.596,0.571,0.647,0.607,0.659
6/8/2018 5:00,1380,0.585,0.597,0.571,0.647,0.608,0.659
6/8/2018 5:30,1381,0.586,0.596,0.571,0.647,0.608,0.66
6/8/2018 6:00,1382,0.586,0.597,0.572,0.647,0.609,0.661
6/8/2018 6:30,1383,0.587,0.597,0.573,0.647,0.609,0.66
6/8/2018 7:00,1384,0.586,0.598,0.57,0.643,0.611,0.655
6/8/2018 7:30,1385,0.575,0.593,0.561,0.634,0.612,0.644
6/8/2018 8:00,1386,0.55,0.583,0.543,0.621,0.612,0.619
6/8/2018 8:30,1387,0.506,0.564,0.507,0.601,0.608,0.567
6/8/2018 9:00,1388,0.458,0.542,0.475,0.58,0.598,0.517
6/8/2018 9:30,1389,0.418,0.519,0.441,0.555,0.577,0.475
6/8/2018 10:00,1390,0.399,0.503,0.426,0.528,0.553,0.452
6/8/2018 10:30,1391,0.399,0.492,0.421,0.513,0.535,0.453
6/8/2018 11:00,1392,0.396,0.483,0.418,0.512,0.518,0.458
6/8/2018 11:30,1393,0.39,0.474,0.416,0.514,0.505,0.458
6/8/2018 12:00,1394,0.393,0.471,0.418,0.511,0.496,0.457
6/8/2018 12:30,1395,0.398,0.475,0.424,0.521,0.497,0.463
6/8/2018 13:00,1396,0.397,0.471,0.427,0.524,0.492,0.458
6/8/2018 13:30,1397,0.396,0.471,0.428,0.527,0.493,0.456
6/8/2018 14:00,1398,0.399,0.47,0.427,0.525,0.493,0.459
6/8/2018 14:30,1399,0.402,0.473,0.43,0.529,0.496,0.463
6/8/2018 15:00,1400,0.404,0.47,0.426,0.523,0.495,0.461
6/8/2018 15:30,1401,0.412,0.474,0.436,0.531,0.5,0.469
6/8/2018 16:00,1402,0.424,0.482,0.448,0.545,0.505,0.483
6/8/2018 16:30,1403,0.438,0.492,0.46,0.557,0.513,0.495
6/8/2018 17:00,1404,0.452,0.501,0.472,0.57,0.52,0.507
6/8/2018 17:30,1405,0.47,0.513,0.488,0.586,0.532,0.523
6/8/2018 18:00,1406,0.492,0.527,0.506,0.6,0.543,0.543
6/8/2018 18:30,1407,0.511,0.538,0.519,0.611,0.552,0.56
6/8/2018 19:00,1408,0.529,0.553,0.534,0.623,0.568,0.584
6/8/2018 19:30,1409,0.54,0.564,0.545,0.631,0.58,0.601
6/8/2018 20:00,1410,0.549,0.574,0.552,0.636,0.59,0.616
6/8/2018 20:30,1411,0.555,0.581,0.557,0.639,0.596,0.626
6/8/2018 21:00,1412,0.561,0.586,0.561,0.64,0.601,0.633
6/8/2018 21:30,1413,0.566,0.588,0.564,0.642,0.604,0.638
6/8/2018 22:00,1414,0.57,0.591,0.566,0.643,0.606,0.641
6/8/2018 22:30,1415,0.573,0.593,0.567,0.644,0.608,0.645
6/8/2018 23:00,1416,0.575,0.594,0.568,0.644,0.608,0.646
6/8/2018 23:30,1417,0.575,0.594,0.568,0.644,0.608,0.647
6/9/2018 0:00,1418,0.577,0.593,0.569,0.644,0.608,0.647
6/9/2018 0:30,1419,0.578,0.594,0.571,0.645,0.609,0.649
6/9/2018 1:00,1420,0.58,0.595,0.571,0.645,0.611,0.652
6/9/2018 1:30,1421,0.583,0.595,0.57,0.644,0.61,0.654
6/9/2018 2:00,1422,0.584,0.598,0.57,0.644,0.612,0.655
6/9/2018 2:30,1423,0.583,0.599,0.571,0.643,0.611,0.654
6/9/2018 3:00,1424,0.584,0.597,0.571,0.644,0.609,0.655
6/9/2018 3:30,1425,0.585,0.597,0.571,0.645,0.61,0.658
6/9/2018 4:00,1426,0.585,0.598,0.571,0.645,0.611,0.658
6/9/2018 4:30,1427,0.586,0.599,0.57,0.645,0.612,0.658
6/9/2018 5:00,1428,0.586,0.599,0.571,0.645,0.613,0.658
6/9/2018 5:30,1429,0.586,0.599,0.571,0.645,0.613,0.657
6/9/2018 6:00,1430,0.586,0.598,0.571,0.645,0.613,0.657
6/9/2018 6:30,1431,0.587,0.598,0.573,0.646,0.614,0.656
6/9/2018 7:00,1432,0.586,0.6,0.57,0.642,0.614,0.654
6/9/2018 7:30,1433,0.586,0.598,0.573,0.642,0.613,0.653
6/9/2018 8:00,1434,0.581,0.594,0.57,0.639,0.612,0.645
6/9/2018 8:30,1435,0.564,0.588,0.559,0.631,0.612,0.622
6/9/2018 9:00,1436,0.527,0.577,0.537,0.617,0.609,0.58
6/9/2018 9:30,1437,0.479,0.555,0.498,0.588,0.585,0.525
6/9/2018 10:00,1438,0.466,0.543,0.489,0.58,0.571,0.516
6/9/2018 10:30,1439,0.468,0.55,0.502,0.59,0.575,0.526
6/9/2018 11:00,1440,0.429,0.53,0.462,0.558,0.553,0.49
6/9/2018 11:30,1441,0.415,0.516,0.448,0.549,0.534,0.479
6/9/2018 12:00,1442,0.418,0.511,0.449,0.548,0.528,0.483
6/9/2018 12:30,1443,0.409,0.504,0.443,0.542,0.518,0.474
6/9/2018 13:00,1444,0.395,0.487,0.43,0.528,0.491,0.459
6/9/2018 13:30,1445,0.412,0.489,0.437,0.536,0.504,0.476
6/9/2018 14:00,1446,0.468,0.521,0.477,0.577,0.537,0.546
6/9/2018 14:30,1447,0.512,0.547,0.507,0.604,0.565,0.593
6/9/2018 15:00,1448,0.541,0.565,0.53,0.619,0.58,0.618
6/9/2018 15:30,1449,0.554,0.575,0.545,0.628,0.588,0.626
6/9/2018 16:00,1450,0.551,0.575,0.544,0.627,0.592,0.62
6/9/2018 16:30,1451,0.554,0.577,0.548,0.629,0.591,0.625
6/9/2018 17:00,1452,0.514,0.544,0.512,0.594,0.553,0.578
6/9/2018 17:30,1453,0.48,0.522,0.491,0.573,0.523,0.536
6/9/2018 18:00,1454,0.496,0.539,0.509,0.593,0.54,0.555
6/9/2018 18:30,1455,0.518,0.549,0.53,0.612,0.563,0.579
6/9/2018 19:00,1456,0.512,0.547,0.523,0.613,0.563,0.575
6/9/2018 19:30,1457,0.521,0.555,0.53,0.612,0.564,0.589
6/9/2018 20:00,1458,0.539,0.57,0.548,0.628,0.586,0.615
6/9/2018 20:30,1459,0.552,0.579,0.557,0.636,0.595,0.63
6/9/2018 21:00,1460,0.555,0.582,0.56,0.637,0.599,0.634
6/9/2018 21:30,1461,0.56,0.586,0.563,0.638,0.601,0.639
6/9/2018 22:00,1462,0.568,0.589,0.566,0.64,0.605,0.643
6/9/2018 22:30,1463,0.573,0.591,0.568,0.642,0.608,0.647
6/9/2018 23:00,1464,0.576,0.593,0.57,0.642,0.608,0.648
6/9/2018 23:30,1465,0.578,0.594,0.571,0.643,0.61,0.65
6/10/2018 0:00,1466,0.58,0.596,0.571,0.643,0.611,0.652
6/10/2018 0:30,1467,0.582,0.597,0.57,0.644,0.612,0.653
6/10/2018 1:00,1468,0.583,0.596,0.57,0.643,0.611,0.653
6/10/2018 1:30,1469,0.584,0.596,0.573,0.642,0.61,0.654
6/10/2018 2:00,1470,0.585,0.596,0.572,0.643,0.609,0.656
6/10/2018 2:30,1471,0.586,0.598,0.569,0.643,0.612,0.655
6/10/2018 3:00,1472,0.587,0.598,0.571,0.644,0.612,0.655
6/10/2018 3:30,1473,0.588,0.598,0.571,0.645,0.612,0.654
6/10/2018 4:00,1474,0.587,0.598,0.569,0.643,0.607,0.654
6/10/2018 4:30,1475,0.585,0.599,0.565,0.637,0.603,0.654
6/10/2018 5:00,1476,0.586,0.598,0.567,0.638,0.609,0.655
6/10/2018 5:30,1477,0.582,0.599,0.565,0.637,0.609,0.654
6/10/2018 6:00,1478,0.577,0.597,0.564,0.632,0.609,0.65
6/10/2018 6:30,1479,0.575,0.597,0.565,0.634,0.61,0.65
6/10/2018 7:00,1480,0.573,0.596,0.568,0.635,0.611,0.648
6/10/2018 7:30,1481,0.571,0.596,0.565,0.635,0.61,0.645
6/10/2018 8:00,1482,0.561,0.591,0.562,0.628,0.609,0.633
6/10/2018 8:30,1483,0.547,0.583,0.554,0.624,0.605,0.606
6/10/2018 9:00,1484,0.537,0.578,0.549,0.623,0.6,0.59
6/10/2018 9:30,1485,0.537,0.579,0.553,0.628,0.6,0.592
6/10/2018 10:00,1486,0.512,0.565,0.533,0.611,0.588,0.561
6/10/2018 10:30,1487,0.485,0.549,0.507,0.593,0.57,0.528
6/10/2018 11:00,1488,0.459,0.534,0.488,0.578,0.553,0.509
6/10/2018 11:30,1489,0.442,0.523,0.473,0.57,0.541,0.5
6/10/2018 12:00,1490,0.431,0.516,0.464,0.566,0.535,0.495
6/10/2018 12:30,1491,0.425,0.509,0.457,0.559,0.529,0.493
6/10/2018 13:00,1492,0.411,0.499,0.443,0.547,0.513,0.478
6/10/2018 13:30,1493,0.405,0.491,0.437,0.54,0.506,0.471
6/10/2018 14:00,1494,0.402,0.487,0.435,0.537,0.503,0.469
6/10/2018 14:30,1495,0.408,0.488,0.438,0.543,0.508,0.478
6/10/2018 15:00,1496,0.411,0.488,0.437,0.543,0.507,0.48
6/10/2018 15:30,1497,0.411,0.49,0.441,0.547,0.511,0.481
6/10/2018 16:00,1498,0.423,0.496,0.448,0.555,0.515,0.49
6/10/2018 16:30,1499,0.449,0.508,0.459,0.565,0.517,0.512
6/10/2018 17:00,1500,0.469,0.513,0.472,0.571,0.52,0.528
6/10/2018 17:30,1501,0.483,0.52,0.483,0.579,0.525,0.54
6/10/2018 18:00,1502,0.512,0.544,0.507,0.598,0.546,0.574
6/10/2018 18:30,1503,0.531,0.558,0.521,0.608,0.56,0.605
6/10/2018 19:00,1504,0.543,0.569,0.53,0.611,0.573,0.622
6/10/2018 19:30,1505,0.547,0.575,0.538,0.611,0.582,0.624
6/10/2018 20:00,1506,0.549,0.578,0.54,0.612,0.586,0.625
6/10/2018 20:30,1507,0.554,0.584,0.547,0.616,0.593,0.63
6/10/2018 21:00,1508,0.557,0.587,0.544,0.614,0.593,0.635
6/10/2018 21:30,1509,0.556,0.586,0.541,0.611,0.592,0.638
6/10/2018 22:00,1510,0.558,0.586,0.542,0.611,0.593,0.64
6/10/2018 22:30,1511,0.561,0.587,0.543,0.61,0.595,0.638
6/10/2018 23:00,1512,0.56,0.586,0.543,0.608,0.594,0.635
6/10/2018 23:30,1513,0.561,0.586,0.542,0.609,0.597,0.635
6/11/2018 0:00,1514,0.563,0.589,0.544,0.61,0.597,0.636
6/11/2018 0:30,1515,0.562,0.589,0.546,0.611,0.596,0.638
6/11/2018 1:00,1516,0.561,0.587,0.543,0.609,0.595,0.637
6/11/2018 1:30,1517,0.56,0.586,0.544,0.607,0.592,0.636
6/11/2018 2:00,1518,0.559,0.586,0.542,0.606,0.594,0.635
6/11/2018 2:30,1519,0.558,0.586,0.542,0.606,0.592,0.637
6/11/2018 3:00,1520,0.556,0.584,0.541,0.603,0.589,0.635
6/11/2018 3:30,1521,0.556,0.584,0.537,0.604,0.591,0.635
6/11/2018 4:00,1522,0.559,0.586,0.539,0.606,0.591,0.641
6/11/2018 4:30,1523,0.558,0.576,0.539,0.57,0.595,0.643
6/11/2018 5:00,1524,0.555,0.547,0.537,0.531,0.595,0.64
6/11/2018 5:30,1525,0.544,0.541,0.54,0.556,0.595,0.636
6/11/2018 6:00,1526,0.536,0.543,0.545,0.563,0.597,0.636
6/11/2018 6:30,1527,0.538,0.545,0.548,0.567,0.595,0.638
6/11/2018 7:00,1528,0.543,0.547,0.546,0.569,0.596,0.64
6/11/2018 7:30,1529,0.545,0.551,0.557,0.58,0.605,0.641
6/11/2018 8:00,1530,0.545,0.549,0.55,0.57,0.599,0.635
6/11/2018 8:30,1531,0.549,0.549,0.547,0.551,0.596,0.634
6/11/2018 9:00,1532,0.555,0.553,0.549,0.565,0.594,0.639
6/11/2018 9:30,1533,0.557,0.555,0.55,0.568,0.591,0.639
6/11/2018 10:00,1534,0.56,0.558,0.549,0.57,0.592,0.641
6/11/2018 10:30,1535,0.561,0.559,0.545,0.569,0.593,0.64
6/11/2018 11:00,1536,0.558,0.558,0.541,0.567,0.592,0.634
6/11/2018 11:30,1537,0.559,0.558,0.54,0.569,0.589,0.632
6/11/2018 12:00,1538,0.558,0.559,0.542,0.572,0.588,0.633
6/11/2018 12:30,1539,0.557,0.56,0.544,0.577,0.588,0.628
6/11/2018 13:00,1540,0.548,0.557,0.538,0.578,0.585,0.613
6/11/2018 13:30,1541,0.531,0.552,0.53,0.577,0.576,0.589
6/11/2018 14:00,1542,0.535,0.555,0.531,0.583,0.575,0.59
6/11/2018 14:30,1543,0.54,0.557,0.534,0.586,0.575,0.596
6/11/2018 15:00,1544,0.539,0.558,0.533,0.588,0.575,0.594
6/11/2018 15:30,1545,0.542,0.561,0.534,0.592,0.574,0.599
6/11/2018 16:00,1546,0.539,0.561,0.535,0.592,0.574,0.598
6/11/2018 16:30,1547,0.537,0.561,0.532,0.592,0.571,0.596
6/11/2018 17:00,1548,0.54,0.564,0.535,0.594,0.572,0.602
6/11/2018 17:30,1549,0.542,0.566,0.537,0.599,0.575,0.602
6/11/2018 18:00,1550,0.537,0.566,0.538,0.602,0.575,0.596
6/11/2018 18:30,1551,0.53,0.562,0.532,0.601,0.569,0.586
6/11/2018 19:00,1552,0.524,0.56,0.531,0.602,0.567,0.581
6/11/2018 19:30,1553,0.523,0.556,0.53,0.604,0.562,0.579
6/11/2018 20:00,1554,0.539,0.568,0.54,0.613,0.57,0.594
6/11/2018 20:30,1555,0.553,0.576,0.55,0.618,0.574,0.616
6/11/2018 21:00,1556,0.557,0.58,0.548,0.615,0.585,0.625
6/11/2018 21:30,1557,0.556,0.584,0.554,0.615,0.591,0.627
6/11/2018 22:00,1558,0.555,0.589,0.557,0.621,0.598,0.631
6/11/2018 22:30,1559,0.561,0.593,0.563,0.627,0.602,0.637
6/11/2018 23:00,1560,0.566,0.594,0.565,0.63,0.603,0.643
6/11/2018 23:30,1561,0.571,0.597,0.566,0.631,0.605,0.647
6/12/2018 0:00,1562,0.574,0.597,0.569,0.634,0.606,0.649
6/12/2018 0:30,1563,0.574,0.598,0.569,0.635,0.607,0.65
6/12/2018 1:00,1564,0.575,0.599,0.57,0.636,0.607,0.653
6/12/2018 1:30,1565,0.576,0.601,0.57,0.636,0.608,0.654
6/12/2018 2:00,1566,0.577,0.603,0.57,0.636,0.608,0.654
6/12/2018 2:30,1567,0.579,0.602,0.572,0.637,0.607,0.656
6/12/2018 3:00,1568,0.58,0.601,0.572,0.638,0.607,0.657
6/12/2018 3:30,1569,0.58,0.602,0.572,0.637,0.608,0.656
6/12/2018 4:00,1570,0.581,0.601,0.573,0.639,0.608,0.657
6/12/2018 4:30,1571,0.583,0.6,0.572,0.639,0.606,0.658
6/12/2018 5:00,1572,0.583,0.599,0.572,0.639,0.606,0.66
6/12/2018 5:30,1573,0.582,0.6,0.571,0.637,0.609,0.659
6/12/2018 6:00,1574,0.582,0.599,0.573,0.638,0.607,0.659
6/12/2018 6:30,1575,0.582,0.599,0.574,0.637,0.605,0.658
6/12/2018 7:00,1576,0.576,0.598,0.571,0.635,0.608,0.652
6/12/2018 7:30,1577,0.559,0.592,0.561,0.627,0.606,0.634
6/12/2018 8:00,1578,0.545,0.585,0.554,0.618,0.602,0.615
6/12/2018 8:30,1579,0.502,0.566,0.522,0.603,0.596,0.57
6/12/2018 9:00,1580,0.452,0.545,0.486,0.58,0.583,0.522
6/12/2018 9:30,1581,0.421,0.528,0.458,0.561,0.565,0.491
6/12/2018 10:00,1582,0.407,0.517,0.443,0.542,0.548,0.474
6/12/2018 10:30,1583,0.403,0.511,0.435,0.521,0.534,0.467
6/12/2018 11:00,1584,0.4,0.504,0.432,0.528,0.524,0.456
6/12/2018 11:30,1585,0.399,0.499,0.433,0.546,0.515,0.466
6/12/2018 12:00,1586,0.398,0.49,0.432,0.535,0.503,0.459
6/12/2018 12:30,1587,0.401,0.486,0.435,0.537,0.498,0.454
6/12/2018 13:00,1588,0.406,0.485,0.448,0.551,0.492,0.455
6/12/2018 13:30,1589,0.402,0.478,0.448,0.556,0.491,0.447
6/12/2018 14:00,1590,0.411,0.482,0.457,0.569,0.49,0.449
6/12/2018 14:30,1591,0.413,0.48,0.455,0.571,0.487,0.452
6/12/2018 15:00,1592,0.419,0.479,0.452,0.567,0.489,0.46
6/12/2018 15:30,1593,0.427,0.48,0.458,0.571,0.493,0.465
6/12/2018 16:00,1594,0.439,0.478,0.465,0.576,0.497,0.471
6/12/2018 16:30,1595,0.449,0.48,0.472,0.58,0.498,0.484
6/12/2018 17:00,1596,0.451,0.486,0.472,0.576,0.502,0.491
6/12/2018 17:30,1597,0.458,0.496,0.478,0.584,0.511,0.502
6/12/2018 18:00,1598,0.475,0.511,0.495,0.599,0.523,0.524
6/12/2018 18:30,1599,0.484,0.515,0.502,0.603,0.528,0.526
6/12/2018 19:00,1600,0.499,0.527,0.514,0.611,0.54,0.541
6/12/2018 19:30,1601,0.513,0.541,0.526,0.618,0.552,0.561
6/12/2018 20:00,1602,0.524,0.553,0.534,0.622,0.564,0.581
6/12/2018 20:30,1603,0.54,0.567,0.548,0.63,0.579,0.601
6/12/2018 21:00,1604,0.551,0.577,0.557,0.636,0.589,0.615
6/12/2018 21:30,1605,0.559,0.584,0.561,0.638,0.597,0.622
6/12/2018 22:00,1606,0.564,0.587,0.565,0.64,0.601,0.627
6/12/2018 22:30,1607,0.567,0.59,0.566,0.641,0.603,0.63
6/12/2018 23:00,1608,0.569,0.591,0.568,0.643,0.605,0.631
6/12/2018 23:30,1609,0.57,0.592,0.569,0.643,0.605,0.633
6/13/2018 0:00,1610,0.572,0.593,0.57,0.644,0.607,0.634
6/13/2018 0:30,1611,0.574,0.594,0.571,0.644,0.608,0.636
6/13/2018 1:00,1612,0.575,0.595,0.571,0.644,0.61,0.635
6/13/2018 1:30,1613,0.576,0.596,0.571,0.644,0.61,0.636
6/13/2018 2:00,1614,0.576,0.594,0.572,0.644,0.608,0.638
6/13/2018 2:30,1615,0.577,0.595,0.572,0.644,0.609,0.639
6/13/2018 3:00,1616,0.579,0.596,0.572,0.644,0.61,0.639
6/13/2018 3:30,1617,0.579,0.596,0.573,0.644,0.608,0.64
6/13/2018 4:00,1618,0.579,0.596,0.573,0.644,0.611,0.64
6/13/2018 4:30,1619,0.579,0.596,0.572,0.643,0.611,0.64
6/13/2018 5:00,1620,0.579,0.596,0.573,0.643,0.609,0.639
6/13/2018 5:30,1621,0.58,0.596,0.573,0.643,0.61,0.639
6/13/2018 6:00,1622,0.58,0.597,0.573,0.642,0.611,0.638
6/13/2018 6:30,1623,0.58,0.597,0.572,0.642,0.612,0.638
6/13/2018 7:00,1624,0.58,0.596,0.573,0.641,0.611,0.637
6/13/2018 7:30,1625,0.577,0.595,0.572,0.64,0.611,0.634
6/13/2018 8:00,1626,0.564,0.591,0.563,0.633,0.609,0.617
6/13/2018 8:30,1627,0.517,0.573,0.525,0.612,0.603,0.563
6/13/2018 9:00,1628,0.485,0.563,0.508,0.603,0.594,0.535
6/13/2018 9:30,1629,0.44,0.544,0.469,0.58,0.58,0.493
6/13/2018 10:00,1630,0.421,0.531,0.456,0.565,0.565,0.477
6/13/2018 10:30,1631,0.404,0.518,0.438,0.537,0.549,0.458
6/13/2018 11:00,1632,0.384,0.497,0.419,0.516,0.525,0.44
6/13/2018 11:30,1633,0.384,0.49,0.418,0.527,0.514,0.447
6/13/2018 12:00,1634,0.384,0.483,0.417,0.517,0.502,0.443
6/13/2018 12:30,1635,0.386,0.475,0.416,0.516,0.491,0.44
6/13/2018 13:00,1636,0.392,0.472,0.421,0.522,0.486,0.441
6/13/2018 13:30,1637,0.391,0.466,0.419,0.521,0.482,0.436
6/13/2018 14:00,1638,0.397,0.471,0.422,0.527,0.488,0.444
6/13/2018 14:30,1639,0.404,0.477,0.425,0.534,0.494,0.453
6/13/2018 15:00,1640,0.403,0.477,0.427,0.536,0.494,0.453
6/13/2018 15:30,1641,0.414,0.487,0.437,0.546,0.501,0.466
6/13/2018 16:00,1642,0.415,0.488,0.438,0.548,0.501,0.468
6/13/2018 16:30,1643,0.424,0.49,0.445,0.555,0.503,0.47
6/13/2018 17:00,1644,0.45,0.505,0.465,0.571,0.516,0.491
6/13/2018 17:30,1645,0.481,0.522,0.489,0.59,0.534,0.518
6/13/2018 18:00,1646,0.495,0.531,0.506,0.603,0.542,0.529
6/13/2018 18:30,1647,0.503,0.535,0.515,0.608,0.545,0.534
6/13/2018 19:00,1648,0.519,0.546,0.528,0.617,0.555,0.55
6/13/2018 19:30,1649,0.532,0.558,0.54,0.626,0.568,0.57
6/13/2018 20:00,1650,0.546,0.571,0.551,0.633,0.582,0.592
6/13/2018 20:30,1651,0.555,0.581,0.558,0.637,0.592,0.608
6/13/2018 21:00,1652,0.56,0.586,0.563,0.639,0.598,0.617
6/13/2018 21:30,1653,0.564,0.589,0.565,0.64,0.601,0.623
6/13/2018 22:00,1654,0.566,0.591,0.566,0.641,0.603,0.626
6/13/2018 22:30,1655,0.568,0.593,0.568,0.642,0.605,0.628
6/13/2018 23:00,1656,0.57,0.594,0.569,0.642,0.606,0.63
6/13/2018 23:30,1657,0.57,0.594,0.569,0.642,0.606,0.631
6/14/2018 0:00,1658,0.572,0.595,0.57,0.643,0.608,0.632
6/14/2018 0:30,1659,0.573,0.596,0.571,0.644,0.609,0.633
6/14/2018 1:00,1660,0.574,0.596,0.572,0.644,0.61,0.633
6/14/2018 1:30,1661,0.575,0.596,0.573,0.644,0.609,0.634
6/14/2018 2:00,1662,0.575,0.597,0.573,0.645,0.61,0.634
6/14/2018 2:30,1663,0.575,0.596,0.573,0.645,0.611,0.635
6/14/2018 3:00,1664,0.574,0.596,0.572,0.644,0.61,0.634
6/14/2018 3:30,1665,0.574,0.597,0.572,0.644,0.611,0.634
6/14/2018 4:00,1666,0.572,0.596,0.574,0.644,0.611,0.631
6/14/2018 4:30,1667,0.569,0.596,0.572,0.644,0.61,0.63
6/14/2018 5:00,1668,0.565,0.597,0.572,0.643,0.611,0.627
6/14/2018 5:30,1669,0.561,0.596,0.571,0.643,0.609,0.625
6/14/2018 6:00,1670,0.558,0.596,0.57,0.643,0.608,0.623
6/14/2018 6:30,1671,0.552,0.591,0.569,0.642,0.607,0.613
6/14/2018 7:00,1672,0.522,0.572,0.543,0.626,0.598,0.572
6/14/2018 7:30,1673,0.461,0.533,0.49,0.586,0.576,0.514
6/14/2018 8:00,1674,0.411,0.496,0.443,0.54,0.542,0.469
6/14/2018 8:30,1675,0.385,0.47,0.42,0.512,0.518,0.447
6/14/2018 9:00,1676,0.38,0.464,0.412,0.506,0.506,0.44
6/14/2018 9:30,1677,0.379,0.461,0.407,0.505,0.496,0.432
6/14/2018 10:00,1678,0.376,0.453,0.401,0.494,0.481,0.426
6/14/2018 10:30,1679,0.379,0.451,0.404,0.49,0.478,0.428
6/14/2018 11:00,1680,0.385,0.461,0.412,0.506,0.486,0.439
6/14/2018 11:30,1681,0.382,0.462,0.414,0.514,0.485,0.436
6/14/2018 12:00,1682,0.381,0.458,0.417,0.503,0.48,0.429
6/14/2018 12:30,1683,0.381,0.45,0.416,0.503,0.475,0.424
6/14/2018 13:00,1684,0.383,0.445,0.419,0.509,0.471,0.423
6/14/2018 13:30,1685,0.388,0.448,0.425,0.521,0.472,0.422
6/14/2018 14:00,1686,0.392,0.453,0.43,0.528,0.473,0.423
6/14/2018 14:30,1687,0.395,0.452,0.428,0.528,0.474,0.426
6/14/2018 15:00,1688,0.4,0.453,0.431,0.528,0.479,0.432
6/14/2018 15:30,1689,0.404,0.455,0.436,0.532,0.477,0.435
6/14/2018 16:00,1690,0.415,0.454,0.444,0.539,0.482,0.44
6/14/2018 16:30,1691,0.424,0.458,0.451,0.545,0.483,0.453
6/14/2018 17:00,1692,0.432,0.471,0.457,0.552,0.491,0.465
6/14/2018 17:30,1693,0.439,0.483,0.465,0.565,0.499,0.474
6/14/2018 18:00,1694,0.449,0.491,0.477,0.58,0.509,0.484
6/14/2018 18:30,1695,0.464,0.502,0.486,0.589,0.52,0.496
6/14/2018 19:00,1696,0.478,0.515,0.496,0.598,0.53,0.516
6/14/2018 19:30,1697,0.49,0.529,0.505,0.607,0.542,0.536
6/14/2018 20:00,1698,0.503,0.544,0.514,0.616,0.555,0.554
6/14/2018 20:30,1699,0.517,0.559,0.524,0.624,0.57,0.575
6/14/2018 21:00,1700,0.527,0.57,0.535,0.629,0.58,0.591
6/14/2018 21:30,1701,0.537,0.577,0.543,0.634,0.588,0.602
6/14/2018 22:00,1702,0.544,0.581,0.548,0.64,0.592,0.61
6/14/2018 22:30,1703,0.549,0.584,0.552,0.643,0.595,0.616
6/14/2018 23:00,1704,0.554,0.586,0.554,0.645,0.598,0.622
6/14/2018 23:30,1705,0.558,0.589,0.557,0.65,0.599,0.629
6/15/2018 0:00,1706,0.56,0.592,0.559,0.651,0.602,0.632
6/15/2018 0:30,1707,0.562,0.593,0.561,0.651,0.602,0.634
6/15/2018 1:00,1708,0.563,0.595,0.562,0.653,0.603,0.632
6/15/2018 1:30,1709,0.561,0.6,0.562,0.651,0.609,0.627
6/15/2018 2:00,1710,0.556,0.597,0.564,0.648,0.608,0.623
6/15/2018 2:30,1711,0.554,0.598,0.563,0.647,0.609,0.621
6/15/2018 3:00,1712,0.552,0.598,0.563,0.645,0.609,0.62
6/15/2018 3:30,1713,0.553,0.596,0.564,0.646,0.61,0.621
6/15/2018 4:00,1714,0.552,0.598,0.563,0.644,0.609,0.62
6/15/2018 4:30,1715,0.553,0.596,0.563,0.644,0.608,0.622
6/15/2018 5:00,1716,0.556,0.595,0.562,0.646,0.607,0.626
6/15/2018 5:30,1717,0.558,0.596,0.563,0.645,0.609,0.628
6/15/2018 6:00,1718,0.56,0.595,0.564,0.646,0.609,0.629
6/15/2018 6:30,1719,0.555,0.583,0.555,0.642,0.606,0.61
6/15/2018 7:00,1720,0.515,0.551,0.511,0.608,0.597,0.554
6/15/2018 7:30,1721,0.468,0.53,0.479,0.579,0.59,0.516
6/15/2018 8:00,1722,0.433,0.514,0.45,0.55,0.578,0.488
6/15/2018 8:30,1723,0.4,0.494,0.428,0.527,0.549,0.456
6/15/2018 9:00,1724,0.389,0.479,0.424,0.518,0.534,0.44
6/15/2018 9:30,1725,0.387,0.471,0.416,0.514,0.517,0.43
6/15/2018 10:00,1726,0.387,0.464,0.416,0.505,0.502,0.424
6/15/2018 10:30,1727,0.385,0.461,0.416,0.493,0.49,0.426
6/15/2018 11:00,1728,0.384,0.46,0.417,0.5,0.487,0.433
6/15/2018 11:30,1729,0.384,0.456,0.414,0.51,0.48,0.433
6/15/2018 12:00,1730,0.387,0.46,0.422,0.508,0.485,0.434
6/15/2018 12:30,1731,0.389,0.459,0.425,0.513,0.485,0.434
6/15/2018 13:00,1732,0.393,0.459,0.431,0.527,0.481,0.435
6/15/2018 13:30,1733,0.393,0.46,0.438,0.54,0.483,0.433
6/15/2018 14:00,1734,0.397,0.465,0.441,0.548,0.481,0.433
6/15/2018 14:30,1735,0.401,0.466,0.444,0.55,0.484,0.439
6/15/2018 15:00,1736,0.408,0.468,0.444,0.549,0.487,0.447
6/15/2018 15:30,1737,0.42,0.475,0.458,0.561,0.494,0.459
6/15/2018 16:00,1738,0.432,0.478,0.47,0.572,0.498,0.47
6/15/2018 16:30,1739,0.437,0.476,0.474,0.577,0.497,0.475
6/15/2018 17:00,1740,0.454,0.492,0.485,0.586,0.508,0.497
6/15/2018 17:30,1741,0.454,0.496,0.481,0.588,0.51,0.497
6/15/2018 18:00,1742,0.458,0.501,0.489,0.592,0.517,0.503
6/15/2018 18:30,1743,0.477,0.515,0.503,0.602,0.53,0.52
6/15/2018 19:00,1744,0.498,0.535,0.517,0.614,0.547,0.548
6/15/2018 19:30,1745,0.514,0.549,0.528,0.625,0.561,0.572
6/15/2018 20:00,1746,0.523,0.56,0.536,0.631,0.572,0.586
6/15/2018 20:30,1747,0.532,0.572,0.542,0.634,0.582,0.599
6/15/2018 21:00,1748,0.542,0.58,0.55,0.64,0.588,0.612
6/15/2018 21:30,1749,0.549,0.586,0.554,0.643,0.593,0.622
6/15/2018 22:00,1750,0.556,0.589,0.558,0.646,0.597,0.629
6/15/2018 22:30,1751,0.563,0.591,0.561,0.65,0.599,0.635
6/15/2018 23:00,1752,0.568,0.594,0.564,0.652,0.6,0.641
6/15/2018 23:30,1753,0.571,0.594,0.566,0.652,0.602,0.643
6/16/2018 0:00,1754,0.573,0.596,0.567,0.652,0.603,0.645
6/16/2018 0:30,1755,0.576,0.597,0.568,0.654,0.603,0.646
6/16/2018 1:00,1756,0.579,0.597,0.569,0.656,0.602,0.648
6/16/2018 1:30,1757,0.581,0.598,0.57,0.656,0.603,0.649
6/16/2018 2:00,1758,0.581,0.6,0.571,0.656,0.604,0.651
6/16/2018 2:30,1759,0.582,0.6,0.572,0.656,0.604,0.651
6/16/2018 3:00,1760,0.583,0.6,0.573,0.657,0.605,0.652
6/16/2018 3:30,1761,0.583,0.601,0.574,0.656,0.607,0.651
6/16/2018 4:00,1762,0.583,0.602,0.574,0.654,0.609,0.651
6/16/2018 4:30,1763,0.584,0.602,0.574,0.654,0.608,0.649
6/16/2018 5:00,1764,0.585,0.603,0.576,0.654,0.61,0.649
6/16/2018 5:30,1765,0.585,0.603,0.576,0.654,0.608,0.648
6/16/2018 6:00,1766,0.586,0.602,0.575,0.653,0.606,0.647
6/16/2018 6:30,1767,0.587,0.602,0.577,0.65,0.608,0.646
6/16/2018 7:00,1768,0.582,0.599,0.57,0.643,0.612,0.638
6/16/2018 7:30,1769,0.559,0.587,0.548,0.625,0.611,0.611
6/16/2018 8:00,1770,0.511,0.569,0.508,0.597,0.609,0.564
6/16/2018 8:30,1771,0.457,0.546,0.469,0.573,0.602,0.513
6/16/2018 9:00,1772,0.417,0.528,0.444,0.555,0.591,0.473
6/16/2018 9:30,1773,0.396,0.512,0.425,0.541,0.572,0.442
6/16/2018 10:00,1774,0.387,0.496,0.418,0.516,0.548,0.424
6/16/2018 10:30,1775,0.384,0.477,0.415,0.492,0.517,0.418
6/16/2018 11:00,1776,0.382,0.466,0.413,0.497,0.499,0.431
6/16/2018 11:30,1777,0.381,0.463,0.415,0.515,0.491,0.436
6/16/2018 12:00,1778,0.385,0.46,0.417,0.506,0.484,0.433
6/16/2018 12:30,1779,0.388,0.458,0.42,0.509,0.478,0.432
6/16/2018 13:00,1780,0.386,0.454,0.423,0.518,0.476,0.429
6/16/2018 13:30,1781,0.39,0.456,0.428,0.529,0.478,0.428
6/16/2018 14:00,1782,0.392,0.459,0.433,0.538,0.477,0.429
6/16/2018 14:30,1783,0.396,0.462,0.435,0.542,0.478,0.434
6/16/2018 15:00,1784,0.402,0.463,0.437,0.543,0.483,0.441
6/16/2018 15:30,1785,0.412,0.468,0.446,0.55,0.487,0.448
6/16/2018 16:00,1786,0.422,0.468,0.457,0.56,0.489,0.455
6/16/2018 16:30,1787,0.434,0.473,0.467,0.569,0.492,0.47
6/16/2018 17:00,1788,0.445,0.484,0.474,0.576,0.497,0.487
6/16/2018 17:30,1789,0.45,0.494,0.482,0.586,0.507,0.494
6/16/2018 18:00,1790,0.463,0.507,0.494,0.598,0.517,0.509
6/16/2018 18:30,1791,0.483,0.522,0.508,0.61,0.532,0.529
6/16/2018 19:00,1792,0.501,0.538,0.521,0.621,0.548,0.551
6/16/2018 19:30,1793,0.515,0.553,0.533,0.63,0.564,0.571
6/16/2018 20:00,1794,0.527,0.565,0.543,0.635,0.576,0.587
6/16/2018 20:30,1795,0.538,0.575,0.551,0.639,0.585,0.602
6/16/2018 21:00,1796,0.546,0.583,0.558,0.641,0.593,0.614
6/16/2018 21:30,1797,0.551,0.589,0.56,0.641,0.596,0.62
6/16/2018 22:00,1798,0.556,0.593,0.564,0.642,0.6,0.625
6/16/2018 22:30,1799,0.562,0.595,0.567,0.644,0.603,0.63
6/16/2018 23:00,1800,0.564,0.598,0.568,0.644,0.604,0.632
6/16/2018 23:30,1801,0.565,0.6,0.568,0.644,0.605,0.633
6/17/2018 0:00,1802,0.569,0.599,0.57,0.646,0.606,0.636
6/17/2018 0:30,1803,0.572,0.598,0.571,0.649,0.606,0.64
6/17/2018 1:00,1804,0.573,0.599,0.571,0.65,0.607,0.642
6/17/2018 1:30,1805,0.574,0.6,0.572,0.65,0.608,0.643
6/17/2018 2:00,1806,0.575,0.6,0.573,0.65,0.609,0.643
6/17/2018 2:30,1807,0.575,0.601,0.574,0.649,0.609,0.642
6/17/2018 3:00,1808,0.576,0.601,0.575,0.65,0.61,0.644
6/17/2018 3:30,1809,0.576,0.6,0.574,0.649,0.608,0.644
6/17/2018 4:00,1810,0.577,0.601,0.574,0.649,0.608,0.644
6/17/2018 4:30,1811,0.578,0.6,0.574,0.65,0.608,0.646
6/17/2018 5:00,1812,0.579,0.601,0.575,0.651,0.609,0.646
6/17/2018 5:30,1813,0.579,0.601,0.575,0.648,0.609,0.644
6/17/2018 6:00,1814,0.58,0.601,0.575,0.648,0.61,0.645
6/17/2018 6:30,1815,0.581,0.601,0.576,0.646,0.61,0.643
6/17/2018 7:00,1816,0.578,0.599,0.574,0.645,0.61,0.637
6/17/2018 7:30,1817,0.574,0.599,0.573,0.643,0.611,0.632
6/17/2018 8:00,1818,0.548,0.589,0.551,0.625,0.611,0.598
6/17/2018 8:30,1819,0.48,0.564,0.498,0.592,0.604,0.534
6/17/2018 9:00,1820,0.425,0.536,0.461,0.561,0.586,0.479
6/17/2018 9:30,1821,0.393,0.505,0.425,0.529,0.545,0.436
6/17/2018 10:00,1822,0.385,0.488,0.414,0.511,0.515,0.428
6/17/2018 10:30,1823,0.398,0.482,0.418,0.518,0.508,0.439
6/17/2018 11:00,1824,0.383,0.475,0.408,0.506,0.497,0.435
6/17/2018 11:30,1825,0.38,0.469,0.408,0.513,0.489,0.435
6/17/2018 12:00,1826,0.378,0.46,0.406,0.499,0.486,0.425
6/17/2018 12:30,1827,0.38,0.453,0.407,0.498,0.48,0.424
6/17/2018 13:00,1828,0.381,0.446,0.409,0.505,0.474,0.421
6/17/2018 13:30,1829,0.383,0.445,0.412,0.511,0.474,0.419
6/17/2018 14:00,1830,0.388,0.454,0.419,0.522,0.476,0.424
6/17/2018 14:30,1831,0.391,0.456,0.42,0.524,0.475,0.427
6/17/2018 15:00,1832,0.396,0.455,0.423,0.525,0.48,0.433
6/17/2018 15:30,1833,0.401,0.459,0.43,0.532,0.482,0.437
6/17/2018 16:00,1834,0.407,0.458,0.437,0.538,0.483,0.44
6/17/2018 16:30,1835,0.416,0.462,0.446,0.544,0.486,0.451
6/17/2018 17:00,1836,0.425,0.474,0.454,0.552,0.491,0.465
6/17/2018 17:30,1837,0.44,0.489,0.467,0.569,0.502,0.481
6/17/2018 18:00,1838,0.456,0.504,0.484,0.587,0.515,0.499
6/17/2018 18:30,1839,0.477,0.52,0.502,0.603,0.529,0.52
6/17/2018 19:00,1840,0.495,0.537,0.516,0.614,0.545,0.541
6/17/2018 19:30,1841,0.507,0.55,0.527,0.621,0.557,0.558
6/17/2018 20:00,1842,0.523,0.564,0.539,0.629,0.571,0.58
6/17/2018 20:30,1843,0.536,0.576,0.549,0.635,0.583,0.597
6/17/2018 21:00,1844,0.544,0.583,0.554,0.638,0.59,0.609
6/17/2018 21:30,1845,0.552,0.588,0.56,0.642,0.595,0.618
6/17/2018 22:00,1846,0.557,0.591,0.561,0.644,0.599,0.623
6/17/2018 22:30,1847,0.56,0.592,0.565,0.646,0.601,0.627
6/17/2018 23:00,1848,0.562,0.593,0.567,0.646,0.602,0.628
6/17/2018 23:30,1849,0.564,0.595,0.569,0.647,0.605,0.63
6/18/2018 0:00,1850,0.566,0.596,0.571,0.648,0.606,0.632
6/18/2018 0:30,1851,0.567,0.595,0.572,0.648,0.607,0.633
6/18/2018 1:00,1852,0.569,0.597,0.573,0.648,0.608,0.635
6/18/2018 1:30,1853,0.571,0.597,0.573,0.648,0.607,0.638
6/18/2018 2:00,1854,0.572,0.599,0.574,0.646,0.608,0.638
6/18/2018 2:30,1855,0.573,0.599,0.574,0.646,0.607,0.639
6/18/2018 3:00,1856,0.576,0.599,0.573,0.648,0.607,0.642
6/18/2018 3:30,1857,0.577,0.599,0.574,0.648,0.607,0.643
6/18/2018 4:00,1858,0.577,0.6,0.573,0.647,0.608,0.643
6/18/2018 4:30,1859,0.578,0.6,0.575,0.649,0.608,0.645
6/18/2018 5:00,1860,0.579,0.601,0.573,0.648,0.61,0.644
6/18/2018 5:30,1861,0.578,0.602,0.574,0.647,0.61,0.644
6/18/2018 6:00,1862,0.578,0.601,0.575,0.647,0.608,0.643
6/18/2018 6:30,1863,0.58,0.602,0.577,0.647,0.609,0.643
6/18/2018 7:00,1864,0.581,0.601,0.576,0.645,0.609,0.642
6/18/2018 7:30,1865,0.575,0.6,0.57,0.639,0.611,0.635
6/18/2018 8:00,1866,0.542,0.59,0.546,0.618,0.61,0.609
6/18/2018 8:30,1867,0.487,0.575,0.507,0.598,0.607,0.567
6/18/2018 9:00,1868,0.433,0.553,0.464,0.573,0.6,0.503
6/18/2018 9:30,1869,0.396,0.525,0.427,0.545,0.575,0.456
6/18/2018 10:00,1870,0.383,0.505,0.413,0.517,0.545,0.433
6/18/2018 10:30,1871,0.379,0.486,0.407,0.491,0.521,0.424
6/18/2018 11:00,1872,0.378,0.474,0.403,0.495,0.502,0.432
6/18/2018 11:30,1873,0.381,0.465,0.405,0.507,0.488,0.435
6/18/2018 12:00,1874,0.388,0.472,0.411,0.506,0.491,0.439
6/18/2018 12:30,1875,0.387,0.466,0.411,0.505,0.483,0.433
6/18/2018 13:00,1876,0.385,0.459,0.412,0.507,0.477,0.428
6/18/2018 13:30,1877,0.388,0.464,0.417,0.519,0.482,0.429
6/18/2018 14:00,1878,0.39,0.469,0.421,0.525,0.481,0.43
6/18/2018 14:30,1879,0.392,0.468,0.419,0.524,0.479,0.435
6/18/2018 15:00,1880,0.397,0.472,0.424,0.529,0.483,0.443
6/18/2018 15:30,1881,0.4,0.474,0.43,0.534,0.484,0.448
6/18/2018 16:00,1882,0.409,0.478,0.442,0.548,0.489,0.456
6/18/2018 16:30,1883,0.422,0.483,0.454,0.56,0.495,0.465
6/18/2018 17:00,1884,0.433,0.491,0.463,0.567,0.5,0.476
6/18/2018 17:30,1885,0.446,0.502,0.476,0.582,0.51,0.488
6/18/2018 18:00,1886,0.474,0.523,0.499,0.6,0.525,0.514
6/18/2018 18:30,1887,0.502,0.544,0.522,0.617,0.545,0.542
6/18/2018 19:00,1888,0.502,0.545,0.525,0.616,0.547,0.537
6/18/2018 19:30,1889,0.519,0.558,0.539,0.626,0.561,0.56
6/18/2018 20:00,1890,0.534,0.571,0.549,0.634,0.576,0.586
6/18/2018 20:30,1891,0.546,0.582,0.558,0.639,0.588,0.607
6/18/2018 21:00,1892,0.555,0.588,0.563,0.641,0.595,0.619
6/18/2018 21:30,1893,0.559,0.591,0.566,0.643,0.599,0.623
6/18/2018 22:00,1894,0.562,0.594,0.568,0.643,0.602,0.627
6/18/2018 22:30,1895,0.566,0.595,0.57,0.645,0.604,0.631
6/18/2018 23:00,1896,0.568,0.597,0.571,0.645,0.606,0.633
6/18/2018 23:30,1897,0.57,0.598,0.572,0.646,0.607,0.635
6/19/2018 0:00,1898,0.572,0.598,0.573,0.647,0.609,0.637
6/19/2018 0:30,1899,0.574,0.599,0.575,0.648,0.609,0.638
6/19/2018 1:00,1900,0.575,0.599,0.575,0.648,0.609,0.64
6/19/2018 1:30,1901,0.575,0.599,0.576,0.649,0.61,0.639
6/19/2018 2:00,1902,0.575,0.599,0.576,0.649,0.61,0.639
6/19/2018 2:30,1903,0.575,0.599,0.576,0.649,0.611,0.64
6/19/2018 3:00,1904,0.575,0.599,0.576,0.649,0.611,0.64
6/19/2018 3:30,1905,0.574,0.599,0.577,0.649,0.611,0.639
6/19/2018 4:00,1906,0.573,0.599,0.576,0.649,0.611,0.638
6/19/2018 4:30,1907,0.572,0.599,0.577,0.649,0.611,0.637
6/19/2018 5:00,1908,0.572,0.599,0.577,0.649,0.611,0.637
6/19/2018 5:30,1909,0.572,0.6,0.577,0.649,0.612,0.637
6/19/2018 6:00,1910,0.572,0.6,0.577,0.649,0.612,0.637
6/19/2018 6:30,1911,0.571,0.599,0.576,0.648,0.612,0.633
6/19/2018 7:00,1912,0.566,0.596,0.573,0.647,0.61,0.622
6/19/2018 7:30,1913,0.559,0.593,0.569,0.645,0.608,0.609
6/19/2018 8:00,1914,0.551,0.588,0.563,0.642,0.605,0.593
6/19/2018 8:30,1915,0.524,0.575,0.536,0.629,0.598,0.558
6/19/2018 9:00,1916,0.483,0.559,0.501,0.606,0.587,0.52
6/19/2018 9:30,1917,0.413,0.526,0.439,0.56,0.561,0.467
6/19/2018 10:00,1918,0.38,0.495,0.412,0.514,0.528,0.429
6/19/2018 10:30,1919,0.374,0.473,0.401,0.485,0.5,0.418
6/19/2018 11:00,1920,0.375,0.459,0.398,0.485,0.483,0.425
6/19/2018 11:30,1921,0.381,0.455,0.401,0.495,0.475,0.427
6/19/2018 12:00,1922,0.391,0.458,0.407,0.504,0.478,0.437
6/19/2018 12:30,1923,0.392,0.459,0.41,0.508,0.477,0.438
6/19/2018 13:00,1924,0.383,0.449,0.403,0.497,0.468,0.424
6/19/2018 13:30,1925,0.382,0.443,0.399,0.492,0.464,0.422
6/19/2018 14:00,1926,0.436,0.477,0.441,0.532,0.499,0.489
6/19/2018 14:30,1927,0.484,0.471,0.493,0.505,0.527,0.557
6/19/2018 15:00,1928,0.504,0.499,0.523,0.55,0.544,0.573
6/19/2018 15:30,1929,0.523,0.525,0.54,0.575,0.555,0.595
6/19/2018 16:00,1930,0.538,0.54,0.545,0.585,0.566,0.612
6/19/2018 16:30,1931,0.553,0.546,0.55,0.595,0.574,0.624
6/19/2018 17:00,1932,0.561,0.548,0.554,0.601,0.577,0.629
6/19/2018 17:30,1933,0.563,0.547,0.558,0.607,0.574,0.629
6/19/2018 18:00,1934,0.565,0.55,0.559,0.609,0.577,0.63
6/19/2018 18:30,1935,0.566,0.549,0.562,0.613,0.576,0.631
6/19/2018 19:00,1936,0.567,0.552,0.561,0.614,0.579,0.632
6/19/2018 19:30,1937,0.57,0.555,0.564,0.616,0.581,0.632
6/19/2018 20:00,1938,0.572,0.555,0.566,0.618,0.583,0.633
6/19/2018 20:30,1939,0.573,0.554,0.567,0.619,0.583,0.633
6/19/2018 21:00,1940,0.574,0.553,0.568,0.621,0.582,0.633
6/19/2018 21:30,1941,0.574,0.553,0.568,0.621,0.582,0.632
6/19/2018 22:00,1942,0.575,0.554,0.57,0.624,0.584,0.633
6/19/2018 22:30,1943,0.576,0.557,0.571,0.626,0.585,0.634
6/19/2018 23:00,1944,0.576,0.56,0.571,0.627,0.587,0.634
6/19/2018 23:30,1945,0.576,0.563,0.571,0.629,0.588,0.634
6/20/2018 0:00,1946,0.576,0.568,0.572,0.63,0.59,0.634
6/20/2018 0:30,1947,0.576,0.572,0.573,0.633,0.592,0.635
6/20/2018 1:00,1948,0.576,0.578,0.571,0.634,0.594,0.636
6/20/2018 1:30,1949,0.577,0.581,0.574,0.636,0.597,0.638
6/20/2018 2:00,1950,0.577,0.583,0.575,0.637,0.597,0.64
6/20/2018 2:30,1951,0.577,0.586,0.574,0.638,0.599,0.64
6/20/2018 3:00,1952,0.577,0.585,0.576,0.639,0.596,0.641
6/20/2018 3:30,1953,0.578,0.586,0.576,0.641,0.596,0.642
6/20/2018 4:00,1954,0.577,0.588,0.577,0.641,0.598,0.642
6/20/2018 4:30,1955,0.577,0.592,0.576,0.64,0.599,0.642
6/20/2018 5:00,1956,0.578,0.592,0.578,0.641,0.598,0.642
6/20/2018 5:30,1957,0.578,0.591,0.578,0.64,0.596,0.642
6/20/2018 6:00,1958,0.577,0.594,0.578,0.638,0.598,0.641
6/20/2018 6:30,1959,0.579,0.595,0.579,0.64,0.6,0.641
6/20/2018 7:00,1960,0.578,0.595,0.579,0.64,0.6,0.64
6/20/2018 7:30,1961,0.575,0.595,0.579,0.638,0.601,0.637
6/20/2018 8:00,1962,0.568,0.592,0.576,0.638,0.601,0.631
6/20/2018 8:30,1963,0.523,0.57,0.529,0.616,0.591,0.587
6/20/2018 9:00,1964,0.471,0.54,0.49,0.586,0.565,0.52
6/20/2018 9:30,1965,0.406,0.504,0.435,0.538,0.53,0.456
6/20/2018 10:00,1966,0.39,0.493,0.424,0.521,0.518,0.444
6/20/2018 10:30,1967,0.378,0.483,0.415,0.497,0.502,0.434
6/20/2018 11:00,1968,0.378,0.479,0.411,0.503,0.49,0.441
6/20/2018 11:30,1969,0.382,0.475,0.414,0.515,0.489,0.447
6/20/2018 12:00,1970,0.382,0.471,0.412,0.509,0.485,0.44
6/20/2018 12:30,1971,0.385,0.465,0.411,0.508,0.478,0.442
6/20/2018 13:00,1972,0.394,0.472,0.422,0.524,0.497,0.452
6/20/2018 13:30,1973,0.382,0.469,0.416,0.52,0.49,0.438
6/20/2018 14:00,1974,0.38,0.463,0.414,0.515,0.481,0.433
6/20/2018 14:30,1975,0.385,0.461,0.41,0.511,0.476,0.437
6/20/2018 15:00,1976,0.387,0.457,0.411,0.51,0.471,0.438
6/20/2018 15:30,1977,0.407,0.477,0.435,0.542,0.492,0.461
6/20/2018 16:00,1978,0.407,0.467,0.426,0.532,0.483,0.457
6/20/2018 16:30,1979,0.425,0.48,0.446,0.548,0.495,0.474
6/20/2018 17:00,1980,0.456,0.507,0.473,0.576,0.516,0.508
6/20/2018 17:30,1981,0.495,0.536,0.51,0.605,0.539,0.548
6/20/2018 18:00,1982,0.524,0.561,0.536,0.622,0.563,0.59
6/20/2018 18:30,1983,0.544,0.576,0.553,0.631,0.58,0.614
6/20/2018 19:00,1984,0.554,0.583,0.561,0.635,0.589,0.624
6/20/2018 19:30,1985,0.561,0.588,0.566,0.638,0.595,0.63
6/20/2018 20:00,1986,0.563,0.591,0.567,0.638,0.597,0.633
6/20/2018 20:30,1987,0.566,0.594,0.57,0.639,0.599,0.636
6/20/2018 21:00,1988,0.569,0.594,0.572,0.64,0.6,0.637
6/20/2018 21:30,1989,0.57,0.595,0.571,0.64,0.6,0.637
6/20/2018 22:00,1990,0.571,0.595,0.572,0.64,0.601,0.639
6/20/2018 22:30,1991,0.572,0.593,0.573,0.641,0.598,0.639
6/20/2018 23:00,1992,0.573,0.594,0.574,0.642,0.601,0.642
6/20/2018 23:30,1993,0.574,0.595,0.574,0.642,0.604,0.643
6/21/2018 0:00,1994,0.574,0.595,0.574,0.643,0.605,0.643
6/21/2018 0:30,1995,0.575,0.595,0.575,0.643,0.605,0.642
6/21/2018 1:00,1996,0.575,0.595,0.575,0.643,0.605,0.643
6/21/2018 1:30,1997,0.575,0.595,0.575,0.643,0.605,0.643
6/21/2018 2:00,1998,0.576,0.596,0.575,0.643,0.606,0.642
6/21/2018 2:30,1999,0.575,0.596,0.574,0.643,0.606,0.642
6/21/2018 3:00,2000,0.575,0.596,0.575,0.643,0.606,0.642
6/21/2018 3:30,2001,0.575,0.595,0.575,0.643,0.604,0.642
6/21/2018 4:00,2002,0.575,0.595,0.575,0.643,0.604,0.642
6/21/2018 4:30,2003,0.576,0.595,0.575,0.642,0.605,0.643
6/21/2018 5:00,2004,0.575,0.596,0.575,0.641,0.605,0.642
6/21/2018 5:30,2005,0.575,0.596,0.575,0.64,0.604,0.641
6/21/2018 6:00,2006,0.575,0.595,0.576,0.641,0.604,0.642
6/21/2018 6:30,2007,0.575,0.596,0.575,0.64,0.604,0.641
6/21/2018 7:00,2008,0.575,0.596,0.576,0.641,0.605,0.64
6/21/2018 7:30,2009,0.575,0.595,0.576,0.64,0.604,0.64
6/21/2018 8:00,2010,0.574,0.595,0.576,0.639,0.604,0.638
6/21/2018 8:30,2011,0.574,0.595,0.576,0.638,0.602,0.637
6/21/2018 9:00,2012,0.572,0.595,0.576,0.636,0.602,0.635
6/21/2018 9:30,2013,0.548,0.593,0.566,0.629,0.599,0.613
6/21/2018 10:00,2014,0.47,0.584,0.518,0.601,0.59,0.545
6/21/2018 10:30,2015,0.445,0.569,0.508,0.587,0.577,0.527
6/21/2018 11:00,2016,0.426,0.554,0.493,0.578,0.562,0.51
6/21/2018 11:30,2017,0.412,0.535,0.468,0.564,0.535,0.491
6/21/2018 12:00,2018,0.4,0.522,0.447,0.548,0.519,0.476
6/21/2018 12:30,2019,0.399,0.519,0.447,0.548,0.516,0.473
6/21/2018 13:00,2020,0.409,0.515,0.445,0.549,0.512,0.482
6/21/2018 13:30,2021,0.413,0.515,0.453,0.555,0.509,0.486
6/21/2018 14:00,2022,0.406,0.508,0.446,0.549,0.502,0.475
6/21/2018 14:30,2023,0.413,0.508,0.453,0.555,0.506,0.483
6/21/2018 15:00,2024,0.407,0.503,0.452,0.557,0.501,0.481
6/21/2018 15:30,2025,0.396,0.491,0.44,0.546,0.486,0.468
6/21/2018 16:00,2026,0.403,0.485,0.439,0.547,0.481,0.468
6/21/2018 16:30,2027,0.41,0.486,0.442,0.55,0.487,0.475
6/21/2018 17:00,2028,0.423,0.497,0.456,0.563,0.497,0.489
