"TOA5","CR1000-SALT2","CR1000","86631","CR1000.Std.31.03","CPU:Sapflow_SERC.CR1","8974","Table1"
"TIMESTAMP","RECORD","DiffVolt_Avg(1)","DiffVolt_Avg(2)","DiffVolt_Avg(3)","DiffVolt_Avg(4)","DiffVolt_Avg(5)","DiffVolt_Avg(6)","DiffVolt_Avg(7)","DiffVolt_Avg(8)"
"TS","RN","mV","mV","mV","mV","mV","mV","mV","mV"
"","","Avg","Avg","Avg","Avg","Avg","Avg","Avg","Avg"
"2018-05-09 13:30:00",0,0.006,0.009,0.011,0.017,-0.004,0.015,"NAN","NAN"
"2018-05-10 11:30:00",1,0.24,0.212,0.203,0.194,0.191,0.193,0.213,0.194
"2018-05-10 12:00:00",2,0.467,0.405,0.395,0.415,0.382,0.368,0.449,0.445
"2018-05-10 12:30:00",3,0.526,0.459,0.441,0.476,0.437,0.417,0.506,0.525
"2018-05-10 13:00:00",4,0.542,0.472,0.453,0.493,0.453,0.429,0.52,0.55
"2018-05-10 13:30:00",5,0.535,0.465,0.447,0.482,0.441,0.415,0.515,0.556
"2018-05-10 14:00:00",6,0.535,0.462,0.446,0.48,0.433,0.411,0.501,0.557
"2018-05-10 14:30:00",7,0.537,0.461,0.448,0.481,0.427,0.415,0.496,0.554
"2018-05-10 15:00:00",8,0.544,0.464,0.458,0.488,0.432,0.421,0.499,0.554
"2018-05-10 15:30:00",9,0.549,0.467,0.463,0.488,0.419,0.424,0.479,0.552
"2018-05-10 16:00:00",10,0.561,0.473,0.473,0.502,0.444,0.434,0.507,0.559
"2018-05-10 16:30:00",11,0.576,0.487,0.486,0.513,0.462,0.45,0.523,0.566
"2018-05-10 17:00:00",12,0.597,0.504,0.509,0.531,0.486,0.474,0.54,0.569
"2018-05-10 17:30:00",13,0.61,0.517,0.523,0.54,0.499,0.488,0.551,0.571
"2018-05-10 18:00:00",14,0.63,0.535,0.548,0.558,0.517,0.516,0.568,0.575
"2018-05-10 18:30:00",15,0.642,0.548,0.571,0.571,0.532,0.541,0.576,0.576
"2018-05-10 19:00:00",16,0.654,0.556,0.581,0.583,0.54,0.549,0.588,0.578
"2018-05-10 19:30:00",17,0.66,0.558,0.58,0.586,0.544,0.546,0.593,0.579
"2018-05-10 20:00:00",18,0.661,0.558,0.588,0.586,0.545,0.553,0.595,0.58
"2018-05-10 20:30:00",19,0.665,0.56,0.593,0.588,0.547,0.562,0.598,0.58
"2018-05-10 21:00:00",20,0.67,0.564,0.6,0.594,0.549,0.568,0.603,0.579
"2018-05-10 21:30:00",21,0.675,0.567,0.606,0.598,0.552,0.57,0.609,0.579
"2018-05-10 22:00:00",22,0.678,0.569,0.609,0.6,0.553,0.574,0.612,0.582
"2018-05-10 22:30:00",23,0.68,0.57,0.611,0.601,0.555,0.576,0.615,0.584
"2018-05-10 23:00:00",24,0.683,0.571,0.611,0.602,0.557,0.58,0.621,0.588
"2018-05-10 23:30:00",25,0.684,0.572,0.613,0.602,0.558,0.58,0.621,0.588
"2018-05-11 00:00:00",26,0.685,0.573,0.615,0.602,0.559,0.581,0.622,0.59
"2018-05-11 00:30:00",27,0.686,0.573,0.617,0.603,0.56,0.583,0.624,0.592
"2018-05-11 01:00:00",28,0.686,0.574,0.619,0.603,0.561,0.585,0.627,0.594
"2018-05-11 01:30:00",29,0.687,0.574,0.619,0.603,0.562,0.583,0.628,0.595
"2018-05-11 02:00:00",30,0.687,0.574,0.62,0.602,0.563,0.582,0.628,0.595
"2018-05-11 02:30:00",31,0.688,0.574,0.621,0.602,0.563,0.582,0.629,0.596
"2018-05-11 03:00:00",32,0.688,0.574,0.622,0.603,0.564,0.582,0.629,0.596
"2018-05-11 03:30:00",33,0.689,0.574,0.623,0.603,0.564,0.582,0.629,0.596
"2018-05-11 04:00:00",34,0.689,0.574,0.623,0.603,0.564,0.581,0.629,0.597
"2018-05-11 04:30:00",35,0.689,0.574,0.623,0.602,0.564,0.58,0.629,0.597
"2018-05-11 05:00:00",36,0.69,0.575,0.625,0.602,0.565,0.579,0.63,0.598
"2018-05-11 05:30:00",37,0.69,0.575,0.626,0.602,0.565,0.578,0.631,0.598
"2018-05-11 06:00:00",38,0.69,0.575,0.626,0.602,0.566,0.577,0.63,0.598
"2018-05-11 06:30:00",39,0.69,0.576,0.625,0.602,0.566,0.576,0.63,0.599
"2018-05-11 07:00:00",40,0.69,0.576,0.615,0.602,0.566,0.575,0.63,0.6
"2018-05-11 07:30:00",41,0.685,0.575,0.581,0.597,0.564,0.559,0.628,0.599
"2018-05-11 08:00:00",42,0.665,0.565,0.54,0.575,0.555,0.522,0.62,0.597
"2018-05-11 08:30:00",43,0.633,0.543,0.517,0.548,0.53,0.491,0.602,0.595
"2018-05-11 09:00:00",44,0.609,0.519,0.501,0.529,0.494,0.474,0.58,0.593
"2018-05-11 09:30:00",45,0.596,0.505,0.497,0.522,0.473,0.465,0.56,0.589
"2018-05-11 10:00:00",46,0.586,0.495,0.493,0.515,0.46,0.458,0.537,0.582
"2018-05-11 10:30:00",47,0.58,0.488,0.491,0.509,0.451,0.454,0.52,0.575
"2018-05-11 11:00:00",48,0.577,0.484,0.491,0.507,0.446,0.451,0.511,0.571
"2018-05-11 11:30:00",49,0.572,0.479,0.49,0.503,0.442,0.45,0.501,0.565
"2018-05-11 12:00:00",50,0.569,0.476,0.489,0.501,0.44,0.448,0.494,0.557
"2018-05-11 12:30:00",51,0.575,0.48,0.495,0.512,0.447,0.453,0.505,0.56
"2018-05-11 13:00:00",52,0.57,0.476,0.493,0.507,0.44,0.449,0.499,0.557
"2018-05-11 13:30:00",53,0.567,0.473,0.489,0.504,0.437,0.448,0.496,0.555
"2018-05-11 14:00:00",54,0.568,0.473,0.49,0.506,0.437,0.448,0.497,0.552
"2018-05-11 14:30:00",55,0.566,0.472,0.489,0.505,0.437,0.448,0.494,0.549
"2018-05-11 15:00:00",56,0.569,0.474,0.492,0.508,0.439,0.449,0.505,0.553
"2018-05-11 15:30:00",57,0.567,0.473,0.49,0.506,0.439,0.449,0.5,0.55
"2018-05-11 16:00:00",58,0.57,0.475,0.493,0.51,0.442,0.45,0.505,0.552
"2018-05-11 16:30:00",59,0.573,0.478,0.495,0.513,0.446,0.452,0.505,0.551
"2018-05-11 17:00:00",60,0.581,0.484,0.503,0.52,0.455,0.457,0.519,0.558
"2018-05-11 17:30:00",61,0.59,0.492,0.513,0.528,0.471,0.464,0.528,0.564
"2018-05-11 18:00:00",62,0.593,0.496,0.518,0.528,0.478,0.468,0.535,0.567
"2018-05-11 18:30:00",63,0.605,0.509,0.53,0.535,0.492,0.482,0.544,0.572
"2018-05-11 19:00:00",64,0.626,0.534,0.55,0.555,0.516,0.503,0.563,0.578
"2018-05-11 19:30:00",65,0.643,0.55,0.566,0.565,0.532,0.521,0.576,0.581
"2018-05-11 20:00:00",66,0.663,0.561,0.597,0.586,0.544,0.553,0.591,0.583
"2018-05-11 20:30:00",67,0.677,0.57,0.616,0.601,0.551,0.573,0.603,0.586
"2018-05-11 21:00:00",68,0.684,0.574,0.625,0.607,0.555,0.582,0.613,0.587
"2018-05-11 21:30:00",69,0.689,0.577,0.629,0.609,0.559,0.588,0.619,0.591
"2018-05-11 22:00:00",70,0.691,0.579,0.632,0.61,0.562,0.592,0.624,0.595
"2018-05-11 22:30:00",71,0.693,0.58,0.634,0.611,0.563,0.593,0.626,0.598
"2018-05-11 23:00:00",72,0.695,0.581,0.636,0.611,0.565,0.595,0.629,0.6
"2018-05-11 23:30:00",73,0.696,0.582,0.637,0.61,0.566,0.598,0.63,0.602
"2018-05-12 00:00:00",74,0.697,0.582,0.638,0.611,0.566,0.596,0.63,0.6
"2018-05-12 00:30:00",75,0.698,0.582,0.638,0.61,0.567,0.601,0.631,0.603
"2018-05-12 01:00:00",76,0.699,0.583,0.64,0.612,0.567,0.603,0.634,0.603
"2018-05-12 01:30:00",77,0.699,0.581,0.64,0.61,0.567,0.604,0.633,0.601
"2018-05-12 02:00:00",78,0.699,0.58,0.639,0.609,0.565,0.604,0.632,0.601
"2018-05-12 02:30:00",79,0.699,0.58,0.639,0.608,0.565,0.604,0.633,0.599
"2018-05-12 03:00:00",80,0.699,0.579,0.637,0.606,0.563,0.603,0.631,0.598
"2018-05-12 03:30:00",81,0.699,0.578,0.636,0.604,0.562,0.602,0.628,0.596
"2018-05-12 04:00:00",82,0.699,0.578,0.637,0.604,0.562,0.603,0.631,0.597
"2018-05-12 04:30:00",83,0.699,0.579,0.64,0.61,0.563,0.604,0.636,0.598
"2018-05-12 05:00:00",84,0.699,0.579,0.64,0.608,0.564,0.604,0.633,0.598
"2018-05-12 05:30:00",85,0.697,0.578,0.64,0.608,0.563,0.604,0.63,0.598
"2018-05-12 06:00:00",86,0.697,0.579,0.64,0.608,0.564,0.603,0.632,0.597
"2018-05-12 06:30:00",87,0.698,0.579,0.641,0.609,0.565,0.603,0.635,0.599
"2018-05-12 07:00:00",88,0.689,0.573,0.632,0.601,0.562,0.602,0.616,0.596
"2018-05-12 07:30:00",89,0.681,0.571,0.602,0.594,0.558,0.591,0.604,0.593
"2018-05-12 08:00:00",90,0.662,0.562,0.561,0.578,0.55,0.56,0.594,0.588
"2018-05-12 08:30:00",91,0.642,0.551,0.542,0.56,0.538,0.532,0.586,0.587
"2018-05-12 09:00:00",92,0.625,0.534,0.527,0.542,0.518,0.507,0.575,0.587
"2018-05-12 09:30:00",93,0.62,0.526,0.521,0.537,0.504,0.497,0.563,0.587
"2018-05-12 10:00:00",94,0.62,0.525,0.523,0.54,0.502,0.497,0.554,0.589
"2018-05-12 10:30:00",95,0.611,0.512,0.514,0.531,0.492,0.483,0.546,0.588
"2018-05-12 11:00:00",96,0.599,0.501,0.505,0.517,0.478,0.469,0.536,0.584
"2018-05-12 11:30:00",97,0.589,0.491,0.5,0.511,0.467,0.462,0.523,0.58
"2018-05-12 12:00:00",98,0.587,0.489,0.504,0.516,0.462,0.465,0.519,0.579
"2018-05-12 12:30:00",99,0.589,0.491,0.504,0.52,0.464,0.468,0.51,0.574
"2018-05-12 13:00:00",100,0.586,0.488,0.504,0.518,0.464,0.466,0.507,0.573
"2018-05-12 13:30:00",101,0.579,0.481,0.501,0.512,0.455,0.459,0.508,0.572
"2018-05-12 14:00:00",102,0.583,0.482,0.503,0.516,0.458,0.463,0.513,0.573
"2018-05-12 14:30:00",103,0.58,0.48,0.501,0.516,0.455,0.458,0.512,0.574
"2018-05-12 15:00:00",104,0.578,0.479,0.501,0.513,0.449,0.456,0.515,0.575
"2018-05-12 15:30:00",105,0.578,0.48,0.502,0.515,0.451,0.457,0.518,0.575
"2018-05-12 16:00:00",106,0.582,0.482,0.506,0.518,0.453,0.459,0.523,0.577
"2018-05-12 16:30:00",107,0.583,0.483,0.508,0.52,0.453,0.461,0.527,0.576
"2018-05-12 17:00:00",108,0.582,0.485,0.507,0.517,0.453,0.46,0.529,0.577
"2018-05-12 17:30:00",109,0.592,0.493,0.517,0.525,0.469,0.469,0.541,0.578
"2018-05-12 18:00:00",110,0.607,0.507,0.531,0.537,0.491,0.483,0.552,0.58
"2018-05-12 18:30:00",111,0.614,0.516,0.539,0.54,0.499,0.49,0.56,0.579
"2018-05-12 19:00:00",112,0.631,0.531,0.561,0.557,0.516,0.517,0.569,0.577
"2018-05-12 19:30:00",113,0.653,0.55,0.591,0.58,0.533,0.548,0.582,0.578
"2018-05-12 20:00:00",114,0.672,0.565,0.613,0.598,0.545,0.572,0.597,0.581
"2018-05-12 20:30:00",115,0.682,0.572,0.623,0.606,0.551,0.586,0.607,0.585
"2018-05-12 21:00:00",116,0.675,0.567,0.612,0.594,0.55,0.584,0.587,0.571
"2018-05-12 21:30:00",117,0.67,0.566,0.594,0.528,0.551,0.577,0.524,0.551
"2018-05-12 22:00:00",118,0.654,0.567,0.591,0.463,0.554,0.58,0.537,0.533
"2018-05-12 22:30:00",119,0.665,0.575,0.6,0.514,0.558,0.586,0.574,0.551
"2018-05-12 23:00:00",120,0.671,0.576,0.599,0.527,0.559,0.588,0.582,0.552
"2018-05-12 23:30:00",121,0.676,0.578,0.603,0.54,0.561,0.591,0.588,0.56
"2018-05-13 00:00:00",122,0.675,0.578,0.601,0.542,0.561,0.594,0.588,0.564
"2018-05-13 00:30:00",123,0.673,0.576,0.601,0.543,0.561,0.595,0.584,0.562
"2018-05-13 01:00:00",124,0.682,0.58,0.605,0.554,0.563,0.597,0.597,0.57
"2018-05-13 01:30:00",125,0.684,0.581,0.607,0.558,0.564,0.598,0.6,0.576
"2018-05-13 02:00:00",126,0.685,0.581,0.605,0.557,0.564,0.596,0.598,0.58
"2018-05-13 02:30:00",127,0.682,0.578,0.596,0.549,0.56,0.593,0.588,0.574
"2018-05-13 03:00:00",128,0.674,0.574,0.592,0.544,0.558,0.591,0.576,0.57
"2018-05-13 03:30:00",129,0.673,0.573,0.59,0.542,0.557,0.589,0.573,0.569
"2018-05-13 04:00:00",130,0.668,0.574,0.594,0.541,0.558,0.59,0.57,0.573
"2018-05-13 04:30:00",131,0.667,0.571,0.598,0.542,0.558,0.591,0.574,0.574
"2018-05-13 05:00:00",132,0.67,0.572,0.601,0.545,0.558,0.593,0.581,0.576
"2018-05-13 05:30:00",133,0.678,0.574,0.601,0.547,0.557,0.592,0.592,0.574
"2018-05-13 06:00:00",134,0.68,0.576,0.611,0.555,0.559,0.595,0.602,0.569
"2018-05-13 06:30:00",135,0.683,0.578,0.62,0.561,0.561,0.599,0.589,0.537
"2018-05-13 07:00:00",136,0.683,0.578,0.622,0.562,0.561,0.6,0.586,0.537
"2018-05-13 07:30:00",137,0.678,0.571,0.622,0.56,0.561,0.601,0.584,0.542
"2018-05-13 08:00:00",138,0.678,0.572,0.62,0.56,0.56,0.601,0.59,0.552
"2018-05-13 08:30:00",139,0.678,0.575,0.615,0.56,0.559,0.597,0.585,0.559
"2018-05-13 09:00:00",140,0.676,0.574,0.613,0.559,0.558,0.596,0.584,0.56
"2018-05-13 09:30:00",141,0.676,0.572,0.613,0.563,0.56,0.597,0.591,0.563
"2018-05-13 10:00:00",142,0.676,0.574,0.613,0.564,0.561,0.597,0.589,0.563
"2018-05-13 10:30:00",143,0.663,0.572,0.6,0.551,0.558,0.589,0.567,0.554
"2018-05-13 11:00:00",144,0.66,0.57,0.594,0.549,0.558,0.586,0.566,0.55
"2018-05-13 11:30:00",145,0.67,0.572,0.605,0.556,0.56,0.593,0.585,0.556
"2018-05-13 12:00:00",146,0.673,0.575,0.61,0.56,0.561,0.595,0.593,0.564
"2018-05-13 12:30:00",147,0.67,0.573,0.606,0.558,0.561,0.594,0.587,0.562
"2018-05-13 13:00:00",148,0.674,0.574,0.607,0.561,0.562,0.594,0.592,0.563
"2018-05-13 13:30:00",149,0.668,0.571,0.608,0.557,0.562,0.596,0.581,0.559
"2018-05-13 14:00:00",150,0.664,0.565,0.606,0.553,0.562,0.594,0.576,0.551
"2018-05-13 14:30:00",151,0.665,0.565,0.607,0.553,0.562,0.595,0.581,0.554
"2018-05-13 15:00:00",152,0.667,0.567,0.608,0.556,0.562,0.595,0.585,0.561
"2018-05-13 15:30:00",153,0.667,0.568,0.606,0.556,0.562,0.595,0.585,0.563
"2018-05-13 16:00:00",154,0.667,0.568,0.604,0.557,0.562,0.594,0.587,0.565
"2018-05-13 16:30:00",155,0.668,0.569,0.601,0.56,0.561,0.591,0.589,0.568
"2018-05-13 17:00:00",156,0.669,0.572,0.596,0.561,0.559,0.586,0.594,0.573
"2018-05-13 17:30:00",157,0.671,0.576,0.595,0.565,0.559,0.585,0.598,0.578
"2018-05-13 18:00:00",158,0.672,0.577,0.598,0.566,0.56,0.588,0.597,0.579
"2018-05-13 18:30:00",159,0.67,0.576,0.597,0.565,0.559,0.587,0.596,0.578
"2018-05-13 19:00:00",160,0.672,0.577,0.599,0.567,0.56,0.589,0.597,0.578
"2018-05-13 19:30:00",161,0.677,0.58,0.604,0.572,0.561,0.594,0.604,0.582
"2018-05-13 20:00:00",162,0.68,0.582,0.613,0.576,0.563,0.6,0.606,0.582
"2018-05-13 20:30:00",163,0.682,0.583,0.618,0.579,0.565,0.603,0.608,0.584
"2018-05-13 21:00:00",164,0.683,0.582,0.621,0.579,0.565,0.605,0.609,0.583
"2018-05-13 21:30:00",165,0.684,0.581,0.624,0.58,0.566,0.606,0.61,0.585
"2018-05-13 22:00:00",166,0.682,0.578,0.624,0.58,0.566,0.607,0.608,0.583
"2018-05-13 22:30:00",167,0.686,0.578,0.625,0.584,0.566,0.605,0.612,0.584
"2018-05-13 23:00:00",168,0.679,0.579,0.62,0.57,0.565,0.602,0.585,0.559
"2018-05-13 23:30:00",169,0.652,0.58,0.609,0.52,0.565,0.601,0.565,0.534
"2018-05-14 00:00:00",170,0.655,0.572,0.608,0.526,0.564,0.599,0.581,0.544
"2018-05-14 00:30:00",171,0.663,0.571,0.612,0.548,0.564,0.597,0.591,0.554
"2018-05-14 01:00:00",172,0.67,0.573,0.617,0.559,0.563,0.597,0.601,0.563
"2018-05-14 01:30:00",173,0.663,0.573,0.62,0.565,0.563,0.597,0.602,0.567
"2018-05-14 02:00:00",174,0.623,0.574,0.622,0.568,0.562,0.597,0.603,0.569
"2018-05-14 02:30:00",175,0.616,0.574,0.623,0.57,0.562,0.598,0.603,0.572
"2018-05-14 03:00:00",176,0.613,0.572,0.622,0.57,0.56,0.599,0.6,0.572
"2018-05-14 03:30:00",177,0.606,0.567,0.621,0.566,0.558,0.599,0.592,0.568
"2018-05-14 04:00:00",178,0.608,0.57,0.623,0.569,0.558,0.599,0.599,0.568
"2018-05-14 04:30:00",179,0.61,0.571,0.624,0.573,0.559,0.599,0.602,0.57
"2018-05-14 05:00:00",180,0.61,0.573,0.626,0.576,0.559,0.599,0.606,0.571
"2018-05-14 05:30:00",181,0.61,0.573,0.625,0.576,0.559,0.598,0.603,0.571
"2018-05-14 06:00:00",182,0.609,0.573,0.624,0.573,0.558,0.598,0.6,0.571
"2018-05-14 06:30:00",183,0.608,0.571,0.624,0.572,0.557,0.598,0.601,0.571
"2018-05-14 07:00:00",184,0.608,0.571,0.622,0.572,0.556,0.599,0.603,0.571
"2018-05-14 07:30:00",185,0.606,0.568,0.62,0.571,0.556,0.599,0.598,0.569
"2018-05-14 08:00:00",186,0.606,0.568,0.62,0.572,0.557,0.6,0.599,0.568
"2018-05-14 08:30:00",187,0.608,0.57,0.62,0.572,0.557,0.6,0.602,0.569
"2018-05-14 09:00:00",188,0.609,0.572,0.621,0.574,0.557,0.601,0.602,0.569
"2018-05-14 09:30:00",189,0.609,0.573,0.618,0.575,0.557,0.602,0.598,0.568
"2018-05-14 10:00:00",190,0.608,0.573,0.615,0.574,0.556,0.601,0.594,0.566
"2018-05-14 10:30:00",191,0.609,0.574,0.606,0.57,0.555,0.597,0.591,0.559
"2018-05-14 11:00:00",192,0.61,0.577,0.603,0.575,0.557,0.593,0.598,0.564
"2018-05-14 11:30:00",193,0.604,0.574,0.592,0.57,0.556,0.583,0.591,0.564
"2018-05-14 12:00:00",194,0.601,0.575,0.581,0.569,0.554,0.568,0.591,0.563
"2018-05-14 12:30:00",195,0.6,0.576,0.583,0.569,0.556,0.572,0.59,0.564
"2018-05-14 13:00:00",196,0.597,0.574,0.576,0.566,0.554,0.562,0.587,0.564
"2018-05-14 13:30:00",197,0.588,0.571,0.566,0.559,0.548,0.55,0.577,0.562
"2018-05-14 14:00:00",198,0.587,0.571,0.565,0.56,0.546,0.546,0.576,0.565
"2018-05-14 14:30:00",199,0.576,0.561,0.552,0.549,0.536,0.529,0.561,0.563
"2018-05-14 15:00:00",200,0.565,0.552,0.54,0.54,0.525,0.512,0.553,0.564
"2018-05-14 15:30:00",201,0.557,0.543,0.531,0.532,0.516,0.501,0.54,0.562
"2018-05-14 16:00:00",202,0.547,0.532,0.523,0.524,0.505,0.485,0.53,0.56
"2018-05-14 16:30:00",203,0.535,0.52,0.516,0.514,0.491,0.478,0.524,0.559
"2018-05-14 17:00:00",204,0.53,0.517,0.514,0.51,0.488,0.477,0.526,0.561
"2018-05-14 17:30:00",205,0.54,0.526,0.523,0.518,0.501,0.489,0.531,0.56
"2018-05-14 18:00:00",206,0.555,0.543,0.54,0.532,0.516,0.514,0.549,0.567
"2018-05-14 18:30:00",207,0.574,0.56,0.565,0.548,0.532,0.545,0.566,0.57
"2018-05-14 19:00:00",208,0.59,0.571,0.589,0.564,0.543,0.57,0.578,0.569
"2018-05-14 19:30:00",209,0.599,0.576,0.604,0.57,0.55,0.588,0.586,0.57
"2018-05-14 20:00:00",210,0.602,0.576,0.611,0.572,0.551,0.592,0.584,0.567
"2018-05-14 20:30:00",211,0.574,0.573,0.605,0.552,0.55,0.593,0.54,0.537
"2018-05-14 21:00:00",212,0.542,0.568,0.602,0.476,0.55,0.589,0.547,0.517
"2018-05-14 21:30:00",213,0.549,0.566,0.603,0.49,0.55,0.59,0.577,0.531
"2018-05-14 22:00:00",214,0.552,0.564,0.602,0.525,0.549,0.587,0.573,0.533
"2018-05-14 22:30:00",215,0.544,0.561,0.599,0.507,0.548,0.588,0.573,0.532
"2018-05-14 23:00:00",216,0.549,0.56,0.6,0.514,0.546,0.585,0.574,0.532
"2018-05-14 23:30:00",217,0.558,0.564,0.603,0.528,0.546,0.588,0.578,0.544
"2018-05-15 00:00:00",218,0.569,0.566,0.607,0.54,0.547,0.587,0.581,0.548
"2018-05-15 00:30:00",219,0.575,0.567,0.609,0.546,0.547,0.586,0.582,0.55
"2018-05-15 01:00:00",220,0.58,0.567,0.612,0.549,0.547,0.585,0.584,0.552
"2018-05-15 01:30:00",221,0.582,0.568,0.615,0.551,0.548,0.589,0.586,0.555
"2018-05-15 02:00:00",222,0.584,0.569,0.617,0.551,0.548,0.592,0.59,0.559
"2018-05-15 02:30:00",223,0.586,0.57,0.619,0.552,0.533,0.593,0.592,0.56
"2018-05-15 03:00:00",224,0.588,0.571,0.62,0.554,0.528,0.59,0.589,0.557
"2018-05-15 03:30:00",225,0.589,0.571,0.619,0.554,0.526,0.592,0.586,0.558
"2018-05-15 04:00:00",226,0.59,0.57,0.621,0.556,0.525,0.591,0.587,0.557
"2018-05-15 04:30:00",227,0.59,0.57,0.619,0.555,0.526,0.594,0.586,0.559
"2018-05-15 05:00:00",228,0.592,0.571,0.62,0.556,0.526,0.597,0.591,0.563
"2018-05-15 05:30:00",229,0.594,0.571,0.621,0.559,0.527,0.596,0.593,0.563
"2018-05-15 06:00:00",230,0.594,0.572,0.621,0.56,0.527,0.594,0.589,0.562
"2018-05-15 06:30:00",231,0.595,0.571,0.613,0.56,0.526,0.591,0.581,0.556
"2018-05-15 07:00:00",232,0.595,0.567,0.588,0.559,0.525,0.586,0.58,0.554
"2018-05-15 07:30:00",233,0.585,0.56,0.556,0.546,0.523,0.569,0.572,0.551
"2018-05-15 08:00:00",234,0.568,0.553,0.544,0.531,0.516,0.553,0.561,0.551
"2018-05-15 08:30:00",235,0.556,0.545,0.537,0.523,0.506,0.538,0.553,0.552
"2018-05-15 09:00:00",236,0.534,0.526,0.517,0.505,0.486,0.508,0.532,0.55
"2018-05-15 09:30:00",237,0.519,0.51,0.507,0.495,0.463,0.485,0.515,0.546
"2018-05-15 10:00:00",238,0.513,0.503,0.503,0.49,0.453,0.479,0.505,0.547
"2018-05-15 10:30:00",239,0.504,0.495,0.498,0.482,0.441,0.469,0.496,0.549
"2018-05-15 11:00:00",240,0.508,0.497,0.502,0.487,0.445,0.471,0.495,0.547
"2018-05-15 11:30:00",241,0.499,0.488,0.494,0.478,0.438,0.463,0.489,0.549
"2018-05-15 12:00:00",242,0.493,0.482,0.492,0.475,0.427,0.458,0.483,0.544
"2018-05-15 12:30:00",243,0.492,0.479,0.49,0.474,0.422,0.455,0.482,0.542
"2018-05-15 13:00:00",244,0.49,0.479,0.492,0.474,0.421,0.455,0.482,0.544
"2018-05-15 13:30:00",245,0.489,0.478,0.49,0.473,0.421,0.454,0.482,0.544
"2018-05-15 14:00:00",246,0.492,0.479,0.49,0.475,0.425,0.455,0.485,0.544
"2018-05-15 14:30:00",247,0.494,0.48,0.491,0.476,0.432,0.455,0.49,0.547
"2018-05-15 15:00:00",248,0.492,0.477,0.49,0.475,0.426,0.452,0.493,0.548
"2018-05-15 15:30:00",249,0.492,0.476,0.488,0.474,0.425,0.452,0.494,0.548
"2018-05-15 16:00:00",250,0.492,0.476,0.488,0.473,0.425,0.45,0.497,0.55
"2018-05-15 16:30:00",251,0.496,0.479,0.491,0.476,0.43,0.454,0.503,0.554
"2018-05-15 17:00:00",252,0.501,0.482,0.496,0.48,0.44,0.456,0.513,0.555
"2018-05-15 17:30:00",253,0.505,0.487,0.5,0.482,0.454,0.459,0.522,0.558
"2018-05-15 18:00:00",254,0.514,0.495,0.507,0.487,0.472,0.467,0.53,0.561
"2018-05-15 18:30:00",255,0.528,0.51,0.519,0.498,0.491,0.481,0.544,0.566
"2018-05-15 19:00:00",256,0.549,0.531,0.535,0.517,0.511,0.5,0.557,0.569
"2018-05-15 19:30:00",257,0.567,0.547,0.555,0.533,0.525,0.528,0.571,0.571
"2018-05-15 20:00:00",258,0.588,0.563,0.587,0.553,0.537,0.563,0.585,0.574
"2018-05-15 20:30:00",259,0.602,0.57,0.603,0.563,0.543,0.58,0.594,0.577
"2018-05-15 21:00:00",260,0.598,0.566,0.6,0.553,0.545,0.582,0.587,0.573
"2018-05-15 21:30:00",261,0.597,0.564,0.591,0.539,0.549,0.576,0.578,0.562
"2018-05-15 22:00:00",262,0.574,0.565,0.592,0.501,0.549,0.576,0.525,0.533
"2018-05-15 22:30:00",263,0.529,0.563,0.597,0.456,0.543,0.581,0.51,0.516
"2018-05-15 23:00:00",264,0.528,0.561,0.598,0.455,0.544,0.585,0.532,0.518
"2018-05-15 23:30:00",265,0.529,0.563,0.606,0.457,0.548,0.587,0.563,0.533
"2018-05-16 00:00:00",266,0.53,0.562,0.606,0.469,0.552,0.59,0.573,0.543
"2018-05-16 00:30:00",267,0.531,0.563,0.607,0.472,0.554,0.592,0.582,0.552
"2018-05-16 01:00:00",268,0.542,0.567,0.611,0.517,0.554,0.594,0.591,0.561
"2018-05-16 01:30:00",269,0.557,0.571,0.614,0.532,0.554,0.595,0.595,0.565
"2018-05-16 02:00:00",270,0.569,0.573,0.617,0.541,0.554,0.597,0.597,0.568
"2018-05-16 02:30:00",271,0.575,0.571,0.618,0.543,0.554,0.596,0.594,0.566
"2018-05-16 03:00:00",272,0.579,0.571,0.619,0.545,0.552,0.596,0.594,0.565
"2018-05-16 03:30:00",273,0.581,0.572,0.62,0.548,0.553,0.597,0.594,0.568
"2018-05-16 04:00:00",274,0.583,0.572,0.622,0.551,0.553,0.599,0.597,0.57
"2018-05-16 04:30:00",275,0.585,0.572,0.624,0.553,0.554,0.6,0.598,0.571
"2018-05-16 05:00:00",276,0.586,0.572,0.622,0.552,0.553,0.6,0.598,0.57
"2018-05-16 05:30:00",277,0.587,0.571,0.622,0.553,0.552,0.6,0.6,0.568
"2018-05-16 06:00:00",278,0.587,0.57,0.62,0.551,0.551,0.599,0.599,0.566
"2018-05-16 06:30:00",279,0.587,0.569,0.62,0.554,0.55,0.599,0.598,0.566
"2018-05-16 07:00:00",280,0.586,0.571,0.623,0.557,0.551,0.6,0.602,0.568
"2018-05-16 07:30:00",281,0.586,0.573,0.624,0.56,0.551,0.602,0.604,0.57
"2018-05-16 08:00:00",282,0.587,0.573,0.624,0.561,0.551,0.603,0.603,0.571
"2018-05-16 08:30:00",283,0.586,0.573,0.622,0.561,0.551,0.604,0.6,0.573
"2018-05-16 09:00:00",284,0.581,0.57,0.614,0.556,0.55,0.601,0.597,0.572
"2018-05-16 09:30:00",285,0.58,0.571,0.603,0.555,0.549,0.595,0.596,0.573
"2018-05-16 10:00:00",286,0.579,0.571,0.601,0.555,0.55,0.594,0.596,0.574
"2018-05-16 10:30:00",287,0.576,0.569,0.593,0.553,0.549,0.588,0.593,0.572
"2018-05-16 11:00:00",288,0.567,0.566,0.576,0.546,0.546,0.57,0.588,0.569
"2018-05-16 11:30:00",289,0.559,0.563,0.567,0.54,0.542,0.558,0.581,0.568
"2018-05-16 12:00:00",290,0.555,0.561,0.565,0.538,0.54,0.556,0.579,0.567
"2018-05-16 12:30:00",291,0.549,0.557,0.561,0.533,0.537,0.549,0.574,0.565
"2018-05-16 13:00:00",292,0.552,0.559,0.565,0.536,0.536,0.554,0.578,0.567
"2018-05-16 13:30:00",293,0.55,0.557,0.562,0.534,0.537,0.548,0.582,0.568
"2018-05-16 14:00:00",294,0.547,0.556,0.56,0.532,0.534,0.543,0.584,0.569
"2018-05-16 14:30:00",295,0.561,0.567,0.583,0.544,0.542,0.57,0.595,0.571
"2018-05-16 15:00:00",296,0.546,0.561,0.601,0.547,0.54,0.588,0.58,0.538
"2018-05-16 15:30:00",297,0.525,0.557,0.602,0.528,0.535,0.591,0.572,0.529
"2018-05-16 16:00:00",298,0.519,0.552,0.59,0.508,0.535,0.586,0.563,0.528
"2018-05-16 16:30:00",299,0.527,0.551,0.577,0.513,0.538,0.584,0.57,0.536
"2018-05-16 17:00:00",300,0.537,0.55,0.56,0.519,0.54,0.585,0.567,0.539
"2018-05-16 17:30:00",301,0.547,0.554,0.559,0.523,0.543,0.589,0.577,0.545
"2018-05-16 18:00:00",302,0.556,0.555,0.561,0.526,0.545,0.592,0.576,0.548
"2018-05-16 18:30:00",303,0.555,0.556,0.565,0.529,0.544,0.593,0.577,0.552
"2018-05-16 19:00:00",304,0.559,0.558,0.569,0.532,0.533,0.595,0.584,0.556
"2018-05-16 19:30:00",305,0.541,0.552,0.567,0.512,0.526,0.593,0.568,0.545
"2018-05-16 20:00:00",306,0.513,0.547,0.562,0.453,0.519,0.582,0.555,0.537
"2018-05-16 20:30:00",307,0.511,0.549,0.565,0.451,0.516,0.578,0.558,0.538
"2018-05-16 21:00:00",308,0.509,0.548,0.564,0.449,0.512,0.575,0.55,0.534
"2018-05-16 21:30:00",309,0.51,0.548,0.57,0.447,0.51,0.576,0.549,0.538
"2018-05-16 22:00:00",310,0.511,0.551,0.575,0.451,0.509,0.578,0.572,0.546
"2018-05-16 22:30:00",311,0.517,0.555,0.583,0.481,0.512,0.583,0.589,0.557
"2018-05-16 23:00:00",312,0.529,0.559,0.584,0.512,0.512,0.586,0.588,0.561
"2018-05-16 23:30:00",313,0.538,0.559,0.583,0.518,0.508,0.587,0.585,0.555
"2018-05-17 00:00:00",314,0.519,0.554,0.583,0.5,0.505,0.586,0.575,0.545
"2018-05-17 00:30:00",315,0.513,0.549,0.585,0.474,0.502,0.584,0.578,0.544
"2018-05-17 01:00:00",316,0.517,0.551,0.587,0.495,0.5,0.583,0.584,0.55
"2018-05-17 01:30:00",317,0.527,0.553,0.589,0.514,0.497,0.585,0.583,0.553
"2018-05-17 02:00:00",318,0.538,0.555,0.591,0.519,0.495,0.587,0.579,0.556
"2018-05-17 02:30:00",319,0.55,0.556,0.595,0.525,0.494,0.589,0.586,0.557
"2018-05-17 03:00:00",320,0.556,0.558,0.595,0.525,0.493,0.589,0.583,0.557
"2018-05-17 03:30:00",321,0.559,0.558,0.596,0.526,0.492,0.589,0.581,0.557
"2018-05-17 04:00:00",322,0.563,0.559,0.597,0.528,0.49,0.589,0.582,0.556
"2018-05-17 04:30:00",323,0.567,0.56,0.596,0.53,0.489,0.59,0.587,0.554
"2018-05-17 05:00:00",324,0.563,0.559,0.597,0.525,0.488,0.59,0.576,0.553
"2018-05-17 05:30:00",325,0.566,0.559,0.596,0.526,0.488,0.589,0.581,0.55
"2018-05-17 06:00:00",326,0.562,0.556,0.597,0.524,0.487,0.59,0.574,0.551
"2018-05-17 06:30:00",327,0.56,0.555,0.597,0.524,0.488,0.59,0.574,0.552
"2018-05-17 07:00:00",328,0.563,0.557,0.596,0.524,0.487,0.589,0.576,0.551
"2018-05-17 07:30:00",329,0.567,0.559,0.596,0.526,0.487,0.59,0.581,0.552
"2018-05-17 08:00:00",330,0.564,0.557,0.596,0.525,0.487,0.59,0.574,0.548
"2018-05-17 08:30:00",331,0.563,0.556,0.595,0.524,0.487,0.589,0.572,0.545
"2018-05-17 09:00:00",332,0.569,0.559,0.596,0.527,0.487,0.59,0.579,0.545
"2018-05-17 09:30:00",333,0.565,0.558,0.599,0.526,0.488,0.593,0.574,0.548
"2018-05-17 10:00:00",334,0.567,0.561,0.597,0.528,0.488,0.593,0.573,0.548
"2018-05-17 10:30:00",335,0.564,0.562,0.598,0.526,0.489,0.595,0.57,0.549
"2018-05-17 11:00:00",336,0.566,0.562,0.594,0.527,0.489,0.596,0.573,0.549
"2018-05-17 11:30:00",337,0.56,0.563,0.591,0.528,0.488,0.594,0.576,0.546
"2018-05-17 12:00:00",338,0.549,0.561,0.585,0.523,0.488,0.589,0.566,0.544
"2018-05-17 12:30:00",339,0.535,0.562,0.581,0.524,0.487,0.584,0.565,0.544
"2018-05-17 13:00:00",340,0.54,0.562,0.584,0.525,0.488,0.585,0.564,0.545
"2018-05-17 13:30:00",341,0.538,0.564,0.583,0.524,0.488,0.583,0.566,0.545
"2018-05-17 14:00:00",342,0.536,0.565,0.583,0.525,0.488,0.585,0.568,0.547
"2018-05-17 14:30:00",343,0.535,0.564,0.584,0.527,0.488,0.585,0.567,0.544
"2018-05-17 15:00:00",344,0.528,0.563,0.591,0.526,0.488,0.588,0.564,0.542
"2018-05-17 15:30:00",345,0.519,0.56,0.589,0.517,0.487,0.586,0.563,0.543
"2018-05-17 16:00:00",346,0.515,0.557,0.588,0.476,0.485,0.585,0.54,0.533
"2018-05-17 16:30:00",347,0.507,0.551,0.584,0.442,0.478,0.579,0.533,0.523
"2018-05-17 17:00:00",348,0.508,0.548,0.587,0.437,0.478,0.58,0.54,0.523
"2018-05-17 17:30:00",349,0.507,0.548,0.584,0.422,0.474,0.576,0.516,0.521
"2018-05-17 18:00:00",350,0.508,0.549,0.586,0.41,0.472,0.576,0.523,0.52
"2018-05-17 18:30:00",351,0.509,0.548,0.587,0.416,0.473,0.575,0.536,0.531
"2018-05-17 19:00:00",352,0.51,0.549,0.589,0.42,0.474,0.576,0.548,0.533
"2018-05-17 19:30:00",353,0.508,0.547,0.589,0.424,0.474,0.577,0.551,0.53
"2018-05-17 20:00:00",354,0.511,0.546,0.592,0.434,0.475,0.58,0.564,0.528
"2018-05-17 20:30:00",355,0.509,0.545,0.591,0.431,0.474,0.579,0.56,0.521
"2018-05-17 21:00:00",356,0.509,0.545,0.591,0.431,0.473,0.577,0.556,0.519
"2018-05-17 21:30:00",357,0.51,0.546,0.591,0.438,0.473,0.578,0.56,0.519
"2018-05-17 22:00:00",358,0.514,0.548,0.591,0.455,0.473,0.576,0.558,0.522
"2018-05-17 22:30:00",359,0.515,0.549,0.593,0.486,0.473,0.577,0.561,0.522
"2018-05-17 23:00:00",360,0.519,0.55,0.592,0.498,0.473,0.578,0.561,0.523
"2018-05-17 23:30:00",361,0.52,0.551,0.595,0.506,0.473,0.581,0.566,0.526
"2018-05-18 00:00:00",362,0.522,0.55,0.594,0.507,0.473,0.58,0.562,0.525
"2018-05-18 00:30:00",363,0.522,0.55,0.591,0.508,0.473,0.578,0.559,0.523
"2018-05-18 01:00:00",364,0.525,0.551,0.595,0.513,0.473,0.581,0.568,0.528
"2018-05-18 01:30:00",365,0.512,0.549,0.589,0.433,0.466,0.576,0.513,0.523
"2018-05-18 02:00:00",366,0.507,0.544,0.584,0.421,0.461,0.57,0.513,0.517
"2018-05-18 02:30:00",367,0.507,0.543,0.58,0.424,0.463,0.57,0.522,0.517
"2018-05-18 03:00:00",368,0.506,0.544,0.578,0.425,0.463,0.569,0.517,0.515
"2018-05-18 03:30:00",369,0.506,0.543,0.58,0.427,0.464,0.57,0.53,0.515
"2018-05-18 04:00:00",370,0.509,0.543,0.584,0.444,0.465,0.571,0.55,0.515
"2018-05-18 04:30:00",371,0.513,0.544,0.586,0.465,0.466,0.573,0.555,0.521
"2018-05-18 05:00:00",372,0.515,0.545,0.585,0.476,0.467,0.573,0.555,0.526
"2018-05-18 05:30:00",373,0.517,0.545,0.583,0.501,0.467,0.572,0.554,0.527
"2018-05-18 06:00:00",374,0.514,0.546,0.582,0.503,0.467,0.571,0.554,0.526
"2018-05-18 06:30:00",375,0.511,0.544,0.579,0.462,0.466,0.571,0.538,0.518
"2018-05-18 07:00:00",376,0.508,0.541,0.574,0.427,0.463,0.568,0.517,0.514
"2018-05-18 07:30:00",377,0.507,0.539,0.573,0.426,0.461,0.567,0.527,0.513
"2018-05-18 08:00:00",378,0.508,0.54,0.575,0.428,0.461,0.569,0.536,0.514
"2018-05-18 08:30:00",379,0.509,0.542,0.577,0.432,0.462,0.57,0.545,0.513
"2018-05-18 09:00:00",380,0.512,0.542,0.581,0.45,0.463,0.572,0.551,0.516
"2018-05-18 09:30:00",381,0.518,0.543,0.584,0.477,0.464,0.574,0.553,0.524
"2018-05-18 10:00:00",382,0.526,0.545,0.583,0.509,0.464,0.576,0.554,0.526
"2018-05-18 10:30:00",383,0.535,0.545,0.575,0.515,0.464,0.576,0.552,0.524
"2018-05-18 11:00:00",384,0.54,0.547,0.573,0.517,0.464,0.578,0.552,0.523
"2018-05-18 11:30:00",385,0.535,0.548,0.579,0.521,0.467,0.584,0.557,0.521
"2018-05-18 12:00:00",386,0.538,0.548,0.581,0.521,0.468,0.586,0.557,0.52
"2018-05-18 12:30:00",387,0.52,0.547,0.578,0.494,0.467,0.583,0.543,0.515
"2018-05-18 13:00:00",388,0.513,0.546,0.569,0.451,0.466,0.577,0.54,0.51
"2018-05-18 13:30:00",389,0.511,0.546,0.566,0.438,0.465,0.575,0.505,0.511
"2018-05-18 14:00:00",390,0.51,0.544,0.564,0.443,0.462,0.573,0.524,0.509
"2018-05-18 14:30:00",391,0.515,0.543,0.564,0.456,0.462,0.57,0.545,0.509
"2018-05-18 15:00:00",392,0.52,0.547,0.563,0.469,0.466,0.566,0.54,0.515
"2018-05-18 15:30:00",393,0.518,0.548,0.565,0.459,0.47,0.568,0.542,0.515
"2018-05-18 16:00:00",394,0.524,0.548,0.571,0.471,0.472,0.568,0.546,0.524
"2018-05-18 16:30:00",395,0.531,0.548,0.573,0.506,0.473,0.569,0.55,0.526
"2018-05-18 17:00:00",396,0.533,0.549,0.579,0.513,0.474,0.576,0.551,0.527
"2018-05-18 17:30:00",397,0.531,0.548,0.576,0.514,0.476,0.58,0.556,0.521
"2018-05-18 18:00:00",398,0.53,0.548,0.58,0.506,0.476,0.58,0.559,0.524
"2018-05-18 18:30:00",399,0.53,0.549,0.585,0.512,0.477,0.582,0.561,0.526
"2018-05-18 19:00:00",400,0.522,0.547,0.579,0.454,0.476,0.578,0.537,0.519
"2018-05-18 19:30:00",401,0.518,0.545,0.578,0.445,0.477,0.573,0.548,0.52
"2018-05-18 20:00:00",402,0.519,0.546,0.581,0.452,0.479,0.572,0.555,0.522
"2018-05-18 20:30:00",403,0.523,0.546,0.584,0.476,0.479,0.571,0.555,0.531
"2018-05-18 21:00:00",404,0.523,0.548,0.589,0.492,0.479,0.573,0.557,0.531
"2018-05-18 21:30:00",405,0.521,0.548,0.586,0.475,0.479,0.572,0.559,0.525
"2018-05-18 22:00:00",406,0.522,0.548,0.588,0.47,0.479,0.571,0.559,0.528
"2018-05-18 22:30:00",407,0.525,0.548,0.59,0.491,0.479,0.572,0.56,0.531
"2018-05-18 23:00:00",408,0.527,0.549,0.59,0.506,0.478,0.573,0.564,0.533
"2018-05-18 23:30:00",409,0.528,0.549,0.592,0.515,0.479,0.578,0.57,0.533
"2018-05-19 00:00:00",410,0.524,0.549,0.591,0.507,0.479,0.583,0.568,0.526
"2018-05-19 00:30:00",411,0.523,0.549,0.591,0.483,0.479,0.582,0.563,0.53
"2018-05-19 01:00:00",412,0.522,0.548,0.589,0.477,0.48,0.582,0.568,0.528
"2018-05-19 01:30:00",413,0.522,0.548,0.585,0.446,0.48,0.579,0.562,0.525
"2018-05-19 02:00:00",414,0.516,0.548,0.58,0.436,0.477,0.572,0.534,0.523
"2018-05-19 02:30:00",415,0.514,0.549,0.586,0.443,0.475,0.574,0.555,0.527
"2018-05-19 03:00:00",416,0.514,0.548,0.588,0.46,0.475,0.573,0.563,0.526
"2018-05-19 03:30:00",417,0.513,0.547,0.587,0.466,0.476,0.572,0.566,0.524
"2018-05-19 04:00:00",418,0.512,0.546,0.583,0.451,0.476,0.571,0.556,0.524
"2018-05-19 04:30:00",419,0.512,0.547,0.583,0.445,0.476,0.572,0.557,0.526
"2018-05-19 05:00:00",420,0.513,0.549,0.587,0.457,0.475,0.573,0.565,0.529
"2018-05-19 05:30:00",421,0.513,0.549,0.59,0.469,0.475,0.572,0.569,0.53
"2018-05-19 06:00:00",422,0.512,0.55,0.587,0.455,0.474,0.573,0.567,0.53
"2018-05-19 06:30:00",423,0.513,0.549,0.591,0.468,0.474,0.572,0.568,0.534
"2018-05-19 07:00:00",424,0.516,0.548,0.592,0.483,0.473,0.573,0.568,0.535
"2018-05-19 07:30:00",425,0.517,0.548,0.593,0.503,0.473,0.574,0.569,0.538
"2018-05-19 08:00:00",426,0.519,0.551,0.596,0.508,0.473,0.575,0.576,0.542
"2018-05-19 08:30:00",427,0.515,0.551,0.595,0.5,0.473,0.576,0.575,0.536
"2018-05-19 09:00:00",428,0.517,0.551,0.595,0.488,0.473,0.576,0.576,0.539
"2018-05-19 09:30:00",429,0.521,0.552,0.598,0.507,0.473,0.578,0.576,0.544
"2018-05-19 10:00:00",430,0.525,0.554,0.6,0.525,0.474,0.582,0.584,0.548
"2018-05-19 10:30:00",431,0.532,0.555,0.603,0.531,0.474,0.582,0.583,0.55
"2018-05-19 11:00:00",432,0.536,0.557,0.603,0.533,0.473,0.583,0.579,0.55
"2018-05-19 11:30:00",433,0.542,0.562,0.603,0.54,0.474,0.587,0.589,0.55
"2018-05-19 12:00:00",434,0.548,0.565,0.603,0.542,0.474,0.589,0.587,0.552
"2018-05-19 12:30:00",435,0.554,0.566,0.602,0.542,0.474,0.589,0.581,0.547
"2018-05-19 13:00:00",436,0.557,0.567,0.601,0.543,0.475,0.586,0.583,0.546
"2018-05-19 13:30:00",437,0.559,0.565,0.598,0.542,0.475,0.582,0.58,0.545
"2018-05-19 14:00:00",438,0.56,0.563,0.597,0.542,0.475,0.582,0.582,0.544
"2018-05-19 14:30:00",439,0.555,0.564,0.589,0.543,0.475,0.572,0.586,0.543
"2018-05-19 15:00:00",440,0.548,0.568,0.591,0.546,0.477,0.578,0.59,0.55
"2018-05-19 15:30:00",441,0.538,0.569,0.593,0.549,0.478,0.58,0.591,0.551
"2018-05-19 16:00:00",442,0.545,0.569,0.594,0.549,0.479,0.581,0.591,0.551
"2018-05-19 16:30:00",443,0.549,0.568,0.595,0.548,0.48,0.581,0.589,0.551
"2018-05-19 17:00:00",444,0.555,0.57,0.598,0.55,0.481,0.582,0.593,0.551
"2018-05-19 17:30:00",445,0.56,0.57,0.596,0.548,0.482,0.579,0.594,0.553
"2018-05-19 18:00:00",446,0.564,0.571,0.598,0.546,0.483,0.584,0.592,0.553
"2018-05-19 18:30:00",447,0.565,0.567,0.601,0.54,0.483,0.587,0.587,0.546
"2018-05-19 19:00:00",448,0.567,0.567,0.606,0.538,0.484,0.592,0.59,0.55
"2018-05-19 19:30:00",449,0.57,0.565,0.608,0.535,0.485,0.593,0.588,0.549
"2018-05-19 20:00:00",450,0.571,0.563,0.608,0.534,0.486,0.592,0.586,0.546
"2018-05-19 20:30:00",451,0.571,0.561,0.609,0.532,0.486,0.591,0.585,0.546
"2018-05-19 21:00:00",452,0.57,0.559,0.606,0.527,0.485,0.59,0.582,0.544
"2018-05-19 21:30:00",453,0.569,0.557,0.605,0.524,0.484,0.588,0.582,0.543
"2018-05-19 22:00:00",454,0.57,0.558,0.607,0.526,0.486,0.589,0.588,0.547
"2018-05-19 22:30:00",455,0.572,0.558,0.607,0.526,0.487,0.589,0.588,0.548
"2018-05-19 23:00:00",456,0.572,0.558,0.607,0.526,0.488,0.588,0.588,0.549
"2018-05-19 23:30:00",457,0.573,0.559,0.607,0.525,0.488,0.588,0.589,0.549
"2018-05-20 00:00:00",458,0.573,0.56,0.608,0.525,0.488,0.588,0.591,0.554
"2018-05-20 00:30:00",459,0.574,0.561,0.608,0.525,0.488,0.588,0.591,0.555
"2018-05-20 01:00:00",460,0.575,0.561,0.608,0.525,0.488,0.587,0.591,0.555
"2018-05-20 01:30:00",461,0.574,0.561,0.608,0.524,0.488,0.588,0.591,0.556
"2018-05-20 02:00:00",462,0.574,0.56,0.607,0.524,0.488,0.587,0.589,0.555
"2018-05-20 02:30:00",463,0.573,0.56,0.607,0.524,0.487,0.587,0.587,0.556
"2018-05-20 03:00:00",464,0.573,0.56,0.607,0.525,0.486,0.588,0.589,0.556
"2018-05-20 03:30:00",465,0.574,0.559,0.607,0.527,0.486,0.587,0.588,0.553
"2018-05-20 04:00:00",466,0.574,0.559,0.607,0.528,0.487,0.587,0.589,0.553
"2018-05-20 04:30:00",467,0.575,0.559,0.608,0.529,0.486,0.588,0.588,0.554
"2018-05-20 05:00:00",468,0.575,0.56,0.607,0.529,0.486,0.589,0.588,0.555
"2018-05-20 05:30:00",469,0.576,0.56,0.609,0.53,0.487,0.589,0.591,0.555
"2018-05-20 06:00:00",470,0.576,0.561,0.609,0.531,0.487,0.59,0.591,0.556
"2018-05-20 06:30:00",471,0.576,0.562,0.609,0.532,0.487,0.59,0.591,0.556
"2018-05-20 07:00:00",472,0.577,0.563,0.605,0.532,0.488,0.591,0.59,0.556
"2018-05-20 07:30:00",473,0.577,0.564,0.594,0.532,0.488,0.589,0.59,0.555
"2018-05-20 08:00:00",474,0.576,0.564,0.575,0.527,0.488,0.58,0.587,0.554
"2018-05-20 08:30:00",475,0.559,0.556,0.536,0.509,0.484,0.538,0.576,0.55
"2018-05-20 09:00:00",476,0.526,0.535,0.511,0.489,0.476,0.498,0.559,0.549
"2018-05-20 09:30:00",477,0.505,0.514,0.499,0.478,0.454,0.474,0.539,0.546
"2018-05-20 10:00:00",478,0.493,0.499,0.491,0.471,0.43,0.461,0.517,0.543
"2018-05-20 10:30:00",479,0.489,0.493,0.488,0.469,0.422,0.46,0.506,0.544
"2018-05-20 11:00:00",480,0.486,0.489,0.486,0.466,0.418,0.455,0.496,0.545
"2018-05-20 11:30:00",481,0.482,0.484,0.483,0.464,0.41,0.451,0.487,0.539
"2018-05-20 12:00:00",482,0.482,0.481,0.483,0.465,0.408,0.451,0.485,0.539
"2018-05-20 12:30:00",483,0.48,0.48,0.482,0.465,0.406,0.449,0.485,0.539
"2018-05-20 13:00:00",484,0.48,0.478,0.481,0.464,0.406,0.447,0.487,0.538
"2018-05-20 13:30:00",485,0.48,0.478,0.481,0.466,0.406,0.447,0.49,0.537
"2018-05-20 14:00:00",486,0.483,0.478,0.482,0.472,0.41,0.448,0.493,0.539
"2018-05-20 14:30:00",487,0.486,0.481,0.484,0.474,0.415,0.45,0.501,0.542
"2018-05-20 15:00:00",488,0.487,0.483,0.483,0.474,0.422,0.45,0.508,0.55
"2018-05-20 15:30:00",489,0.487,0.483,0.486,0.477,0.421,0.449,0.512,0.552
"2018-05-20 16:00:00",490,0.483,0.479,0.481,0.472,0.415,0.446,0.507,0.553
"2018-05-20 16:30:00",491,0.482,0.48,0.483,0.473,0.413,0.445,0.511,0.555
"2018-05-20 17:00:00",492,0.483,0.481,0.485,0.474,0.418,0.446,0.517,0.558
"2018-05-20 17:30:00",493,0.483,0.482,0.486,0.474,0.419,0.446,0.52,0.561
"2018-05-20 18:00:00",494,0.489,0.488,0.492,0.479,0.437,0.449,0.532,0.564
"2018-05-20 18:30:00",495,0.494,0.497,0.497,0.485,0.45,0.452,0.542,0.564
"2018-05-20 19:00:00",496,0.522,0.522,0.523,0.513,0.475,0.481,0.562,0.566
"2018-05-20 19:30:00",497,0.548,0.541,0.546,0.536,0.492,0.512,0.58,0.564
"2018-05-20 20:00:00",498,0.565,0.557,0.571,0.55,0.503,0.54,0.596,0.567
"2018-05-20 20:30:00",499,0.576,0.565,0.585,0.557,0.51,0.556,0.608,0.571
"2018-05-20 21:00:00",500,0.58,0.568,0.597,0.56,0.514,0.571,0.611,0.574
"2018-05-20 21:30:00",501,0.584,0.57,0.604,0.563,0.517,0.578,0.616,0.575
"2018-05-20 22:00:00",502,0.589,0.57,0.608,0.562,0.519,0.583,0.618,0.577
"2018-05-20 22:30:00",503,0.595,0.571,0.612,0.564,0.521,0.586,0.622,0.578
"2018-05-20 23:00:00",504,0.597,0.573,0.615,0.564,0.524,0.59,0.627,0.583
"2018-05-20 23:30:00",505,0.598,0.573,0.617,0.564,0.526,0.591,0.63,0.585
"2018-05-21 00:00:00",506,0.599,0.574,0.618,0.564,0.528,0.593,0.63,0.587
"2018-05-21 00:30:00",507,0.6,0.575,0.62,0.564,0.529,0.593,0.632,0.588
"2018-05-21 01:00:00",508,0.6,0.575,0.62,0.564,0.531,0.594,0.632,0.588
"2018-05-21 01:30:00",509,0.6,0.575,0.621,0.564,0.533,0.594,0.635,0.59
"2018-05-21 02:00:00",510,0.6,0.574,0.618,0.559,0.535,0.594,0.63,0.591
"2018-05-21 02:30:00",511,0.599,0.573,0.614,0.556,0.535,0.595,0.626,0.59
"2018-05-21 03:00:00",512,0.585,0.569,0.607,0.545,0.537,0.591,0.608,0.582
"2018-05-21 03:30:00",513,0.581,0.567,0.604,0.54,0.538,0.59,0.603,0.578
"2018-05-21 04:00:00",514,0.581,0.565,0.607,0.541,0.539,0.592,0.605,0.579
"2018-05-21 04:30:00",515,0.587,0.567,0.606,0.545,0.541,0.592,0.603,0.578
"2018-05-21 05:00:00",516,0.596,0.568,0.613,0.553,0.542,0.597,0.615,0.585
"2018-05-21 05:30:00",517,0.608,0.574,0.616,0.563,0.545,0.6,0.624,0.589
"2018-05-21 06:00:00",518,0.61,0.574,0.611,0.563,0.546,0.597,0.616,0.586
"2018-05-21 06:30:00",519,0.607,0.572,0.596,0.561,0.547,0.595,0.615,0.586
"2018-05-21 07:00:00",520,0.606,0.57,0.558,0.556,0.545,0.578,0.614,0.585
"2018-05-21 07:30:00",521,0.583,0.56,0.526,0.535,0.539,0.536,0.605,0.581
"2018-05-21 08:00:00",522,0.558,0.541,0.51,0.52,0.527,0.503,0.597,0.579
"2018-05-21 08:30:00",523,0.55,0.528,0.503,0.515,0.517,0.488,0.587,0.576
"2018-05-21 09:00:00",524,0.542,0.514,0.494,0.507,0.505,0.472,0.573,0.573
"2018-05-21 09:30:00",525,0.539,0.505,0.491,0.504,0.492,0.464,0.557,0.573
"2018-05-21 10:00:00",526,0.537,0.498,0.487,0.501,0.481,0.457,0.539,0.571
"2018-05-21 10:30:00",527,0.539,0.493,0.485,0.5,0.471,0.453,0.529,0.569
"2018-05-21 11:00:00",528,0.543,0.488,0.488,0.503,0.467,0.453,0.527,0.572
"2018-05-21 11:30:00",529,0.545,0.484,0.486,0.503,0.466,0.451,0.519,0.569
"2018-05-21 12:00:00",530,0.547,0.481,0.486,0.501,0.463,0.449,0.514,0.569
"2018-05-21 12:30:00",531,0.55,0.481,0.486,0.502,0.461,0.447,0.51,0.57
"2018-05-21 13:00:00",532,0.553,0.482,0.483,0.505,0.459,0.445,0.505,0.567
"2018-05-21 13:30:00",533,0.556,0.479,0.482,0.505,0.457,0.444,0.504,0.565
"2018-05-21 14:00:00",534,0.559,0.48,0.482,0.507,0.456,0.444,0.506,0.566
"2018-05-21 14:30:00",535,0.563,0.48,0.485,0.51,0.457,0.445,0.512,0.57
"2018-05-21 15:00:00",536,0.567,0.481,0.483,0.513,0.458,0.445,0.513,0.571
"2018-05-21 15:30:00",537,0.568,0.481,0.485,0.514,0.459,0.444,0.515,0.572
"2018-05-21 16:00:00",538,0.571,0.482,0.485,0.515,0.46,0.444,0.517,0.572
"2018-05-21 16:30:00",539,0.576,0.487,0.49,0.52,0.462,0.446,0.525,0.576
"2018-05-21 17:00:00",540,0.582,0.491,0.494,0.524,0.467,0.449,0.539,0.582
"2018-05-21 17:30:00",541,0.587,0.496,0.498,0.527,0.476,0.452,0.549,0.585
"2018-05-21 18:00:00",542,0.597,0.505,0.507,0.535,0.489,0.459,0.562,0.587
"2018-05-21 18:30:00",543,0.61,0.522,0.515,0.544,0.503,0.471,0.574,0.591
"2018-05-21 19:00:00",544,0.624,0.542,0.529,0.555,0.518,0.483,0.588,0.593
"2018-05-21 19:30:00",545,0.643,0.558,0.547,0.569,0.531,0.502,0.597,0.592
"2018-05-21 20:00:00",546,0.664,0.569,0.57,0.584,0.542,0.537,0.607,0.592
"2018-05-21 20:30:00",547,0.679,0.577,0.591,0.598,0.55,0.567,0.62,0.593
"2018-05-21 21:00:00",548,0.688,0.58,0.601,0.604,0.554,0.581,0.627,0.595
"2018-05-21 21:30:00",549,0.694,0.581,0.605,0.605,0.556,0.588,0.63,0.597
"2018-05-21 22:00:00",550,0.697,0.581,0.607,0.605,0.556,0.592,0.633,0.598
"2018-05-21 22:30:00",551,0.699,0.582,0.61,0.607,0.558,0.594,0.636,0.599
"2018-05-21 23:00:00",552,0.7,0.583,0.612,0.608,0.559,0.595,0.638,0.599
"2018-05-21 23:30:00",553,0.701,0.583,0.613,0.61,0.56,0.596,0.64,0.6
"2018-05-22 00:00:00",554,0.702,0.584,0.616,0.609,0.561,0.595,0.64,0.602
"2018-05-22 00:30:00",555,0.703,0.585,0.617,0.609,0.562,0.595,0.641,0.604
"2018-05-22 01:00:00",556,0.703,0.585,0.618,0.609,0.563,0.596,0.642,0.606
"2018-05-22 01:30:00",557,0.704,0.586,0.618,0.609,0.564,0.596,0.642,0.607
"2018-05-22 02:00:00",558,0.704,0.586,0.619,0.609,0.565,0.597,0.643,0.607
"2018-05-22 02:30:00",559,0.705,0.586,0.62,0.61,0.565,0.597,0.643,0.607
"2018-05-22 03:00:00",560,0.705,0.586,0.621,0.61,0.565,0.598,0.644,0.607
"2018-05-22 03:30:00",561,0.705,0.585,0.621,0.611,0.564,0.597,0.643,0.607
"2018-05-22 04:00:00",562,0.705,0.585,0.621,0.611,0.563,0.597,0.643,0.606
"2018-05-22 04:30:00",563,0.704,0.585,0.621,0.609,0.563,0.598,0.644,0.607
"2018-05-22 05:00:00",564,0.705,0.584,0.621,0.61,0.563,0.597,0.643,0.605
"2018-05-22 05:30:00",565,0.704,0.584,0.621,0.607,0.563,0.596,0.642,0.605
"2018-05-22 06:00:00",566,0.703,0.584,0.621,0.606,0.562,0.595,0.642,0.606
"2018-05-22 06:30:00",567,0.703,0.584,0.62,0.606,0.562,0.593,0.641,0.606
"2018-05-22 07:00:00",568,0.703,0.585,0.618,0.607,0.562,0.597,0.643,0.606
"2018-05-22 07:30:00",569,0.702,0.585,0.613,0.607,0.562,0.597,0.643,0.605
"2018-05-22 08:00:00",570,0.701,0.585,0.605,0.607,0.561,0.593,0.643,0.604
"2018-05-22 08:30:00",571,0.698,0.585,0.595,0.605,0.561,0.589,0.642,0.603
"2018-05-22 09:00:00",572,0.688,0.581,0.573,0.596,0.557,0.57,0.638,0.601
"2018-05-22 09:30:00",573,0.669,0.569,0.546,0.58,0.548,0.538,0.627,0.598
"2018-05-22 10:00:00",574,0.644,0.551,0.525,0.562,0.532,0.506,0.61,0.596
"2018-05-22 10:30:00",575,0.65,0.557,0.542,0.568,0.533,0.524,0.607,0.595
"2018-05-22 11:00:00",576,0.668,0.57,0.564,0.581,0.547,0.55,0.618,0.596
"2018-05-22 11:30:00",577,0.668,0.57,0.559,0.582,0.548,0.543,0.622,0.597
"2018-05-22 12:00:00",578,0.666,0.571,0.559,0.582,0.549,0.542,0.624,0.596
"2018-05-22 12:30:00",579,0.674,0.576,0.577,0.587,0.552,0.563,0.624,0.595
"2018-05-22 13:00:00",580,0.682,0.578,0.587,0.593,0.554,0.572,0.63,0.595
"2018-05-22 13:30:00",581,0.679,0.576,0.581,0.591,0.552,0.563,0.632,0.595
"2018-05-22 14:00:00",582,0.658,0.563,0.549,0.574,0.544,0.522,0.625,0.593
"2018-05-22 14:30:00",583,0.633,0.544,0.528,0.556,0.527,0.497,0.612,0.592
"2018-05-22 15:00:00",584,0.627,0.539,0.525,0.553,0.518,0.493,0.599,0.593
"2018-05-22 15:30:00",585,0.618,0.527,0.516,0.545,0.505,0.483,0.581,0.59
"2018-05-22 16:00:00",586,0.596,0.508,0.5,0.529,0.487,0.462,0.555,0.585
"2018-05-22 16:30:00",587,0.592,0.501,0.498,0.526,0.477,0.459,0.546,0.582
"2018-05-22 17:00:00",588,0.598,0.504,0.505,0.529,0.482,0.467,0.553,0.587
"2018-05-22 17:30:00",589,0.636,0.538,0.54,0.558,0.515,0.52,0.573,0.588
"2018-05-22 18:00:00",590,0.668,0.565,0.58,0.582,0.538,0.562,0.596,0.587
"2018-05-22 18:30:00",591,0.683,0.575,0.601,0.594,0.548,0.579,0.615,0.591
"2018-05-22 19:00:00",592,0.691,0.579,0.611,0.6,0.552,0.589,0.627,0.595
"2018-05-22 19:30:00",593,0.694,0.58,0.614,0.601,0.554,0.594,0.633,0.598
"2018-05-22 20:00:00",594,0.695,0.579,0.615,0.599,0.555,0.595,0.632,0.597
"2018-05-22 20:30:00",595,0.695,0.579,0.617,0.599,0.555,0.592,0.633,0.595
"2018-05-22 21:00:00",596,0.695,0.579,0.617,0.598,0.555,0.591,0.633,0.595
"2018-05-22 21:30:00",597,0.696,0.579,0.618,0.595,0.555,0.591,0.634,0.597
"2018-05-22 22:00:00",598,0.697,0.578,0.618,0.592,0.555,0.592,0.636,0.597
"2018-05-22 22:30:00",599,0.696,0.578,0.618,0.591,0.556,0.59,0.635,0.596
"2018-05-22 23:00:00",600,0.697,0.578,0.618,0.59,0.556,0.591,0.637,0.598
"2018-05-22 23:30:00",601,0.696,0.578,0.618,0.59,0.555,0.589,0.635,0.597
"2018-05-23 00:00:00",602,0.696,0.578,0.618,0.589,0.555,0.589,0.635,0.597
"2018-05-23 00:30:00",603,0.695,0.578,0.616,0.587,0.554,0.591,0.634,0.598
"2018-05-23 01:00:00",604,0.695,0.578,0.617,0.587,0.554,0.592,0.636,0.599
"2018-05-23 01:30:00",605,0.694,0.578,0.617,0.581,0.553,0.59,0.634,0.598
"2018-05-23 02:00:00",606,0.693,0.577,0.615,0.574,0.552,0.59,0.631,0.597
"2018-05-23 02:30:00",607,0.692,0.575,0.614,0.571,0.551,0.59,0.627,0.596
"2018-05-23 03:00:00",608,0.692,0.576,0.615,0.571,0.551,0.591,0.632,0.597
"2018-05-23 03:30:00",609,0.692,0.576,0.616,0.569,0.551,0.591,0.633,0.596
"2018-05-23 04:00:00",610,0.692,0.576,0.617,0.569,0.55,0.591,0.635,0.597
"2018-05-23 04:30:00",611,0.692,0.576,0.616,0.567,0.55,0.589,0.634,0.597
"2018-05-23 05:00:00",612,0.692,0.576,0.617,0.567,0.549,0.59,0.634,0.597
"2018-05-23 05:30:00",613,0.692,0.576,0.618,0.567,0.549,0.59,0.637,0.597
"2018-05-23 06:00:00",614,0.691,0.576,0.618,0.566,0.549,0.59,0.637,0.598
"2018-05-23 06:30:00",615,0.692,0.576,0.618,0.565,0.549,0.589,0.637,0.598
"2018-05-23 07:00:00",616,0.692,0.576,0.618,0.564,0.549,0.589,0.638,0.599
"2018-05-23 07:30:00",617,0.692,0.576,0.618,0.564,0.549,0.589,0.636,0.597
"2018-05-23 08:00:00",618,0.69,0.577,0.605,0.563,0.546,0.585,0.629,0.592
"2018-05-23 08:30:00",619,0.674,0.574,0.561,0.55,0.543,0.55,0.624,0.591
"2018-05-23 09:00:00",620,0.635,0.552,0.52,0.519,0.536,0.499,0.619,0.589
"2018-05-23 09:30:00",621,0.603,0.523,0.5,0.503,0.515,0.468,0.594,0.587
"2018-05-23 10:00:00",622,0.585,0.501,0.487,0.489,0.48,0.454,0.555,0.582
"2018-05-23 10:30:00",623,0.575,0.489,0.479,0.481,0.459,0.446,0.527,0.575
"2018-05-23 11:00:00",624,0.576,0.487,0.48,0.485,0.454,0.445,0.516,0.575
"2018-05-23 11:30:00",625,0.577,0.484,0.477,0.486,0.456,0.444,0.507,0.569
"2018-05-23 12:00:00",626,0.576,0.483,0.48,0.489,0.454,0.442,0.504,0.569
"2018-05-23 12:30:00",627,0.58,0.486,0.484,0.497,0.456,0.445,0.506,0.571
"2018-05-23 13:00:00",628,0.588,0.491,0.49,0.507,0.466,0.451,0.512,0.574
"2018-05-23 13:30:00",629,0.585,0.487,0.484,0.504,0.465,0.446,0.507,0.569
"2018-05-23 14:00:00",630,0.578,0.481,0.479,0.498,0.452,0.44,0.502,0.564
"2018-05-23 14:30:00",631,0.576,0.479,0.477,0.498,0.45,0.438,0.502,0.563
"2018-05-23 15:00:00",632,0.577,0.48,0.478,0.499,0.452,0.439,0.502,0.563
"2018-05-23 15:30:00",633,0.574,0.477,0.475,0.496,0.45,0.437,0.499,0.56
"2018-05-23 16:00:00",634,0.577,0.478,0.477,0.499,0.451,0.437,0.504,0.561
"2018-05-23 16:30:00",635,0.584,0.483,0.483,0.507,0.46,0.442,0.515,0.566
"2018-05-23 17:00:00",636,0.587,0.487,0.488,0.511,0.467,0.442,0.523,0.57
"2018-05-23 17:30:00",637,0.587,0.488,0.488,0.509,0.471,0.443,0.526,0.567
"2018-05-23 18:00:00",638,0.597,0.495,0.494,0.518,0.491,0.447,0.531,0.564
"2018-05-23 18:30:00",639,0.603,0.508,0.504,0.522,0.499,0.449,0.546,0.569
"2018-05-23 19:00:00",640,0.621,0.531,0.521,0.537,0.517,0.461,0.561,0.575
"2018-05-23 19:30:00",641,0.643,0.551,0.539,0.553,0.535,0.482,0.581,0.585
"2018-05-23 20:00:00",642,0.666,0.565,0.561,0.572,0.546,0.513,0.598,0.589
"2018-05-23 20:30:00",643,0.684,0.575,0.585,0.59,0.553,0.548,0.615,0.591
"2018-05-23 21:00:00",644,0.694,0.579,0.599,0.598,0.557,0.57,0.625,0.594
"2018-05-23 21:30:00",645,0.699,0.581,0.607,0.601,0.561,0.579,0.631,0.597
"2018-05-23 22:00:00",646,0.701,0.582,0.61,0.602,0.563,0.583,0.634,0.599
"2018-05-23 22:30:00",647,0.703,0.583,0.612,0.601,0.565,0.586,0.637,0.602
"2018-05-23 23:00:00",648,0.704,0.583,0.613,0.601,0.566,0.585,0.637,0.602
"2018-05-23 23:30:00",649,0.705,0.584,0.614,0.6,0.567,0.584,0.638,0.604
"2018-05-24 00:00:00",650,0.705,0.584,0.615,0.599,0.568,0.585,0.639,0.606
"2018-05-24 00:30:00",651,0.705,0.585,0.616,0.599,0.569,0.583,0.64,0.606
"2018-05-24 01:00:00",652,0.707,0.585,0.618,0.598,0.569,0.583,0.641,0.606
"2018-05-24 01:30:00",653,0.707,0.586,0.618,0.598,0.57,0.583,0.642,0.607
"2018-05-24 02:00:00",654,0.707,0.586,0.619,0.597,0.57,0.583,0.641,0.607
"2018-05-24 02:30:00",655,0.707,0.586,0.619,0.597,0.57,0.585,0.642,0.605
"2018-05-24 03:00:00",656,0.708,0.586,0.62,0.597,0.57,0.586,0.643,0.604
"2018-05-24 03:30:00",657,0.709,0.586,0.62,0.595,0.569,0.585,0.642,0.607
"2018-05-24 04:00:00",658,0.708,0.586,0.621,0.594,0.569,0.585,0.643,0.607
"2018-05-24 04:30:00",659,0.708,0.585,0.621,0.588,0.569,0.584,0.643,0.606
"2018-05-24 05:00:00",660,0.707,0.585,0.621,0.583,0.569,0.587,0.64,0.605
"2018-05-24 05:30:00",661,0.707,0.585,0.621,0.578,0.569,0.587,0.64,0.604
"2018-05-24 06:00:00",662,0.707,0.585,0.62,0.578,0.569,0.588,0.642,0.605
"2018-05-24 06:30:00",663,0.706,0.585,0.615,0.578,0.568,0.588,0.642,0.606
"2018-05-24 07:00:00",664,0.701,0.583,0.586,0.573,0.566,0.577,0.64,0.607
"2018-05-24 07:30:00",665,0.673,0.57,0.537,0.548,0.56,0.531,0.636,0.606
"2018-05-24 08:00:00",666,0.639,0.549,0.515,0.526,0.548,0.494,0.63,0.606
"2018-05-24 08:30:00",667,0.619,0.526,0.502,0.514,0.532,0.478,0.609,0.602
"2018-05-24 09:00:00",668,0.602,0.507,0.49,0.501,0.509,0.46,0.582,0.593
"2018-05-24 09:30:00",669,0.589,0.494,0.481,0.49,0.484,0.448,0.552,0.583
"2018-05-24 10:00:00",670,0.581,0.487,0.48,0.488,0.468,0.443,0.527,0.578
"2018-05-24 10:30:00",671,0.575,0.482,0.479,0.486,0.458,0.439,0.512,0.573
"2018-05-24 11:00:00",672,0.574,0.48,0.478,0.486,0.455,0.438,0.506,0.57
"2018-05-24 11:30:00",673,0.573,0.478,0.478,0.486,0.455,0.438,0.502,0.568
"2018-05-24 12:00:00",674,0.568,0.476,0.479,0.486,0.453,0.437,0.495,0.563
"2018-05-24 12:30:00",675,0.568,0.472,0.478,0.486,0.451,0.435,0.493,0.559
"2018-05-24 13:00:00",676,0.567,0.472,0.478,0.486,0.45,0.434,0.493,0.559
"2018-05-24 13:30:00",677,0.569,0.472,0.478,0.488,0.45,0.434,0.495,0.56
"2018-05-24 14:00:00",678,0.569,0.473,0.478,0.491,0.451,0.434,0.496,0.561
"2018-05-24 14:30:00",679,0.569,0.474,0.478,0.493,0.452,0.434,0.501,0.562
"2018-05-24 15:00:00",680,0.571,0.475,0.479,0.495,0.453,0.435,0.508,0.568
"2018-05-24 15:30:00",681,0.572,0.474,0.478,0.495,0.453,0.435,0.51,0.568
"2018-05-24 16:00:00",682,0.575,0.475,0.481,0.498,0.455,0.435,0.518,0.571
"2018-05-24 16:30:00",683,0.579,0.478,0.484,0.501,0.455,0.437,0.522,0.574
"2018-05-24 17:00:00",684,0.583,0.484,0.486,0.506,0.462,0.438,0.535,0.582
"2018-05-24 17:30:00",685,0.587,0.489,0.49,0.508,0.474,0.439,0.545,0.586
"2018-05-24 18:00:00",686,0.594,0.496,0.497,0.512,0.486,0.442,0.553,0.588
"2018-05-24 18:30:00",687,0.606,0.512,0.508,0.521,0.502,0.45,0.563,0.589
"2018-05-24 19:00:00",688,0.62,0.535,0.522,0.532,0.518,0.458,0.572,0.59
"2018-05-24 19:30:00",689,0.64,0.552,0.537,0.546,0.535,0.474,0.584,0.591
"2018-05-24 20:00:00",690,0.662,0.564,0.557,0.562,0.546,0.499,0.598,0.592
"2018-05-24 20:30:00",691,0.679,0.574,0.58,0.577,0.554,0.535,0.614,0.597
"2018-05-24 21:00:00",692,0.69,0.579,0.596,0.586,0.56,0.56,0.624,0.602
"2018-05-24 21:30:00",693,0.696,0.582,0.605,0.59,0.563,0.571,0.629,0.605
"2018-05-24 22:00:00",694,0.699,0.584,0.61,0.591,0.565,0.578,0.633,0.607
"2018-05-24 22:30:00",695,0.701,0.585,0.613,0.59,0.567,0.58,0.636,0.61
"2018-05-24 23:00:00",696,0.702,0.586,0.615,0.589,0.568,0.581,0.638,0.612
"2018-05-24 23:30:00",697,0.703,0.587,0.617,0.59,0.569,0.582,0.64,0.613
"2018-05-25 00:00:00",698,0.703,0.587,0.616,0.589,0.569,0.586,0.64,0.614
"2018-05-25 00:30:00",699,0.704,0.588,0.618,0.589,0.57,0.589,0.643,0.616
"2018-05-25 01:00:00",700,0.704,0.588,0.619,0.587,0.571,0.587,0.643,0.614
"2018-05-25 01:30:00",701,0.704,0.588,0.621,0.587,0.57,0.588,0.643,0.615
"2018-05-25 02:00:00",702,0.704,0.588,0.622,0.587,0.569,0.59,0.643,0.616
"2018-05-25 02:30:00",703,0.704,0.587,0.623,0.585,0.569,0.591,0.644,0.617
"2018-05-25 03:00:00",704,0.704,0.586,0.623,0.583,0.568,0.591,0.643,0.618
"2018-05-25 03:30:00",705,0.704,0.586,0.624,0.582,0.567,0.592,0.644,0.618
"2018-05-25 04:00:00",706,0.704,0.585,0.624,0.58,0.566,0.592,0.645,0.618
"2018-05-25 04:30:00",707,0.703,0.585,0.624,0.579,0.565,0.592,0.645,0.617
"2018-05-25 05:00:00",708,0.703,0.584,0.625,0.578,0.564,0.592,0.645,0.615
"2018-05-25 05:30:00",709,0.702,0.583,0.625,0.574,0.563,0.592,0.645,0.614
"2018-05-25 06:00:00",710,0.702,0.582,0.626,0.575,0.561,0.592,0.645,0.613
"2018-05-25 06:30:00",711,0.701,0.582,0.625,0.575,0.56,0.592,0.644,0.611
"2018-05-25 07:00:00",712,0.7,0.582,0.613,0.575,0.559,0.587,0.642,0.608
"2018-05-25 07:30:00",713,0.69,0.577,0.571,0.567,0.557,0.561,0.64,0.604
"2018-05-25 08:00:00",714,0.654,0.556,0.532,0.542,0.55,0.517,0.633,0.601
"2018-05-25 08:30:00",715,0.624,0.534,0.513,0.516,0.536,0.487,0.622,0.599
"2018-05-25 09:00:00",716,0.609,0.518,0.503,0.501,0.516,0.471,0.605,0.599
"2018-05-25 09:30:00",717,0.597,0.505,0.497,0.492,0.493,0.458,0.579,0.598
"2018-05-25 10:00:00",718,0.587,0.494,0.492,0.484,0.474,0.449,0.552,0.595
"2018-05-25 10:30:00",719,0.578,0.486,0.487,0.478,0.459,0.443,0.528,0.587
"2018-05-25 11:00:00",720,0.573,0.481,0.485,0.476,0.452,0.44,0.514,0.582
"2018-05-25 11:30:00",721,0.569,0.478,0.484,0.475,0.448,0.438,0.505,0.577
"2018-05-25 12:00:00",722,0.566,0.476,0.483,0.477,0.445,0.437,0.499,0.572
"2018-05-25 12:30:00",723,0.565,0.475,0.482,0.48,0.444,0.437,0.495,0.567
"2018-05-25 13:00:00",724,0.566,0.474,0.483,0.483,0.444,0.437,0.495,0.564
"2018-05-25 13:30:00",725,0.567,0.473,0.482,0.487,0.443,0.436,0.496,0.562
"2018-05-25 14:00:00",726,0.567,0.473,0.481,0.49,0.445,0.437,0.5,0.564
"2018-05-25 14:30:00",727,0.564,0.473,0.48,0.488,0.444,0.435,0.501,0.564
"2018-05-25 15:00:00",728,0.564,0.472,0.48,0.488,0.444,0.435,0.504,0.565
"2018-05-25 15:30:00",729,0.563,0.472,0.479,0.487,0.442,0.434,0.506,0.565
"2018-05-25 16:00:00",730,0.565,0.473,0.481,0.489,0.445,0.434,0.509,0.566
"2018-05-25 16:30:00",731,0.567,0.475,0.485,0.491,0.447,0.436,0.515,0.567
"2018-05-25 17:00:00",732,0.579,0.482,0.493,0.501,0.463,0.442,0.526,0.572
"2018-05-25 17:30:00",733,0.582,0.488,0.497,0.501,0.473,0.444,0.539,0.575
"2018-05-25 18:00:00",734,0.582,0.493,0.5,0.498,0.48,0.444,0.549,0.58
"2018-05-25 18:30:00",735,0.595,0.507,0.51,0.509,0.495,0.451,0.562,0.582
"2018-05-25 19:00:00",736,0.615,0.531,0.526,0.525,0.514,0.468,0.577,0.584
"2018-05-25 19:30:00",737,0.635,0.55,0.542,0.539,0.532,0.486,0.591,0.588
"2018-05-25 20:00:00",738,0.656,0.564,0.564,0.555,0.543,0.515,0.605,0.59
"2018-05-25 20:30:00",739,0.675,0.573,0.59,0.573,0.549,0.551,0.616,0.591
"2018-05-25 21:00:00",740,0.686,0.578,0.604,0.582,0.553,0.572,0.623,0.594
"2018-05-25 21:30:00",741,0.69,0.579,0.61,0.584,0.555,0.581,0.628,0.596
"2018-05-25 22:00:00",742,0.693,0.58,0.614,0.585,0.556,0.586,0.632,0.598
"2018-05-25 22:30:00",743,0.694,0.58,0.616,0.584,0.557,0.588,0.633,0.599
"2018-05-25 23:00:00",744,0.695,0.581,0.617,0.582,0.557,0.59,0.635,0.601
"2018-05-25 23:30:00",745,0.695,0.582,0.619,0.581,0.558,0.591,0.637,0.603
"2018-05-26 00:00:00",746,0.695,0.582,0.619,0.581,0.558,0.592,0.638,0.604
"2018-05-26 00:30:00",747,0.695,0.582,0.62,0.58,0.558,0.593,0.639,0.605
"2018-05-26 01:00:00",748,0.695,0.581,0.62,0.579,0.557,0.593,0.639,0.605
"2018-05-26 01:30:00",749,0.695,0.581,0.618,0.577,0.557,0.592,0.637,0.605
"2018-05-26 02:00:00",750,0.694,0.581,0.619,0.575,0.556,0.592,0.636,0.605
"2018-05-26 02:30:00",751,0.694,0.581,0.619,0.573,0.555,0.591,0.634,0.602
"2018-05-26 03:00:00",752,0.694,0.58,0.62,0.572,0.554,0.589,0.633,0.601
"2018-05-26 03:30:00",753,0.693,0.58,0.62,0.57,0.553,0.59,0.633,0.6
"2018-05-26 04:00:00",754,0.693,0.579,0.62,0.567,0.552,0.59,0.633,0.599
"2018-05-26 04:30:00",755,0.692,0.579,0.619,0.564,0.55,0.589,0.63,0.598
"2018-05-26 05:00:00",756,0.692,0.578,0.62,0.562,0.55,0.589,0.632,0.597
"2018-05-26 05:30:00",757,0.691,0.578,0.62,0.56,0.549,0.6,0.633,0.597
"2018-05-26 06:00:00",758,0.691,0.578,0.62,0.557,0.547,0.613,0.635,0.598
"2018-05-26 06:30:00",759,0.69,0.578,0.615,0.553,0.546,0.612,0.633,0.599
"2018-05-26 07:00:00",760,0.686,0.576,0.59,0.549,0.544,0.598,0.635,0.599
"2018-05-26 07:30:00",761,0.669,0.568,0.551,0.533,0.542,0.557,0.631,0.598
"2018-05-26 08:00:00",762,0.645,0.555,0.532,0.513,0.537,0.532,0.627,0.598
"2018-05-26 08:30:00",763,0.624,0.536,0.516,0.495,0.525,0.503,0.614,0.597
"2018-05-26 09:00:00",764,0.607,0.518,0.506,0.481,0.507,0.485,0.593,0.595
"2018-05-26 09:30:00",765,0.585,0.498,0.493,0.464,0.48,0.466,0.566,0.594
"2018-05-26 10:00:00",766,0.575,0.488,0.488,0.457,0.463,0.459,0.543,0.592
"2018-05-26 10:30:00",767,0.567,0.481,0.483,0.452,0.453,0.452,0.524,0.587
"2018-05-26 11:00:00",768,0.565,0.477,0.483,0.453,0.45,0.45,0.513,0.58
"2018-05-26 11:30:00",769,0.562,0.474,0.481,0.453,0.45,0.446,0.505,0.576
"2018-05-26 12:00:00",770,0.56,0.472,0.482,0.456,0.448,0.444,0.5,0.571
"2018-05-26 12:30:00",771,0.558,0.471,0.481,0.459,0.443,0.441,0.497,0.567
"2018-05-26 13:00:00",772,0.558,0.47,0.482,0.464,0.442,0.44,0.495,0.562
"2018-05-26 13:30:00",773,0.556,0.468,0.479,0.467,0.439,0.438,0.495,0.56
"2018-05-26 14:00:00",774,0.555,0.469,0.478,0.474,0.441,0.439,0.497,0.56
"2018-05-26 14:30:00",775,0.558,0.471,0.479,0.481,0.446,0.439,0.502,0.561
"2018-05-26 15:00:00",776,0.555,0.47,0.478,0.482,0.444,0.438,0.504,0.562
"2018-05-26 15:30:00",777,0.556,0.471,0.479,0.487,0.447,0.441,0.507,0.567
"2018-05-26 16:00:00",778,0.571,0.483,0.487,0.498,0.467,0.451,0.52,0.572
"2018-05-26 16:30:00",779,0.609,0.509,0.515,0.526,0.504,0.481,0.546,0.577
"2018-05-26 17:00:00",780,0.624,0.524,0.529,0.537,0.515,0.496,0.562,0.582
"2018-05-26 17:30:00",781,0.623,0.528,0.528,0.535,0.517,0.492,0.571,0.586
"2018-05-26 18:00:00",782,0.628,0.538,0.533,0.539,0.521,0.504,0.586,0.588
"2018-05-26 18:30:00",783,0.645,0.555,0.56,0.55,0.535,0.537,0.605,0.591
"2018-05-26 19:00:00",784,0.66,0.568,0.586,0.559,0.545,0.565,0.618,0.594
"2018-05-26 19:30:00",785,0.67,0.574,0.598,0.565,0.549,0.582,0.622,0.596
"2018-05-26 20:00:00",786,0.673,0.575,0.599,0.566,0.551,0.585,0.624,0.595
"2018-05-26 20:30:00",787,0.68,0.578,0.606,0.569,0.554,0.584,0.631,0.599
"2018-05-26 21:00:00",788,0.685,0.579,0.613,0.571,0.556,0.595,0.634,0.602
"2018-05-26 21:30:00",789,0.687,0.579,0.615,0.57,0.557,0.591,0.636,0.604
"2018-05-26 22:00:00",790,0.688,0.579,0.617,0.569,0.557,0.59,0.638,0.605
"2018-05-26 22:30:00",791,0.688,0.578,0.618,0.566,0.556,0.591,0.639,0.606
"2018-05-26 23:00:00",792,0.687,0.578,0.619,0.562,0.555,0.59,0.639,0.605
"2018-05-26 23:30:00",793,0.687,0.578,0.619,0.558,0.555,0.59,0.64,0.605
"2018-05-27 00:00:00",794,0.687,0.578,0.62,0.553,0.554,0.591,0.642,0.605
"2018-05-27 00:30:00",795,0.687,0.577,0.62,0.548,0.553,0.591,0.642,0.605
"2018-05-27 01:00:00",796,0.686,0.577,0.621,0.545,0.553,0.59,0.642,0.606
"2018-05-27 01:30:00",797,0.686,0.577,0.621,0.541,0.552,0.59,0.641,0.605
"2018-05-27 02:00:00",798,0.686,0.576,0.621,0.538,0.55,0.59,0.642,0.606
"2018-05-27 02:30:00",799,0.685,0.576,0.621,0.535,0.549,0.589,0.641,0.606
"2018-05-27 03:00:00",800,0.684,0.576,0.621,0.531,0.548,0.59,0.643,0.608
"2018-05-27 03:30:00",801,0.684,0.575,0.621,0.527,0.546,0.589,0.642,0.607
"2018-05-27 04:00:00",802,0.683,0.574,0.621,0.523,0.545,0.589,0.643,0.608
"2018-05-27 04:30:00",803,0.682,0.574,0.621,0.52,0.543,0.589,0.643,0.608
"2018-05-27 05:00:00",804,0.681,0.573,0.621,0.517,0.542,0.588,0.642,0.607
"2018-05-27 05:30:00",805,0.68,0.573,0.621,0.513,0.54,0.588,0.642,0.608
"2018-05-27 06:00:00",806,0.679,0.572,0.621,0.509,0.538,0.588,0.643,0.608
"2018-05-27 06:30:00",807,0.678,0.572,0.621,0.507,0.537,0.589,0.643,0.608
"2018-05-27 07:00:00",808,0.677,0.573,0.619,0.506,0.535,0.59,0.642,0.607
"2018-05-27 07:30:00",809,0.677,0.573,0.61,0.505,0.534,0.586,0.641,0.606
"2018-05-27 08:00:00",810,0.673,0.573,0.59,0.501,0.531,0.575,0.638,0.604
"2018-05-27 08:30:00",811,0.666,0.57,0.573,0.494,0.528,0.557,0.637,0.603
"2018-05-27 09:00:00",812,0.652,0.562,0.555,0.484,0.523,0.533,0.633,0.601
"2018-05-27 09:30:00",813,0.616,0.535,0.522,0.457,0.504,0.488,0.619,0.599
"2018-05-27 10:00:00",814,0.617,0.536,0.529,0.459,0.496,0.491,0.616,0.601
"2018-05-27 10:30:00",815,0.607,0.524,0.517,0.452,0.484,0.474,0.6,0.597
"2018-05-27 11:00:00",816,0.594,0.512,0.507,0.443,0.471,0.463,0.583,0.598
"2018-05-27 11:30:00",817,0.575,0.493,0.493,0.43,0.449,0.447,0.556,0.595
"2018-05-27 12:00:00",818,0.569,0.486,0.488,0.425,0.439,0.444,0.535,0.59
"2018-05-27 12:30:00",819,0.576,0.493,0.495,0.433,0.446,0.451,0.538,0.593
"2018-05-27 13:00:00",820,0.561,0.48,0.485,0.423,0.434,0.438,0.522,0.589
"2018-05-27 13:30:00",821,0.55,0.47,0.479,0.419,0.422,0.432,0.508,0.579
"2018-05-27 14:00:00",822,0.556,0.473,0.482,0.426,0.434,0.436,0.511,0.576
"2018-05-27 14:30:00",823,0.563,0.478,0.484,0.432,0.447,0.437,0.518,0.577
"2018-05-27 15:00:00",824,0.566,0.48,0.486,0.437,0.452,0.44,0.522,0.578
"2018-05-27 15:30:00",825,0.597,0.503,0.507,0.462,0.484,0.464,0.546,0.583
"2018-05-27 16:00:00",826,0.605,0.509,0.511,0.467,0.497,0.469,0.559,0.586
"2018-05-27 16:30:00",827,0.613,0.519,0.521,0.475,0.499,0.481,0.569,0.59
"2018-05-27 17:00:00",828,0.621,0.527,0.528,0.48,0.511,0.49,0.58,0.592
"2018-05-27 17:30:00",829,0.624,0.535,0.54,0.479,0.52,0.508,0.58,0.586
"2018-05-27 18:00:00",830,0.634,0.544,0.557,0.48,0.53,0.527,0.586,0.583
"2018-05-27 18:30:00",831,0.651,0.556,0.58,0.495,0.538,0.551,0.599,0.59
"2018-05-27 19:00:00",832,0.66,0.56,0.578,0.5,0.54,0.554,0.603,0.587
"2018-05-27 19:30:00",833,0.661,0.563,0.584,0.502,0.542,0.561,0.604,0.587
"2018-05-27 20:00:00",834,0.673,0.572,0.602,0.512,0.545,0.574,0.623,0.594
"2018-05-27 20:30:00",835,0.676,0.572,0.608,0.511,0.546,0.582,0.625,0.598
"2018-05-27 21:00:00",836,0.676,0.569,0.611,0.508,0.546,0.585,0.627,0.599
"2018-05-27 21:30:00",837,0.666,0.563,0.608,0.495,0.544,0.582,0.613,0.595
"2018-05-27 22:00:00",838,0.667,0.56,0.608,0.491,0.544,0.582,0.615,0.593
"2018-05-27 22:30:00",839,0.665,0.556,0.606,0.484,0.543,0.581,0.612,0.589
"2018-05-27 23:00:00",840,0.667,0.557,0.608,0.48,0.544,0.583,0.615,0.59
"2018-05-27 23:30:00",841,0.665,0.555,0.606,0.475,0.544,0.582,0.612,0.589
"2018-05-28 00:00:00",842,0.669,0.557,0.609,0.475,0.543,0.585,0.619,0.592
"2018-05-28 00:30:00",843,0.667,0.557,0.61,0.473,0.542,0.585,0.617,0.592
"2018-05-28 01:00:00",844,0.67,0.558,0.612,0.474,0.541,0.586,0.622,0.593
"2018-05-28 01:30:00",845,0.672,0.56,0.614,0.476,0.54,0.588,0.627,0.596
"2018-05-28 02:00:00",846,0.672,0.56,0.615,0.474,0.539,0.588,0.625,0.597
"2018-05-28 02:30:00",847,0.671,0.559,0.615,0.473,0.538,0.587,0.625,0.597
"2018-05-28 03:00:00",848,0.674,0.562,0.617,0.475,0.536,0.589,0.631,0.599
"2018-05-28 03:30:00",849,0.671,0.56,0.615,0.472,0.535,0.588,0.626,0.599
"2018-05-28 04:00:00",850,0.667,0.557,0.613,0.47,0.533,0.587,0.621,0.595
"2018-05-28 04:30:00",851,0.662,0.555,0.61,0.466,0.531,0.583,0.614,0.593
"2018-05-28 05:00:00",852,0.665,0.555,0.612,0.468,0.53,0.585,0.618,0.594
"2018-05-28 05:30:00",853,0.665,0.555,0.612,0.468,0.528,0.585,0.619,0.593
"2018-05-28 06:00:00",854,0.664,0.557,0.61,0.467,0.527,0.582,0.617,0.594
"2018-05-28 06:30:00",855,0.67,0.56,0.617,0.472,0.525,0.587,0.629,0.599
"2018-05-28 07:00:00",856,0.665,0.555,0.614,0.467,0.524,0.586,0.619,0.596
"2018-05-28 07:30:00",857,0.664,0.556,0.614,0.466,0.523,0.585,0.618,0.595
"2018-05-28 08:00:00",858,0.665,0.556,0.615,0.468,0.522,0.586,0.62,0.596
"2018-05-28 08:30:00",859,0.668,0.557,0.617,0.471,0.521,0.589,0.626,0.596
"2018-05-28 09:00:00",860,0.665,0.557,0.617,0.469,0.519,0.589,0.62,0.595
"2018-05-28 09:30:00",861,0.667,0.558,0.619,0.471,0.518,0.59,0.625,0.596
"2018-05-28 10:00:00",862,0.667,0.56,0.617,0.471,0.517,0.591,0.625,0.595
"2018-05-28 10:30:00",863,0.664,0.558,0.612,0.47,0.516,0.589,0.62,0.593
"2018-05-28 11:00:00",864,0.664,0.56,0.608,0.471,0.516,0.587,0.618,0.592
"2018-05-28 11:30:00",865,0.665,0.56,0.609,0.473,0.516,0.587,0.62,0.592
"2018-05-28 12:00:00",866,0.666,0.562,0.608,0.474,0.515,0.585,0.625,0.593
"2018-05-28 12:30:00",867,0.664,0.564,0.594,0.476,0.513,0.57,0.63,0.595
"2018-05-28 13:00:00",868,0.656,0.562,0.58,0.472,0.511,0.558,0.628,0.593
"2018-05-28 13:30:00",869,0.649,0.558,0.574,0.469,0.508,0.554,0.62,0.59
"2018-05-28 14:00:00",870,0.643,0.554,0.564,0.467,0.504,0.541,0.621,0.589
"2018-05-28 14:30:00",871,0.645,0.558,0.564,0.47,0.503,0.539,0.63,0.592
"2018-05-28 15:00:00",872,0.644,0.56,0.563,0.471,0.502,0.537,0.632,0.595
"2018-05-28 15:30:00",873,0.636,0.553,0.553,0.465,0.498,0.524,0.628,0.594
"2018-05-28 16:00:00",874,0.628,0.546,0.544,0.46,0.492,0.512,0.626,0.595
"2018-05-28 16:30:00",875,0.625,0.544,0.541,0.458,0.488,0.51,0.625,0.596
"2018-05-28 17:00:00",876,0.625,0.544,0.545,0.458,0.488,0.512,0.621,0.596
"2018-05-28 17:30:00",877,0.637,0.553,0.56,0.467,0.494,0.531,0.622,0.597
"2018-05-28 18:00:00",878,0.649,0.562,0.573,0.476,0.5,0.543,0.629,0.599
"2018-05-28 18:30:00",879,0.656,0.567,0.583,0.479,0.505,0.555,0.629,0.599
"2018-05-28 19:00:00",880,0.663,0.571,0.595,0.483,0.509,0.567,0.632,0.599
"2018-05-28 19:30:00",881,0.667,0.574,0.604,0.485,0.512,0.576,0.634,0.6
"2018-05-28 20:00:00",882,0.671,0.575,0.61,0.486,0.513,0.581,0.636,0.601
"2018-05-28 20:30:00",883,0.673,0.574,0.613,0.485,0.514,0.585,0.635,0.599
"2018-05-28 21:00:00",884,0.674,0.574,0.618,0.485,0.514,0.587,0.636,0.599
"2018-05-28 21:30:00",885,0.674,0.573,0.619,0.483,0.514,0.589,0.637,0.601
"2018-05-28 22:00:00",886,0.673,0.572,0.62,0.482,0.513,0.588,0.635,0.599
"2018-05-28 22:30:00",887,0.673,0.571,0.62,0.481,0.512,0.588,0.634,0.599
"2018-05-28 23:00:00",888,0.673,0.57,0.62,0.481,0.511,0.588,0.636,0.6
"2018-05-28 23:30:00",889,0.672,0.57,0.62,0.481,0.511,0.588,0.635,0.599
"2018-05-29 00:00:00",890,0.671,0.569,0.62,0.48,0.51,0.588,0.634,0.598
"2018-05-29 00:30:00",891,0.671,0.569,0.62,0.48,0.509,0.588,0.634,0.598
"2018-05-29 01:00:00",892,0.67,0.568,0.62,0.479,0.509,0.586,0.635,0.599
"2018-05-29 01:30:00",893,0.67,0.567,0.62,0.479,0.508,0.585,0.635,0.599
"2018-05-29 02:00:00",894,0.669,0.566,0.619,0.478,0.507,0.583,0.634,0.598
"2018-05-29 02:30:00",895,0.668,0.566,0.618,0.477,0.506,0.582,0.632,0.598
"2018-05-29 03:00:00",896,0.667,0.565,0.618,0.476,0.505,0.582,0.633,0.598
"2018-05-29 03:30:00",897,0.666,0.564,0.618,0.475,0.504,0.582,0.633,0.597
"2018-05-29 04:00:00",898,0.665,0.564,0.618,0.475,0.503,0.581,0.634,0.598
"2018-05-29 04:30:00",899,0.664,0.563,0.618,0.474,0.503,0.581,0.631,0.597
"2018-05-29 05:00:00",900,0.663,0.563,0.618,0.474,0.502,0.58,0.633,0.598
"2018-05-29 05:30:00",901,0.662,0.562,0.617,0.473,0.501,0.58,0.631,0.597
"2018-05-29 06:00:00",902,0.661,0.561,0.617,0.473,0.5,0.579,0.631,0.596
"2018-05-29 06:30:00",903,0.659,0.561,0.617,0.472,0.5,0.579,0.631,0.597
"2018-05-29 07:00:00",904,0.658,0.56,0.617,0.472,0.5,0.579,0.631,0.597
"2018-05-29 07:30:00",905,0.657,0.56,0.618,0.472,0.499,0.58,0.632,0.596
"2018-05-29 08:00:00",906,0.656,0.56,0.619,0.473,0.498,0.583,0.632,0.598
"2018-05-29 08:30:00",907,0.656,0.561,0.617,0.475,0.498,0.586,0.63,0.597
"2018-05-29 09:00:00",908,0.655,0.563,0.611,0.476,0.497,0.584,0.629,0.597
"2018-05-29 09:30:00",909,0.654,0.565,0.601,0.475,0.496,0.576,0.63,0.596
"2018-05-29 10:00:00",910,0.644,0.561,0.574,0.468,0.494,0.55,0.626,0.594
"2018-05-29 10:30:00",911,0.628,0.553,0.553,0.459,0.489,0.524,0.619,0.592
"2018-05-29 11:00:00",912,0.617,0.546,0.542,0.453,0.483,0.508,0.616,0.593
"2018-05-29 11:30:00",913,0.611,0.543,0.541,0.449,0.478,0.507,0.609,0.594
"2018-05-29 12:00:00",914,0.604,0.532,0.531,0.443,0.472,0.496,0.598,0.59
"2018-05-29 12:30:00",915,0.612,0.537,0.544,0.448,0.474,0.513,0.602,0.591
"2018-05-29 13:00:00",916,0.62,0.545,0.548,0.455,0.48,0.517,0.61,0.596
"2018-05-29 13:30:00",917,0.613,0.537,0.537,0.45,0.476,0.502,0.604,0.595
"2018-05-29 14:00:00",918,0.599,0.525,0.525,0.439,0.466,0.488,0.591,0.594
"2018-05-29 14:30:00",919,0.597,0.524,0.523,0.439,0.462,0.485,0.591,0.596
"2018-05-29 15:00:00",920,0.571,0.5,0.503,0.422,0.442,0.459,0.566,0.591
"2018-05-29 15:30:00",921,0.554,0.486,0.491,0.412,0.422,0.445,0.545,0.585
"2018-05-29 16:00:00",922,0.556,0.486,0.494,0.414,0.42,0.446,0.545,0.589
"2018-05-29 16:30:00",923,0.561,0.486,0.495,0.419,0.423,0.448,0.542,0.586
"2018-05-29 17:00:00",924,0.569,0.49,0.499,0.423,0.43,0.452,0.547,0.587
"2018-05-29 17:30:00",925,0.591,0.51,0.516,0.439,0.452,0.472,0.564,0.592
"2018-05-29 18:00:00",926,0.599,0.518,0.522,0.445,0.464,0.477,0.575,0.593
"2018-05-29 18:30:00",927,0.604,0.524,0.525,0.45,0.467,0.479,0.583,0.595
"2018-05-29 19:00:00",928,0.619,0.54,0.54,0.461,0.477,0.495,0.594,0.596
"2018-05-29 19:30:00",929,0.638,0.556,0.563,0.473,0.489,0.521,0.607,0.597
"2018-05-29 20:00:00",930,0.655,0.565,0.588,0.484,0.497,0.552,0.62,0.598
"2018-05-29 20:30:00",931,0.664,0.568,0.602,0.487,0.5,0.57,0.624,0.597
"2018-05-29 21:00:00",932,0.668,0.569,0.61,0.487,0.502,0.579,0.628,0.598
"2018-05-29 21:30:00",933,0.67,0.569,0.614,0.485,0.504,0.584,0.631,0.599
"2018-05-29 22:00:00",934,0.671,0.568,0.616,0.483,0.505,0.585,0.633,0.6
"2018-05-29 22:30:00",935,0.671,0.568,0.616,0.482,0.505,0.584,0.634,0.6
"2018-05-29 23:00:00",936,0.671,0.567,0.617,0.481,0.505,0.584,0.635,0.601
"2018-05-29 23:30:00",937,0.671,0.567,0.617,0.48,0.505,0.584,0.635,0.602
"2018-05-30 00:00:00",938,0.671,0.567,0.617,0.479,0.505,0.583,0.635,0.602
"2018-05-30 00:30:00",939,0.671,0.566,0.617,0.479,0.505,0.583,0.636,0.603
"2018-05-30 01:00:00",940,0.671,0.566,0.617,0.479,0.505,0.583,0.635,0.604
"2018-05-30 01:30:00",941,0.67,0.565,0.618,0.478,0.505,0.582,0.636,0.605
"2018-05-30 02:00:00",942,0.67,0.565,0.618,0.478,0.505,0.583,0.637,0.606
"2018-05-30 02:30:00",943,0.67,0.565,0.618,0.477,0.505,0.582,0.636,0.605
"2018-05-30 03:00:00",944,0.67,0.565,0.618,0.477,0.505,0.582,0.638,0.606
"2018-05-30 03:30:00",945,0.669,0.565,0.618,0.477,0.505,0.582,0.638,0.607
"2018-05-30 04:00:00",946,0.669,0.565,0.619,0.476,0.506,0.581,0.638,0.606
"2018-05-30 04:30:00",947,0.669,0.564,0.619,0.476,0.506,0.581,0.638,0.606
"2018-05-30 05:00:00",948,0.669,0.562,0.619,0.475,0.506,0.579,0.638,0.606
"2018-05-30 05:30:00",949,0.668,0.562,0.619,0.475,0.505,0.58,0.639,0.606
"2018-05-30 06:00:00",950,0.667,0.56,0.619,0.475,0.504,0.58,0.638,0.606
"2018-05-30 06:30:00",951,0.666,0.559,0.618,0.474,0.503,0.579,0.637,0.604
"2018-05-30 07:00:00",952,0.664,0.558,0.618,0.473,0.502,0.578,0.636,0.603
"2018-05-30 07:30:00",953,0.663,0.556,0.618,0.473,0.501,0.577,0.636,0.603
"2018-05-30 08:00:00",954,0.662,0.555,0.617,0.473,0.499,0.579,0.634,0.603
"2018-05-30 08:30:00",955,0.659,0.553,0.615,0.473,0.497,0.581,0.628,0.6
"2018-05-30 09:00:00",956,0.653,0.549,0.587,0.469,0.492,0.562,0.622,0.595
"2018-05-30 09:30:00",957,0.633,0.539,0.551,0.453,0.485,0.526,0.612,0.59
"2018-05-30 10:00:00",958,0.614,0.529,0.531,0.442,0.478,0.499,0.61,0.593
