"TOA5","CR1000-SHORE2","CR1000","86619","CR1000.Std.31.03","CPU:Sapflow_SERC.CR1","2121","Table1"
"TIMESTAMP","RECORD","DiffVolt_Avg(1)","DiffVolt_Avg(2)","DiffVolt_Avg(3)","DiffVolt_Avg(4)","DiffVolt_Avg(5)","DiffVolt_Avg(6)"
"TS","RN","mV","mV","mV","mV","mV","mV"
"","","Avg","Avg","Avg","Avg","Avg","Avg"
"2018-05-10 11:00:00",0,0.374,0.404,0.38,0.439,0.42,0.417
"2018-05-10 11:30:00",1,0.391,0.452,0.418,0.488,0.484,0.439
"2018-05-10 12:00:00",2,0.378,0.437,0.407,0.468,0.476,0.413
"2018-05-10 12:30:00",3,0.402,0.457,0.43,0.499,0.495,0.442
"2018-05-10 13:00:00",4,0.409,0.467,0.433,0.505,0.504,0.444
"2018-05-10 13:30:00",5,0.391,0.451,0.42,0.49,0.494,0.423
"2018-05-10 14:00:00",6,0.387,0.443,0.418,0.487,0.488,0.412
"2018-05-10 14:30:00",7,0.388,0.442,0.418,0.493,0.486,0.413
"2018-05-10 15:00:00",8,0.395,0.447,0.426,0.499,0.484,0.42
"2018-05-10 15:30:00",9,0.399,0.459,0.435,0.51,0.493,0.415
"2018-05-10 16:00:00",10,0.414,0.467,0.445,0.521,0.505,0.437
"2018-05-10 16:30:00",11,0.427,0.479,0.45,0.53,0.515,0.454
"2018-05-10 17:00:00",12,0.448,0.501,0.465,0.549,0.53,0.477
"2018-05-10 17:30:00",13,0.466,0.515,0.477,0.562,0.543,0.494
"2018-05-10 18:00:00",14,0.504,0.542,0.501,0.586,0.563,0.532
"2018-05-10 18:30:00",15,0.528,0.562,0.518,0.601,0.578,0.562
"2018-05-10 19:00:00",16,0.543,0.571,0.53,0.61,0.589,0.577
"2018-05-10 19:30:00",17,0.553,0.579,0.539,0.615,0.594,0.585
"2018-05-10 20:00:00",18,0.558,0.586,0.543,0.619,0.6,0.593
"2018-05-10 20:30:00",19,0.557,0.588,0.547,0.618,0.602,0.595
"2018-05-10 21:00:00",20,0.56,0.592,0.547,0.62,0.604,0.599
"2018-05-10 21:30:00",21,0.563,0.594,0.552,0.622,0.607,0.604
"2018-05-10 22:00:00",22,0.567,0.597,0.554,0.624,0.61,0.609
"2018-05-10 22:30:00",23,0.569,0.599,0.557,0.626,0.614,0.613
"2018-05-10 23:00:00",24,0.572,0.6,0.56,0.628,0.616,0.617
"2018-05-10 23:30:00",25,0.574,0.602,0.562,0.629,0.618,0.619
"2018-05-11 00:00:00",26,0.575,0.603,0.563,0.63,0.619,0.622
"2018-05-11 00:30:00",27,0.578,0.603,0.564,0.631,0.62,0.624
"2018-05-11 01:00:00",28,0.58,0.604,0.565,0.632,0.621,0.627
"2018-05-11 01:30:00",29,0.583,0.603,0.566,0.631,0.621,0.63
"2018-05-11 02:00:00",30,0.583,0.605,0.565,0.63,0.621,0.629
"2018-05-11 02:30:00",31,0.585,0.604,0.567,0.631,0.623,0.631
"2018-05-11 03:00:00",32,0.585,0.602,0.567,0.631,0.623,0.629
"2018-05-11 03:30:00",33,0.585,0.604,0.565,0.627,0.62,0.627
"2018-05-11 04:00:00",34,0.586,0.602,0.564,0.626,0.619,0.628
"2018-05-11 04:30:00",35,0.584,0.601,0.563,0.623,0.616,0.626
"2018-05-11 05:00:00",36,0.585,0.601,0.562,0.621,0.617,0.626
"2018-05-11 05:30:00",37,0.583,0.603,0.562,0.618,0.615,0.624
"2018-05-11 06:00:00",38,0.582,0.605,0.562,0.618,0.615,0.624
"2018-05-11 06:30:00",39,0.581,0.604,0.562,0.618,0.615,0.624
"2018-05-11 07:00:00",40,0.571,0.593,0.545,0.614,0.616,0.612
"2018-05-11 07:30:00",41,0.519,0.564,0.503,0.591,0.612,0.572
"2018-05-11 08:00:00",42,0.463,0.536,0.473,0.56,0.607,0.525
"2018-05-11 08:30:00",43,0.42,0.507,0.447,0.526,0.595,0.471
"2018-05-11 09:00:00",44,0.393,0.481,0.431,0.503,0.577,0.43
"2018-05-11 09:30:00",45,0.39,0.462,0.423,0.491,0.554,0.405
"2018-05-11 10:00:00",46,0.387,0.447,0.421,0.468,0.53,0.405
"2018-05-11 10:30:00",47,0.386,0.44,0.417,0.461,0.508,0.404
"2018-05-11 11:00:00",48,0.389,0.438,0.412,0.464,0.494,0.407
"2018-05-11 11:30:00",49,0.389,0.434,0.413,0.46,0.485,0.413
"2018-05-11 12:00:00",50,0.389,0.433,0.414,0.458,0.483,0.412
"2018-05-11 12:30:00",51,0.398,0.441,0.42,0.475,0.488,0.419
"2018-05-11 13:00:00",52,0.394,0.434,0.416,0.473,0.481,0.414
"2018-05-11 13:30:00",53,0.392,0.433,0.417,0.477,0.484,0.409
"2018-05-11 14:00:00",54,0.394,0.439,0.418,0.484,0.485,0.411
"2018-05-11 14:30:00",55,0.398,0.447,0.417,0.488,0.488,0.419
"2018-05-11 15:00:00",56,0.404,0.455,0.426,0.5,0.493,0.425
"2018-05-11 15:30:00",57,0.407,0.46,0.432,0.506,0.496,0.425
"2018-05-11 16:00:00",58,0.419,0.46,0.438,0.512,0.501,0.436
"2018-05-11 16:30:00",59,0.43,0.469,0.444,0.516,0.502,0.452
"2018-05-11 17:00:00",60,0.442,0.487,0.453,0.533,0.513,0.463
"2018-05-11 17:30:00",61,0.449,0.495,0.456,0.536,0.521,0.47
"2018-05-11 18:00:00",62,0.457,0.502,0.465,0.546,0.53,0.482
"2018-05-11 18:30:00",63,0.472,0.516,0.476,0.557,0.542,0.502
"2018-05-11 19:00:00",64,0.496,0.537,0.492,0.577,0.558,0.53
"2018-05-11 19:30:00",65,0.513,0.555,0.509,0.594,0.573,0.555
"2018-05-11 20:00:00",66,0.53,0.569,0.525,0.606,0.584,0.578
"2018-05-11 20:30:00",67,0.545,0.581,0.533,0.613,0.594,0.594
"2018-05-11 21:00:00",68,0.554,0.588,0.54,0.617,0.6,0.605
"2018-05-11 21:30:00",69,0.562,0.593,0.548,0.622,0.606,0.612
"2018-05-11 22:00:00",70,0.569,0.597,0.552,0.624,0.61,0.62
"2018-05-11 22:30:00",71,0.574,0.599,0.555,0.626,0.613,0.625
"2018-05-11 23:00:00",72,0.577,0.603,0.557,0.629,0.616,0.628
"2018-05-11 23:30:00",73,0.578,0.604,0.56,0.632,0.62,0.629
"2018-05-12 00:00:00",74,0.576,0.607,0.558,0.63,0.619,0.628
"2018-05-12 00:30:00",75,0.58,0.607,0.562,0.633,0.623,0.631
"2018-05-12 01:00:00",76,0.584,0.609,0.565,0.634,0.626,0.633
"2018-05-12 01:30:00",77,0.581,0.608,0.566,0.635,0.627,0.633
"2018-05-12 02:00:00",78,0.584,0.609,0.568,0.634,0.628,0.632
"2018-05-12 02:30:00",79,0.584,0.608,0.568,0.635,0.628,0.633
"2018-05-12 03:00:00",80,0.583,0.607,0.568,0.632,0.628,0.631
"2018-05-12 03:30:00",81,0.581,0.605,0.568,0.629,0.628,0.629
"2018-05-12 04:00:00",82,0.582,0.605,0.569,0.627,0.627,0.628
"2018-05-12 04:30:00",83,0.589,0.606,0.57,0.628,0.624,0.631
"2018-05-12 05:00:00",84,0.588,0.607,0.57,0.63,0.625,0.629
"2018-05-12 05:30:00",85,0.587,0.609,0.565,0.627,0.626,0.63
"2018-05-12 06:00:00",86,0.589,0.609,0.566,0.625,0.625,0.63
"2018-05-12 06:30:00",87,0.59,0.609,0.567,0.628,0.626,0.631
"2018-05-12 07:00:00",88,0.576,0.606,0.556,0.608,0.624,0.62
"2018-05-12 07:30:00",89,0.555,0.591,0.532,0.587,0.618,0.603
"2018-05-12 08:00:00",90,0.507,0.567,0.504,0.565,0.607,0.568
"2018-05-12 08:30:00",91,0.47,0.553,0.485,0.554,0.599,0.537
"2018-05-12 09:00:00",92,0.44,0.533,0.465,0.539,0.586,0.501
"2018-05-12 09:30:00",93,0.428,0.517,0.457,0.533,0.571,0.484
"2018-05-12 10:00:00",94,0.427,0.511,0.455,0.531,0.561,0.479
"2018-05-12 10:30:00",95,0.417,0.501,0.449,0.518,0.55,0.464
"2018-05-12 11:00:00",96,0.404,0.489,0.438,0.508,0.531,0.454
"2018-05-12 11:30:00",97,0.396,0.476,0.432,0.497,0.517,0.447
"2018-05-12 12:00:00",98,0.397,0.463,0.43,0.489,0.51,0.438
"2018-05-12 12:30:00",99,0.399,0.46,0.428,0.492,0.503,0.438
"2018-05-12 13:00:00",100,0.401,0.46,0.43,0.499,0.497,0.441
"2018-05-12 13:30:00",101,0.398,0.457,0.434,0.505,0.499,0.436
"2018-05-12 14:00:00",102,0.401,0.464,0.44,0.517,0.505,0.439
"2018-05-12 14:30:00",103,0.404,0.468,0.437,0.52,0.507,0.441
"2018-05-12 15:00:00",104,0.409,0.471,0.442,0.527,0.509,0.443
"2018-05-12 15:30:00",105,0.42,0.48,0.451,0.538,0.514,0.445
"2018-05-12 16:00:00",106,0.436,0.479,0.459,0.545,0.519,0.452
"2018-05-12 16:30:00",107,0.45,0.486,0.467,0.552,0.521,0.466
"2018-05-12 17:00:00",108,0.451,0.498,0.468,0.558,0.526,0.465
"2018-05-12 17:30:00",109,0.468,0.514,0.477,0.569,0.538,0.48
"2018-05-12 18:00:00",110,0.486,0.53,0.491,0.582,0.55,0.504
"2018-05-12 18:30:00",111,0.495,0.539,0.498,0.588,0.559,0.512
"2018-05-12 19:00:00",112,0.513,0.554,0.511,0.599,0.571,0.533
"2018-05-12 19:30:00",113,0.529,0.569,0.524,0.609,0.583,0.556
"2018-05-12 20:00:00",114,0.545,0.581,0.537,0.616,0.592,0.579
"2018-05-12 20:30:00",115,0.557,0.589,0.546,0.621,0.6,0.597
"2018-05-12 21:00:00",116,0.543,0.585,0.537,0.602,0.594,0.597
"2018-05-12 21:30:00",117,0.505,0.542,0.521,0.534,0.483,0.607
"2018-05-12 22:00:00",118,0.51,0.53,0.508,0.539,0.504,0.613
"2018-05-12 22:30:00",119,0.535,0.552,0.517,0.58,0.525,0.625
"2018-05-12 23:00:00",120,0.542,0.559,0.524,0.59,0.53,0.633
"2018-05-12 23:30:00",121,0.549,0.564,0.527,0.597,0.533,0.637
"2018-05-13 00:00:00",122,0.549,0.562,0.526,0.6,0.535,0.637
"2018-05-13 00:30:00",123,0.552,0.562,0.525,0.599,0.536,0.631
"2018-05-13 01:00:00",124,0.568,0.569,0.53,0.609,0.541,0.636
"2018-05-13 01:30:00",125,0.578,0.571,0.535,0.614,0.541,0.639
"2018-05-13 02:00:00",126,0.58,0.572,0.537,0.616,0.54,0.64
"2018-05-13 02:30:00",127,0.575,0.57,0.529,0.609,0.537,0.639
"2018-05-13 03:00:00",128,0.57,0.566,0.521,0.599,0.536,0.633
"2018-05-13 03:30:00",129,0.568,0.565,0.518,0.599,0.54,0.631
"2018-05-13 04:00:00",130,0.566,0.564,0.518,0.6,0.549,0.627
"2018-05-13 04:30:00",131,0.565,0.564,0.524,0.6,0.554,0.624
"2018-05-13 05:00:00",132,0.566,0.565,0.53,0.602,0.561,0.624
"2018-05-13 05:30:00",133,0.571,0.571,0.531,0.603,0.564,0.629
"2018-05-13 06:00:00",134,0.575,0.572,0.538,0.589,0.552,0.629
"2018-05-13 06:30:00",135,0.566,0.546,0.526,0.556,0.539,0.633
"2018-05-13 07:00:00",136,0.56,0.546,0.526,0.558,0.547,0.632
"2018-05-13 07:30:00",137,0.548,0.554,0.525,0.57,0.554,0.625
"2018-05-13 08:00:00",138,0.549,0.561,0.527,0.581,0.559,0.625
"2018-05-13 08:30:00",139,0.551,0.562,0.525,0.579,0.559,0.623
"2018-05-13 09:00:00",140,0.544,0.56,0.524,0.578,0.56,0.62
"2018-05-13 09:30:00",141,0.543,0.56,0.526,0.58,0.565,0.615
"2018-05-13 10:00:00",142,0.544,0.562,0.528,0.585,0.567,0.616
"2018-05-13 10:30:00",143,0.538,0.556,0.518,0.573,0.561,0.613
"2018-05-13 11:00:00",144,0.539,0.551,0.517,0.57,0.56,0.611
"2018-05-13 11:30:00",145,0.547,0.55,0.527,0.581,0.566,0.617
"2018-05-13 12:00:00",146,0.554,0.555,0.533,0.589,0.572,0.623
"2018-05-13 12:30:00",147,0.556,0.556,0.527,0.585,0.573,0.618
"2018-05-13 13:00:00",148,0.561,0.558,0.53,0.591,0.575,0.62
"2018-05-13 13:30:00",149,0.559,0.558,0.524,0.586,0.573,0.616
"2018-05-13 14:00:00",150,0.556,0.554,0.52,0.583,0.571,0.614
"2018-05-13 14:30:00",151,0.557,0.552,0.524,0.587,0.573,0.616
"2018-05-13 15:00:00",152,0.56,0.554,0.525,0.592,0.576,0.617
"2018-05-13 15:30:00",153,0.56,0.554,0.525,0.593,0.577,0.616
"2018-05-13 16:00:00",154,0.56,0.551,0.527,0.596,0.579,0.612
"2018-05-13 16:30:00",155,0.56,0.553,0.526,0.598,0.58,0.607
"2018-05-13 17:00:00",156,0.56,0.554,0.527,0.605,0.582,0.604
"2018-05-13 17:30:00",157,0.561,0.558,0.529,0.612,0.583,0.606
"2018-05-13 18:00:00",158,0.563,0.56,0.535,0.616,0.586,0.613
"2018-05-13 18:30:00",159,0.559,0.559,0.534,0.616,0.586,0.608
"2018-05-13 19:00:00",160,0.559,0.56,0.537,0.619,0.586,0.61
"2018-05-13 19:30:00",161,0.568,0.566,0.541,0.622,0.588,0.618
"2018-05-13 20:00:00",162,0.57,0.566,0.543,0.622,0.588,0.621
"2018-05-13 20:30:00",163,0.573,0.569,0.545,0.623,0.59,0.625
"2018-05-13 21:00:00",164,0.573,0.568,0.547,0.623,0.589,0.626
"2018-05-13 21:30:00",165,0.575,0.568,0.548,0.622,0.59,0.628
"2018-05-13 22:00:00",166,0.578,0.573,0.545,0.618,0.589,0.625
"2018-05-13 22:30:00",167,0.579,0.576,0.546,0.62,0.586,0.626
"2018-05-13 23:00:00",168,0.57,0.555,0.533,0.581,0.558,0.626
"2018-05-13 23:30:00",169,0.561,0.546,0.521,0.567,0.566,0.629
"2018-05-14 00:00:00",170,0.562,0.562,0.524,0.58,0.578,0.63
"2018-05-14 00:30:00",171,0.566,0.566,0.531,0.59,0.581,0.631
"2018-05-14 01:00:00",172,0.571,0.569,0.536,0.598,0.583,0.632
"2018-05-14 01:30:00",173,0.573,0.572,0.537,0.603,0.585,0.631
"2018-05-14 02:00:00",174,0.574,0.573,0.539,0.604,0.584,0.631
"2018-05-14 02:30:00",175,0.574,0.574,0.537,0.606,0.586,0.631
"2018-05-14 03:00:00",176,0.568,0.574,0.536,0.606,0.586,0.63
"2018-05-14 03:30:00",177,0.563,0.571,0.531,0.597,0.584,0.626
"2018-05-14 04:00:00",178,0.564,0.569,0.533,0.601,0.585,0.628
"2018-05-14 04:30:00",179,0.568,0.569,0.534,0.604,0.587,0.628
"2018-05-14 05:00:00",180,0.577,0.57,0.536,0.606,0.587,0.631
"2018-05-14 05:30:00",181,0.578,0.569,0.537,0.606,0.586,0.632
"2018-05-14 06:00:00",182,0.578,0.57,0.536,0.606,0.586,0.632
"2018-05-14 06:30:00",183,0.575,0.57,0.537,0.605,0.585,0.633
"2018-05-14 07:00:00",184,0.574,0.567,0.536,0.606,0.582,0.633
"2018-05-14 07:30:00",185,0.572,0.568,0.531,0.6,0.58,0.629
"2018-05-14 08:00:00",186,0.57,0.569,0.532,0.6,0.579,0.627
"2018-05-14 08:30:00",187,0.571,0.568,0.535,0.604,0.579,0.629
"2018-05-14 09:00:00",188,0.575,0.569,0.534,0.604,0.578,0.629
"2018-05-14 09:30:00",189,0.575,0.569,0.532,0.603,0.578,0.628
"2018-05-14 10:00:00",190,0.573,0.569,0.53,0.601,0.577,0.626
"2018-05-14 10:30:00",191,0.574,0.567,0.531,0.598,0.573,0.625
"2018-05-14 11:00:00",192,0.572,0.569,0.531,0.604,0.577,0.622
"2018-05-14 11:30:00",193,0.562,0.566,0.526,0.601,0.575,0.612
"2018-05-14 12:00:00",194,0.56,0.564,0.527,0.601,0.575,0.607
"2018-05-14 12:30:00",195,0.557,0.563,0.53,0.607,0.577,0.609
"2018-05-14 13:00:00",196,0.556,0.561,0.528,0.607,0.577,0.606
"2018-05-14 13:30:00",197,0.546,0.552,0.52,0.605,0.577,0.593
"2018-05-14 14:00:00",198,0.544,0.555,0.517,0.606,0.577,0.589
"2018-05-14 14:30:00",199,0.526,0.546,0.5,0.596,0.573,0.568
"2018-05-14 15:00:00",200,0.512,0.536,0.49,0.594,0.568,0.552
"2018-05-14 15:30:00",201,0.495,0.527,0.477,0.591,0.561,0.537
"2018-05-14 16:00:00",202,0.484,0.518,0.468,0.59,0.556,0.529
"2018-05-14 16:30:00",203,0.479,0.515,0.468,0.59,0.554,0.524
"2018-05-14 17:00:00",204,0.484,0.513,0.468,0.59,0.55,0.524
"2018-05-14 17:30:00",205,0.497,0.512,0.468,0.588,0.545,0.536
"2018-05-14 18:00:00",206,0.504,0.52,0.483,0.599,0.552,0.546
"2018-05-14 18:30:00",207,0.523,0.529,0.497,0.607,0.559,0.567
"2018-05-14 19:00:00",208,0.541,0.541,0.509,0.611,0.567,0.586
"2018-05-14 19:30:00",209,0.556,0.551,0.521,0.616,0.574,0.606
"2018-05-14 20:00:00",210,0.564,0.558,0.52,0.611,0.574,0.616
"2018-05-14 20:30:00",211,0.562,0.546,0.513,0.569,0.551,0.619
"2018-05-14 21:00:00",212,0.559,0.542,0.51,0.555,0.552,0.625
"2018-05-14 21:30:00",213,0.558,0.555,0.52,0.574,0.569,0.625
"2018-05-14 22:00:00",214,0.555,0.554,0.521,0.538,0.559,0.626
"2018-05-14 22:30:00",215,0.55,0.551,0.523,0.548,0.564,0.624
"2018-05-14 23:00:00",216,0.549,0.551,0.525,0.568,0.566,0.618
"2018-05-14 23:30:00",217,0.555,0.56,0.526,0.581,0.571,0.622
"2018-05-15 00:00:00",218,0.559,0.562,0.527,0.587,0.573,0.624
"2018-05-15 00:30:00",219,0.557,0.56,0.528,0.589,0.572,0.622
"2018-05-15 01:00:00",220,0.557,0.56,0.528,0.588,0.571,0.621
"2018-05-15 01:30:00",221,0.561,0.562,0.529,0.591,0.575,0.623
"2018-05-15 02:00:00",222,0.565,0.564,0.533,0.596,0.58,0.627
"2018-05-15 02:30:00",223,0.568,0.566,0.534,0.598,0.581,0.629
"2018-05-15 03:00:00",224,0.567,0.565,0.531,0.595,0.577,0.627
"2018-05-15 03:30:00",225,0.566,0.567,0.53,0.596,0.578,0.627
"2018-05-15 04:00:00",226,0.564,0.568,0.53,0.597,0.577,0.627
"2018-05-15 04:30:00",227,0.563,0.57,0.529,0.6,0.58,0.628
"2018-05-15 05:00:00",228,0.566,0.571,0.532,0.604,0.583,0.631
"2018-05-15 05:30:00",229,0.566,0.572,0.533,0.606,0.584,0.633
"2018-05-15 06:00:00",230,0.566,0.571,0.532,0.605,0.582,0.631
"2018-05-15 06:30:00",231,0.563,0.571,0.531,0.604,0.579,0.629
"2018-05-15 07:00:00",232,0.562,0.569,0.53,0.603,0.58,0.625
"2018-05-15 07:30:00",233,0.557,0.563,0.524,0.603,0.579,0.609
"2018-05-15 08:00:00",234,0.545,0.549,0.505,0.6,0.577,0.577
"2018-05-15 08:30:00",235,0.525,0.534,0.486,0.593,0.573,0.545
"2018-05-15 09:00:00",236,0.475,0.508,0.453,0.573,0.564,0.497
"2018-05-15 09:30:00",237,0.434,0.485,0.432,0.553,0.549,0.463
"2018-05-15 10:00:00",238,0.41,0.473,0.42,0.533,0.538,0.443
"2018-05-15 10:30:00",239,0.391,0.458,0.409,0.501,0.521,0.431
"2018-05-15 11:00:00",240,0.398,0.453,0.41,0.515,0.513,0.443
"2018-05-15 11:30:00",241,0.386,0.446,0.404,0.499,0.504,0.439
"2018-05-15 12:00:00",242,0.383,0.434,0.4,0.482,0.49,0.426
"2018-05-15 12:30:00",243,0.381,0.423,0.398,0.484,0.48,0.419
"2018-05-15 13:00:00",244,0.382,0.413,0.395,0.476,0.469,0.418
"2018-05-15 13:30:00",245,0.382,0.412,0.395,0.476,0.468,0.414
"2018-05-15 14:00:00",246,0.387,0.418,0.396,0.483,0.471,0.422
"2018-05-15 14:30:00",247,0.391,0.427,0.401,0.495,0.478,0.429
"2018-05-15 15:00:00",248,0.393,0.424,0.403,0.494,0.476,0.427
"2018-05-15 15:30:00",249,0.398,0.423,0.407,0.496,0.476,0.426
"2018-05-15 16:00:00",250,0.406,0.42,0.408,0.498,0.479,0.434
"2018-05-15 16:30:00",251,0.415,0.427,0.414,0.504,0.481,0.448
"2018-05-15 17:00:00",252,0.428,0.443,0.422,0.521,0.49,0.46
"2018-05-15 17:30:00",253,0.445,0.457,0.432,0.542,0.503,0.474
"2018-05-15 18:00:00",254,0.461,0.471,0.445,0.558,0.513,0.494
"2018-05-15 18:30:00",255,0.483,0.492,0.462,0.578,0.531,0.517
"2018-05-15 19:00:00",256,0.5,0.507,0.476,0.594,0.544,0.537
"2018-05-15 19:30:00",257,0.518,0.525,0.491,0.608,0.557,0.564
"2018-05-15 20:00:00",258,0.535,0.54,0.504,0.618,0.568,0.587
"2018-05-15 20:30:00",259,0.545,0.548,0.511,0.623,0.574,0.6
"2018-05-15 21:00:00",260,0.541,0.546,0.503,0.612,0.572,0.597
"2018-05-15 21:30:00",261,0.529,0.533,0.49,0.583,0.561,0.591
"2018-05-15 22:00:00",262,0.503,0.536,0.488,0.527,0.561,0.604
"2018-05-15 22:30:00",263,0.498,0.539,0.491,0.481,0.568,0.619
"2018-05-15 23:00:00",264,0.503,0.549,0.499,0.485,0.573,0.627
"2018-05-15 23:30:00",265,0.523,0.555,0.51,0.497,0.576,0.63
"2018-05-16 00:00:00",266,0.532,0.561,0.517,0.493,0.583,0.632
"2018-05-16 00:30:00",267,0.539,0.565,0.521,0.524,0.59,0.635
"2018-05-16 01:00:00",268,0.551,0.567,0.527,0.557,0.59,0.637
"2018-05-16 01:30:00",269,0.557,0.567,0.53,0.581,0.59,0.638
"2018-05-16 02:00:00",270,0.561,0.57,0.532,0.592,0.591,0.64
"2018-05-16 02:30:00",271,0.559,0.567,0.534,0.595,0.588,0.639
"2018-05-16 03:00:00",272,0.558,0.563,0.535,0.596,0.587,0.638
"2018-05-16 03:30:00",273,0.559,0.563,0.537,0.597,0.588,0.639
"2018-05-16 04:00:00",274,0.561,0.565,0.537,0.598,0.59,0.64
"2018-05-16 04:30:00",275,0.564,0.565,0.536,0.598,0.592,0.639
"2018-05-16 05:00:00",276,0.56,0.564,0.536,0.599,0.591,0.639
"2018-05-16 05:30:00",277,0.559,0.564,0.536,0.6,0.591,0.636
"2018-05-16 06:00:00",278,0.56,0.562,0.538,0.599,0.59,0.636
"2018-05-16 06:30:00",279,0.563,0.561,0.538,0.599,0.588,0.636
"2018-05-16 07:00:00",280,0.569,0.563,0.538,0.6,0.588,0.636
"2018-05-16 07:30:00",281,0.574,0.567,0.538,0.602,0.592,0.638
"2018-05-16 08:00:00",282,0.572,0.566,0.538,0.603,0.591,0.636
"2018-05-16 08:30:00",283,0.565,0.567,0.538,0.603,0.591,0.633
"2018-05-16 09:00:00",284,0.557,0.56,0.536,0.6,0.59,0.628
"2018-05-16 09:30:00",285,0.556,0.557,0.536,0.598,0.589,0.624
"2018-05-16 10:00:00",286,0.555,0.558,0.534,0.6,0.591,0.624
"2018-05-16 10:30:00",287,0.552,0.556,0.532,0.598,0.59,0.619
"2018-05-16 11:00:00",288,0.549,0.553,0.529,0.595,0.587,0.61
"2018-05-16 11:30:00",289,0.544,0.552,0.522,0.59,0.584,0.599
"2018-05-16 12:00:00",290,0.541,0.55,0.517,0.588,0.582,0.593
"2018-05-16 12:30:00",291,0.541,0.549,0.513,0.586,0.577,0.591
"2018-05-16 13:00:00",292,0.542,0.55,0.515,0.59,0.579,0.594
"2018-05-16 13:30:00",293,0.543,0.55,0.517,0.592,0.579,0.596
"2018-05-16 14:00:00",294,0.541,0.546,0.518,0.596,0.579,0.595
"2018-05-16 14:30:00",295,0.551,0.55,0.523,0.583,0.575,0.611
"2018-05-16 15:00:00",296,0.559,0.553,0.51,0.51,0.563,0.619
"2018-05-16 15:30:00",297,0.564,0.555,0.508,0.506,0.566,0.618
"2018-05-16 16:00:00",298,0.56,0.555,0.505,0.51,0.564,0.617
"2018-05-16 16:30:00",299,0.547,0.554,0.512,0.528,0.572,0.614
"2018-05-16 17:00:00",300,0.54,0.548,0.516,0.55,0.572,0.618
"2018-05-16 17:30:00",301,0.538,0.547,0.52,0.541,0.577,0.626
"2018-05-16 18:00:00",302,0.539,0.55,0.517,0.554,0.576,0.628
"2018-05-16 18:30:00",303,0.539,0.553,0.519,0.55,0.578,0.629
"2018-05-16 19:00:00",304,0.543,0.555,0.523,0.523,0.581,0.631
"2018-05-16 19:30:00",305,0.526,0.552,0.512,0.496,0.574,0.627
"2018-05-16 20:00:00",306,0.525,0.55,0.5,0.493,0.56,0.623
"2018-05-16 20:30:00",307,0.531,0.549,0.501,0.494,0.559,0.624
"2018-05-16 21:00:00",308,0.531,0.545,0.497,0.496,0.555,0.623
"2018-05-16 21:30:00",309,0.534,0.547,0.497,0.493,0.545,0.626
"2018-05-16 22:00:00",310,0.548,0.553,0.507,0.504,0.561,0.632
"2018-05-16 22:30:00",311,0.556,0.56,0.521,0.527,0.578,0.632
"2018-05-16 23:00:00",312,0.559,0.562,0.521,0.548,0.582,0.63
"2018-05-16 23:30:00",313,0.554,0.562,0.52,0.514,0.577,0.63
"2018-05-17 00:00:00",314,0.542,0.559,0.516,0.493,0.567,0.628
"2018-05-17 00:30:00",315,0.542,0.561,0.516,0.502,0.575,0.627
"2018-05-17 01:00:00",316,0.544,0.562,0.522,0.524,0.581,0.625
"2018-05-17 01:30:00",317,0.547,0.564,0.522,0.539,0.584,0.624
"2018-05-17 02:00:00",318,0.551,0.565,0.523,0.539,0.582,0.624
"2018-05-17 02:30:00",319,0.55,0.565,0.527,0.548,0.583,0.625
"2018-05-17 03:00:00",320,0.552,0.566,0.522,0.551,0.584,0.626
"2018-05-17 03:30:00",321,0.553,0.565,0.521,0.554,0.582,0.625
"2018-05-17 04:00:00",322,0.556,0.566,0.525,0.56,0.581,0.627
"2018-05-17 04:30:00",323,0.558,0.568,0.521,0.559,0.579,0.629
"2018-05-17 05:00:00",324,0.555,0.567,0.518,0.558,0.579,0.629
"2018-05-17 05:30:00",325,0.554,0.567,0.516,0.558,0.579,0.628
"2018-05-17 06:00:00",326,0.552,0.564,0.514,0.541,0.575,0.626
"2018-05-17 06:30:00",327,0.548,0.565,0.511,0.511,0.575,0.625
"2018-05-17 07:00:00",328,0.548,0.563,0.514,0.512,0.573,0.626
"2018-05-17 07:30:00",329,0.551,0.565,0.511,0.521,0.576,0.629
"2018-05-17 08:00:00",330,0.547,0.563,0.513,0.516,0.573,0.628
"2018-05-17 08:30:00",331,0.545,0.561,0.511,0.502,0.569,0.628
"2018-05-17 09:00:00",332,0.548,0.562,0.509,0.515,0.572,0.63
"2018-05-17 09:30:00",333,0.546,0.562,0.51,0.518,0.573,0.628
"2018-05-17 10:00:00",334,0.545,0.561,0.514,0.517,0.574,0.629
"2018-05-17 10:30:00",335,0.545,0.562,0.51,0.524,0.573,0.627
"2018-05-17 11:00:00",336,0.546,0.562,0.508,0.536,0.573,0.624
"2018-05-17 11:30:00",337,0.545,0.561,0.51,0.545,0.571,0.625
"2018-05-17 12:00:00",338,0.54,0.56,0.508,0.531,0.569,0.623
"2018-05-17 12:30:00",339,0.54,0.559,0.509,0.539,0.568,0.622
"2018-05-17 13:00:00",340,0.54,0.559,0.508,0.546,0.569,0.621
"2018-05-17 13:30:00",341,0.54,0.558,0.509,0.527,0.57,0.621
"2018-05-17 14:00:00",342,0.541,0.559,0.507,0.525,0.568,0.621
"2018-05-17 14:30:00",343,0.542,0.56,0.505,0.538,0.569,0.621
"2018-05-17 15:00:00",344,0.538,0.556,0.501,0.5,0.573,0.619
"2018-05-17 15:30:00",345,0.538,0.555,0.503,0.506,0.572,0.617
"2018-05-17 16:00:00",346,0.534,0.55,0.488,0.479,0.565,0.616
"2018-05-17 16:30:00",347,0.53,0.547,0.473,0.472,0.548,0.615
"2018-05-17 17:00:00",348,0.526,0.55,0.472,0.473,0.553,0.612
"2018-05-17 17:30:00",349,0.528,0.549,0.468,0.471,0.542,0.614
"2018-05-17 18:00:00",350,0.531,0.551,0.473,0.472,0.545,0.618
"2018-05-17 18:30:00",351,0.533,0.552,0.479,0.473,0.547,0.621
"2018-05-17 19:00:00",352,0.534,0.553,0.483,0.475,0.551,0.622
"2018-05-17 19:30:00",353,0.529,0.553,0.485,0.477,0.555,0.617
"2018-05-17 20:00:00",354,0.524,0.553,0.494,0.482,0.561,0.615
"2018-05-17 20:30:00",355,0.522,0.553,0.492,0.478,0.559,0.613
"2018-05-17 21:00:00",356,0.522,0.554,0.49,0.479,0.556,0.613
"2018-05-17 21:30:00",357,0.523,0.555,0.494,0.491,0.56,0.612
"2018-05-17 22:00:00",358,0.527,0.556,0.499,0.504,0.563,0.613
"2018-05-17 22:30:00",359,0.529,0.556,0.5,0.516,0.565,0.613
"2018-05-17 23:00:00",360,0.531,0.558,0.503,0.504,0.567,0.615
"2018-05-17 23:30:00",361,0.531,0.559,0.51,0.524,0.572,0.616
"2018-05-18 00:00:00",362,0.529,0.559,0.507,0.509,0.569,0.614
"2018-05-18 00:30:00",363,0.529,0.557,0.504,0.512,0.566,0.614
"2018-05-18 01:00:00",364,0.532,0.559,0.507,0.506,0.57,0.615
"2018-05-18 01:30:00",365,0.527,0.557,0.479,0.473,0.541,0.617
"2018-05-18 02:00:00",366,0.525,0.555,0.478,0.475,0.549,0.616
"2018-05-18 02:30:00",367,0.525,0.556,0.482,0.479,0.56,0.615
"2018-05-18 03:00:00",368,0.522,0.556,0.481,0.477,0.557,0.613
"2018-05-18 03:30:00",369,0.519,0.555,0.481,0.479,0.554,0.61
"2018-05-18 04:00:00",370,0.517,0.555,0.49,0.488,0.557,0.607
"2018-05-18 04:30:00",371,0.518,0.554,0.493,0.497,0.563,0.606
"2018-05-18 05:00:00",372,0.523,0.554,0.496,0.503,0.564,0.606
"2018-05-18 05:30:00",373,0.522,0.552,0.494,0.485,0.564,0.606
"2018-05-18 06:00:00",374,0.521,0.55,0.496,0.49,0.566,0.606
"2018-05-18 06:30:00",375,0.518,0.55,0.49,0.477,0.56,0.607
"2018-05-18 07:00:00",376,0.517,0.546,0.477,0.474,0.542,0.606
"2018-05-18 07:30:00",377,0.515,0.544,0.473,0.474,0.542,0.604
"2018-05-18 08:00:00",378,0.515,0.544,0.477,0.477,0.544,0.604
"2018-05-18 08:30:00",379,0.516,0.546,0.481,0.48,0.55,0.605
"2018-05-18 09:00:00",380,0.516,0.547,0.49,0.493,0.557,0.603
"2018-05-18 09:30:00",381,0.518,0.545,0.499,0.515,0.561,0.602
"2018-05-18 10:00:00",382,0.52,0.545,0.501,0.531,0.562,0.601
"2018-05-18 10:30:00",383,0.518,0.543,0.503,0.538,0.564,0.601
"2018-05-18 11:00:00",384,0.521,0.543,0.503,0.541,0.563,0.602
"2018-05-18 11:30:00",385,0.518,0.543,0.508,0.536,0.567,0.603
"2018-05-18 12:00:00",386,0.515,0.539,0.506,0.521,0.567,0.605
"2018-05-18 12:30:00",387,0.515,0.54,0.494,0.501,0.562,0.604
"2018-05-18 13:00:00",388,0.51,0.538,0.488,0.492,0.563,0.605
"2018-05-18 13:30:00",389,0.51,0.538,0.474,0.475,0.553,0.606
"2018-05-18 14:00:00",390,0.508,0.537,0.476,0.477,0.548,0.602
"2018-05-18 14:30:00",391,0.506,0.534,0.49,0.496,0.552,0.602
"2018-05-18 15:00:00",392,0.503,0.533,0.49,0.495,0.554,0.613
"2018-05-18 15:30:00",393,0.504,0.536,0.476,0.479,0.559,0.616
"2018-05-18 16:00:00",394,0.509,0.537,0.488,0.515,0.562,0.616
"2018-05-18 16:30:00",395,0.509,0.538,0.492,0.534,0.565,0.614
"2018-05-18 17:00:00",396,0.511,0.537,0.489,0.492,0.565,0.614
"2018-05-18 17:30:00",397,0.509,0.538,0.485,0.487,0.566,0.615
"2018-05-18 18:00:00",398,0.51,0.539,0.496,0.514,0.569,0.614
"2018-05-18 18:30:00",399,0.512,0.54,0.497,0.509,0.57,0.614
"2018-05-18 19:00:00",400,0.509,0.538,0.474,0.475,0.564,0.614
"2018-05-18 19:30:00",401,0.512,0.539,0.482,0.477,0.56,0.615
"2018-05-18 20:00:00",402,0.513,0.539,0.489,0.486,0.561,0.615
"2018-05-18 20:30:00",403,0.514,0.539,0.494,0.504,0.564,0.614
"2018-05-18 21:00:00",404,0.515,0.54,0.497,0.488,0.567,0.615
"2018-05-18 21:30:00",405,0.517,0.541,0.491,0.487,0.568,0.613
"2018-05-18 22:00:00",406,0.518,0.542,0.498,0.502,0.569,0.613
"2018-05-18 22:30:00",407,0.521,0.543,0.5,0.501,0.571,0.611
"2018-05-18 23:00:00",408,0.52,0.543,0.503,0.526,0.573,0.61
"2018-05-18 23:30:00",409,0.522,0.543,0.505,0.507,0.575,0.612
"2018-05-19 00:00:00",410,0.522,0.545,0.495,0.488,0.575,0.611
"2018-05-19 00:30:00",411,0.522,0.546,0.499,0.494,0.575,0.611
"2018-05-19 01:00:00",412,0.52,0.545,0.493,0.485,0.575,0.61
"2018-05-19 01:30:00",413,0.523,0.545,0.48,0.484,0.57,0.61
"2018-05-19 02:00:00",414,0.521,0.542,0.474,0.478,0.554,0.609
"2018-05-19 02:30:00",415,0.526,0.543,0.488,0.483,0.559,0.612
"2018-05-19 03:00:00",416,0.523,0.543,0.495,0.482,0.565,0.611
"2018-05-19 03:30:00",417,0.521,0.542,0.494,0.483,0.566,0.609
"2018-05-19 04:00:00",418,0.519,0.541,0.485,0.478,0.563,0.608
"2018-05-19 04:30:00",419,0.521,0.541,0.488,0.481,0.56,0.61
"2018-05-19 05:00:00",420,0.523,0.543,0.498,0.484,0.563,0.61
"2018-05-19 05:30:00",421,0.525,0.544,0.498,0.484,0.565,0.61
"2018-05-19 06:00:00",422,0.526,0.545,0.498,0.487,0.565,0.611
"2018-05-19 06:30:00",423,0.527,0.545,0.506,0.498,0.568,0.611
"2018-05-19 07:00:00",424,0.527,0.548,0.505,0.492,0.568,0.61
"2018-05-19 07:30:00",425,0.527,0.549,0.506,0.501,0.569,0.61
"2018-05-19 08:00:00",426,0.526,0.549,0.51,0.495,0.572,0.611
"2018-05-19 08:30:00",427,0.525,0.55,0.504,0.489,0.571,0.61
"2018-05-19 09:00:00",428,0.525,0.55,0.508,0.5,0.57,0.609
"2018-05-19 09:30:00",429,0.528,0.552,0.511,0.52,0.572,0.61
"2018-05-19 10:00:00",430,0.53,0.553,0.516,0.532,0.573,0.61
"2018-05-19 10:30:00",431,0.533,0.557,0.514,0.536,0.571,0.611
"2018-05-19 11:00:00",432,0.537,0.557,0.512,0.541,0.569,0.612
"2018-05-19 11:30:00",433,0.544,0.558,0.524,0.556,0.57,0.619
"2018-05-19 12:00:00",434,0.545,0.56,0.526,0.562,0.571,0.619
"2018-05-19 12:30:00",435,0.543,0.56,0.523,0.558,0.568,0.617
"2018-05-19 13:00:00",436,0.542,0.558,0.523,0.556,0.568,0.616
"2018-05-19 13:30:00",437,0.539,0.559,0.519,0.552,0.568,0.616
"2018-05-19 14:00:00",438,0.535,0.558,0.517,0.525,0.568,0.612
"2018-05-19 14:30:00",439,0.539,0.558,0.522,0.533,0.566,0.616
"2018-05-19 15:00:00",440,0.542,0.561,0.523,0.562,0.569,0.619
"2018-05-19 15:30:00",441,0.542,0.561,0.524,0.569,0.57,0.619
"2018-05-19 16:00:00",442,0.542,0.559,0.524,0.57,0.571,0.619
"2018-05-19 16:30:00",443,0.54,0.558,0.526,0.573,0.571,0.618
"2018-05-19 17:00:00",444,0.548,0.56,0.526,0.575,0.572,0.62
"2018-05-19 17:30:00",445,0.553,0.563,0.527,0.578,0.573,0.622
"2018-05-19 18:00:00",446,0.551,0.563,0.526,0.58,0.574,0.623
"2018-05-19 18:30:00",447,0.549,0.557,0.526,0.578,0.572,0.617
"2018-05-19 19:00:00",448,0.549,0.559,0.526,0.58,0.573,0.62
"2018-05-19 19:30:00",449,0.547,0.558,0.527,0.579,0.574,0.622
"2018-05-19 20:00:00",450,0.547,0.557,0.526,0.578,0.574,0.62
"2018-05-19 20:30:00",451,0.546,0.556,0.524,0.578,0.573,0.619
"2018-05-19 21:00:00",452,0.544,0.554,0.523,0.575,0.572,0.619
"2018-05-19 21:30:00",453,0.544,0.554,0.523,0.57,0.57,0.617
"2018-05-19 22:00:00",454,0.55,0.558,0.527,0.576,0.573,0.621
"2018-05-19 22:30:00",455,0.553,0.559,0.528,0.579,0.573,0.623
"2018-05-19 23:00:00",456,0.552,0.56,0.529,0.58,0.573,0.624
"2018-05-19 23:30:00",457,0.553,0.56,0.529,0.582,0.574,0.624
"2018-05-20 00:00:00",458,0.555,0.561,0.529,0.582,0.574,0.627
"2018-05-20 00:30:00",459,0.556,0.562,0.53,0.582,0.574,0.627
"2018-05-20 01:00:00",460,0.555,0.561,0.528,0.581,0.574,0.625
"2018-05-20 01:30:00",461,0.554,0.561,0.528,0.581,0.573,0.625
"2018-05-20 02:00:00",462,0.553,0.561,0.526,0.58,0.571,0.625
"2018-05-20 02:30:00",463,0.552,0.561,0.525,0.579,0.571,0.624
"2018-05-20 03:00:00",464,0.554,0.561,0.525,0.578,0.571,0.624
"2018-05-20 03:30:00",465,0.553,0.56,0.525,0.578,0.571,0.624
"2018-05-20 04:00:00",466,0.554,0.56,0.524,0.577,0.569,0.623
"2018-05-20 04:30:00",467,0.553,0.56,0.525,0.578,0.57,0.624
"2018-05-20 05:00:00",468,0.553,0.561,0.526,0.576,0.57,0.625
"2018-05-20 05:30:00",469,0.553,0.56,0.526,0.576,0.569,0.625
"2018-05-20 06:00:00",470,0.554,0.561,0.526,0.576,0.57,0.626
"2018-05-20 06:30:00",471,0.554,0.561,0.526,0.576,0.571,0.627
"2018-05-20 07:00:00",472,0.554,0.56,0.525,0.576,0.57,0.627
"2018-05-20 07:30:00",473,0.553,0.56,0.525,0.576,0.57,0.626
"2018-05-20 08:00:00",474,0.552,0.56,0.524,0.574,0.57,0.625
"2018-05-20 08:30:00",475,0.537,0.557,0.518,0.571,0.567,0.611
"2018-05-20 09:00:00",476,0.497,0.548,0.497,0.566,0.565,0.565
"2018-05-20 09:30:00",477,0.454,0.533,0.465,0.558,0.563,0.508
"2018-05-20 10:00:00",478,0.425,0.515,0.445,0.533,0.558,0.475
"2018-05-20 10:30:00",479,0.412,0.501,0.442,0.512,0.545,0.471
"2018-05-20 11:00:00",480,0.385,0.493,0.431,0.51,0.527,0.467
"2018-05-20 11:30:00",481,0.373,0.471,0.41,0.502,0.508,0.45
"2018-05-20 12:00:00",482,0.372,0.445,0.398,0.473,0.498,0.439
"2018-05-20 12:30:00",483,0.372,0.423,0.39,0.459,0.486,0.434
"2018-05-20 13:00:00",484,0.376,0.413,0.387,0.454,0.474,0.433
"2018-05-20 13:30:00",485,0.379,0.411,0.386,0.456,0.467,0.432
"2018-05-20 14:00:00",486,0.386,0.418,0.393,0.474,0.471,0.436
"2018-05-20 14:30:00",487,0.397,0.424,0.397,0.482,0.472,0.446
"2018-05-20 15:00:00",488,0.406,0.432,0.403,0.495,0.482,0.456
"2018-05-20 15:30:00",489,0.414,0.437,0.408,0.506,0.486,0.458
"2018-05-20 16:00:00",490,0.408,0.426,0.403,0.498,0.481,0.45
"2018-05-20 16:30:00",491,0.417,0.427,0.41,0.505,0.483,0.46
"2018-05-20 17:00:00",492,0.434,0.439,0.418,0.518,0.491,0.475
"2018-05-20 17:30:00",493,0.433,0.439,0.417,0.521,0.493,0.471
"2018-05-20 18:00:00",494,0.455,0.458,0.432,0.542,0.508,0.5
"2018-05-20 18:30:00",495,0.475,0.473,0.448,0.564,0.523,0.518
"2018-05-20 19:00:00",496,0.493,0.49,0.462,0.579,0.538,0.543
"2018-05-20 19:30:00",497,0.51,0.511,0.477,0.591,0.552,0.565
"2018-05-20 20:00:00",498,0.527,0.527,0.492,0.602,0.564,0.591
"2018-05-20 20:30:00",499,0.541,0.537,0.503,0.609,0.57,0.607
"2018-05-20 21:00:00",500,0.548,0.545,0.51,0.612,0.576,0.617
"2018-05-20 21:30:00",501,0.554,0.552,0.516,0.615,0.579,0.623
"2018-05-20 22:00:00",502,0.559,0.556,0.519,0.617,0.583,0.627
"2018-05-20 22:30:00",503,0.563,0.558,0.522,0.619,0.583,0.629
"2018-05-20 23:00:00",504,0.567,0.561,0.527,0.623,0.587,0.635
"2018-05-20 23:30:00",505,0.572,0.565,0.53,0.626,0.587,0.638
"2018-05-21 00:00:00",506,0.574,0.568,0.531,0.627,0.59,0.639
"2018-05-21 00:30:00",507,0.576,0.57,0.534,0.628,0.592,0.641
"2018-05-21 01:00:00",508,0.578,0.574,0.534,0.629,0.592,0.642
"2018-05-21 01:30:00",509,0.581,0.573,0.537,0.63,0.593,0.643
"2018-05-21 02:00:00",510,0.579,0.576,0.539,0.631,0.595,0.643
"2018-05-21 02:30:00",511,0.575,0.575,0.538,0.63,0.592,0.639
"2018-05-21 03:00:00",512,0.566,0.574,0.525,0.613,0.586,0.629
"2018-05-21 03:30:00",513,0.557,0.571,0.524,0.605,0.583,0.62
"2018-05-21 04:00:00",514,0.554,0.571,0.525,0.605,0.585,0.616
"2018-05-21 04:30:00",515,0.552,0.571,0.528,0.605,0.586,0.619
"2018-05-21 05:00:00",516,0.554,0.576,0.529,0.608,0.591,0.621
"2018-05-21 05:30:00",517,0.559,0.58,0.535,0.617,0.596,0.627
"2018-05-21 06:00:00",518,0.562,0.581,0.535,0.614,0.594,0.632
"2018-05-21 06:30:00",519,0.56,0.58,0.534,0.61,0.59,0.629
"2018-05-21 07:00:00",520,0.557,0.573,0.53,0.607,0.587,0.621
"2018-05-21 07:30:00",521,0.538,0.55,0.516,0.597,0.584,0.594
"2018-05-21 08:00:00",522,0.518,0.528,0.499,0.586,0.576,0.559
"2018-05-21 08:30:00",523,0.502,0.515,0.487,0.578,0.567,0.535
"2018-05-21 09:00:00",524,0.478,0.5,0.472,0.57,0.556,0.507
"2018-05-21 09:30:00",525,0.453,0.488,0.456,0.562,0.544,0.483
"2018-05-21 10:00:00",526,0.43,0.476,0.444,0.542,0.528,0.465
"2018-05-21 10:30:00",527,0.41,0.465,0.434,0.52,0.512,0.457
"2018-05-21 11:00:00",528,0.4,0.457,0.426,0.515,0.502,0.457
"2018-05-21 11:30:00",529,0.396,0.452,0.423,0.513,0.492,0.462
"2018-05-21 12:00:00",530,0.395,0.448,0.421,0.503,0.487,0.459
"2018-05-21 12:30:00",531,0.396,0.443,0.42,0.506,0.48,0.454
"2018-05-21 13:00:00",532,0.396,0.44,0.421,0.507,0.474,0.452
"2018-05-21 13:30:00",533,0.397,0.44,0.427,0.516,0.475,0.448
"2018-05-21 14:00:00",534,0.403,0.442,0.432,0.526,0.474,0.449
"2018-05-21 14:30:00",535,0.404,0.443,0.431,0.525,0.479,0.45
"2018-05-21 15:00:00",536,0.415,0.449,0.435,0.532,0.481,0.461
"2018-05-21 15:30:00",537,0.425,0.451,0.439,0.535,0.483,0.459
"2018-05-21 16:00:00",538,0.438,0.449,0.443,0.539,0.485,0.466
"2018-05-21 16:30:00",539,0.455,0.457,0.452,0.548,0.493,0.485
"2018-05-21 17:00:00",540,0.468,0.474,0.46,0.564,0.506,0.503
"2018-05-21 17:30:00",541,0.483,0.487,0.467,0.578,0.52,0.517
"2018-05-21 18:00:00",542,0.497,0.501,0.481,0.592,0.535,0.538
"2018-05-21 18:30:00",543,0.516,0.517,0.493,0.605,0.551,0.561
"2018-05-21 19:00:00",544,0.532,0.534,0.505,0.614,0.566,0.581
"2018-05-21 19:30:00",545,0.544,0.549,0.516,0.62,0.578,0.597
"2018-05-21 20:00:00",546,0.549,0.562,0.528,0.627,0.586,0.612
"2018-05-21 20:30:00",547,0.557,0.574,0.537,0.632,0.594,0.626
"2018-05-21 21:00:00",548,0.564,0.581,0.543,0.635,0.599,0.634
"2018-05-21 21:30:00",549,0.568,0.587,0.548,0.638,0.604,0.639
"2018-05-21 22:00:00",550,0.571,0.59,0.55,0.639,0.607,0.642
"2018-05-21 22:30:00",551,0.573,0.593,0.552,0.64,0.608,0.644
"2018-05-21 23:00:00",552,0.576,0.595,0.553,0.642,0.61,0.646
"2018-05-21 23:30:00",553,0.579,0.596,0.555,0.642,0.61,0.647
"2018-05-22 00:00:00",554,0.583,0.596,0.556,0.643,0.61,0.649
"2018-05-22 00:30:00",555,0.585,0.597,0.557,0.643,0.611,0.653
"2018-05-22 01:00:00",556,0.587,0.6,0.557,0.642,0.612,0.654
"2018-05-22 01:30:00",557,0.588,0.601,0.557,0.642,0.612,0.655
"2018-05-22 02:00:00",558,0.589,0.602,0.559,0.643,0.613,0.654
"2018-05-22 02:30:00",559,0.59,0.602,0.561,0.643,0.614,0.653
"2018-05-22 03:00:00",560,0.59,0.602,0.56,0.643,0.615,0.653
"2018-05-22 03:30:00",561,0.589,0.602,0.56,0.643,0.615,0.653
"2018-05-22 04:00:00",562,0.59,0.601,0.56,0.643,0.614,0.652
"2018-05-22 04:30:00",563,0.589,0.602,0.561,0.642,0.616,0.652
"2018-05-22 05:00:00",564,0.589,0.603,0.56,0.641,0.616,0.65
"2018-05-22 05:30:00",565,0.589,0.602,0.56,0.64,0.615,0.651
"2018-05-22 06:00:00",566,0.59,0.601,0.559,0.64,0.613,0.651
"2018-05-22 06:30:00",567,0.592,0.601,0.559,0.639,0.614,0.651
"2018-05-22 07:00:00",568,0.593,0.6,0.561,0.64,0.616,0.65
"2018-05-22 07:30:00",569,0.592,0.599,0.562,0.64,0.617,0.649
"2018-05-22 08:00:00",570,0.592,0.599,0.563,0.64,0.617,0.647
"2018-05-22 08:30:00",571,0.591,0.597,0.562,0.639,0.616,0.645
"2018-05-22 09:00:00",572,0.585,0.592,0.56,0.636,0.615,0.637
"2018-05-22 09:30:00",573,0.57,0.578,0.554,0.633,0.611,0.616
"2018-05-22 10:00:00",574,0.54,0.558,0.539,0.624,0.602,0.574
"2018-05-22 10:30:00",575,0.538,0.556,0.537,0.623,0.598,0.581
"2018-05-22 11:00:00",576,0.558,0.574,0.552,0.631,0.607,0.613
"2018-05-22 11:30:00",577,0.564,0.578,0.555,0.633,0.608,0.618
"2018-05-22 12:00:00",578,0.568,0.583,0.556,0.633,0.611,0.624
"2018-05-22 12:30:00",579,0.574,0.588,0.559,0.634,0.611,0.631
"2018-05-22 13:00:00",580,0.579,0.59,0.562,0.634,0.611,0.635
"2018-05-22 13:30:00",581,0.58,0.591,0.563,0.634,0.611,0.634
"2018-05-22 14:00:00",582,0.565,0.587,0.559,0.631,0.609,0.62
"2018-05-22 14:30:00",583,0.536,0.58,0.55,0.624,0.605,0.592
"2018-05-22 15:00:00",584,0.516,0.57,0.54,0.618,0.602,0.574
"2018-05-22 15:30:00",585,0.488,0.554,0.523,0.606,0.592,0.547
"2018-05-22 16:00:00",586,0.465,0.535,0.506,0.594,0.574,0.523
"2018-05-22 16:30:00",587,0.458,0.52,0.496,0.588,0.561,0.517
"2018-05-22 17:00:00",588,0.46,0.518,0.492,0.593,0.558,0.518
"2018-05-22 17:30:00",589,0.489,0.532,0.503,0.601,0.566,0.541
"2018-05-22 18:00:00",590,0.528,0.557,0.524,0.618,0.58,0.589
"2018-05-22 18:30:00",591,0.555,0.575,0.541,0.627,0.589,0.618
"2018-05-22 19:00:00",592,0.572,0.587,0.553,0.634,0.574,0.633
"2018-05-22 19:30:00",593,0.582,0.592,0.558,0.636,0.576,0.639
"2018-05-22 20:00:00",594,0.586,0.588,0.56,0.613,0.58,0.641
"2018-05-22 20:30:00",595,0.589,0.569,0.563,0.6,0.577,0.643
"2018-05-22 21:00:00",596,0.591,0.561,0.563,0.598,0.572,0.644
"2018-05-22 21:30:00",597,0.593,0.559,0.564,0.601,0.573,0.645
"2018-05-22 22:00:00",598,0.593,0.559,0.564,0.606,0.575,0.646
"2018-05-22 22:30:00",599,0.594,0.559,0.564,0.61,0.578,0.646
"2018-05-22 23:00:00",600,0.595,0.56,0.563,0.614,0.581,0.647
"2018-05-22 23:30:00",601,0.595,0.559,0.564,0.618,0.581,0.646
"2018-05-23 00:00:00",602,0.596,0.559,0.565,0.62,0.584,0.646
"2018-05-23 00:30:00",603,0.596,0.56,0.563,0.623,0.584,0.647
"2018-05-23 01:00:00",604,0.596,0.56,0.563,0.625,0.584,0.647
"2018-05-23 01:30:00",605,0.594,0.56,0.562,0.626,0.582,0.647
"2018-05-23 02:00:00",606,0.593,0.559,0.562,0.626,0.581,0.645
"2018-05-23 02:30:00",607,0.592,0.559,0.562,0.628,0.581,0.643
"2018-05-23 03:00:00",608,0.594,0.561,0.561,0.629,0.582,0.644
"2018-05-23 03:30:00",609,0.593,0.563,0.559,0.629,0.582,0.643
"2018-05-23 04:00:00",610,0.594,0.562,0.562,0.631,0.583,0.644
"2018-05-23 04:30:00",611,0.593,0.561,0.563,0.632,0.584,0.645
"2018-05-23 05:00:00",612,0.593,0.562,0.561,0.631,0.585,0.644
"2018-05-23 05:30:00",613,0.594,0.564,0.562,0.631,0.587,0.645
"2018-05-23 06:00:00",614,0.594,0.566,0.562,0.633,0.589,0.645
"2018-05-23 06:30:00",615,0.595,0.567,0.563,0.632,0.587,0.644
"2018-05-23 07:00:00",616,0.595,0.569,0.565,0.633,0.59,0.645
"2018-05-23 07:30:00",617,0.596,0.572,0.563,0.631,0.592,0.643
"2018-05-23 08:00:00",618,0.592,0.573,0.557,0.626,0.59,0.636
"2018-05-23 08:30:00",619,0.563,0.568,0.544,0.615,0.588,0.623
"2018-05-23 09:00:00",620,0.493,0.554,0.51,0.605,0.586,0.568
"2018-05-23 09:30:00",621,0.431,0.534,0.475,0.584,0.582,0.506
"2018-05-23 10:00:00",622,0.393,0.505,0.453,0.533,0.565,0.466
"2018-05-23 10:30:00",623,0.384,0.472,0.427,0.495,0.524,0.434
"2018-05-23 11:00:00",624,0.384,0.445,0.413,0.484,0.497,0.437
"2018-05-23 11:30:00",625,0.386,0.435,0.409,0.483,0.487,0.442
"2018-05-23 12:00:00",626,0.386,0.428,0.405,0.477,0.473,0.438
"2018-05-23 12:30:00",627,0.392,0.431,0.409,0.487,0.471,0.442
"2018-05-23 13:00:00",628,0.399,0.436,0.413,0.498,0.474,0.45
"2018-05-23 13:30:00",629,0.396,0.433,0.408,0.491,0.47,0.443
"2018-05-23 14:00:00",630,0.392,0.427,0.409,0.489,0.462,0.436
"2018-05-23 14:30:00",631,0.393,0.423,0.409,0.49,0.46,0.434
"2018-05-23 15:00:00",632,0.397,0.425,0.411,0.497,0.461,0.439
"2018-05-23 15:30:00",633,0.399,0.425,0.411,0.497,0.459,0.436
"2018-05-23 16:00:00",634,0.41,0.425,0.417,0.505,0.463,0.443
"2018-05-23 16:30:00",635,0.427,0.437,0.425,0.513,0.47,0.463
"2018-05-23 17:00:00",636,0.439,0.451,0.435,0.529,0.484,0.471
"2018-05-23 17:30:00",637,0.452,0.461,0.444,0.544,0.489,0.481
"2018-05-23 18:00:00",638,0.465,0.472,0.46,0.559,0.498,0.502
"2018-05-23 18:30:00",639,0.489,0.49,0.477,0.576,0.518,0.525
"2018-05-23 19:00:00",640,0.509,0.51,0.496,0.593,0.538,0.551
"2018-05-23 19:30:00",641,0.527,0.528,0.511,0.608,0.557,0.577
"2018-05-23 20:00:00",642,0.54,0.545,0.523,0.618,0.572,0.595
"2018-05-23 20:30:00",643,0.55,0.56,0.534,0.626,0.584,0.61
"2018-05-23 21:00:00",644,0.557,0.569,0.542,0.631,0.591,0.62
"2018-05-23 21:30:00",645,0.565,0.574,0.545,0.635,0.594,0.629
"2018-05-23 22:00:00",646,0.569,0.577,0.547,0.637,0.596,0.634
"2018-05-23 22:30:00",647,0.571,0.58,0.551,0.64,0.6,0.636
"2018-05-23 23:00:00",648,0.574,0.583,0.551,0.64,0.6,0.638
"2018-05-23 23:30:00",649,0.576,0.586,0.552,0.641,0.603,0.641
"2018-05-24 00:00:00",650,0.58,0.589,0.553,0.641,0.604,0.646
"2018-05-24 00:30:00",651,0.583,0.592,0.555,0.642,0.608,0.647
"2018-05-24 01:00:00",652,0.584,0.593,0.559,0.643,0.612,0.649
"2018-05-24 01:30:00",653,0.585,0.594,0.56,0.644,0.612,0.649
"2018-05-24 02:00:00",654,0.586,0.595,0.556,0.641,0.61,0.647
"2018-05-24 02:30:00",655,0.583,0.594,0.551,0.639,0.607,0.641
"2018-05-24 03:00:00",656,0.582,0.595,0.553,0.638,0.608,0.641
"2018-05-24 03:30:00",657,0.585,0.591,0.554,0.639,0.605,0.641
"2018-05-24 04:00:00",658,0.585,0.591,0.554,0.637,0.603,0.642
"2018-05-24 04:30:00",659,0.585,0.591,0.553,0.635,0.603,0.641
"2018-05-24 05:00:00",660,0.583,0.593,0.553,0.635,0.603,0.638
"2018-05-24 05:30:00",661,0.582,0.594,0.552,0.634,0.603,0.637
"2018-05-24 06:00:00",662,0.583,0.594,0.555,0.636,0.607,0.638
"2018-05-24 06:30:00",663,0.582,0.592,0.555,0.635,0.608,0.636
"2018-05-24 07:00:00",664,0.573,0.578,0.546,0.628,0.609,0.614
"2018-05-24 07:30:00",665,0.536,0.543,0.511,0.6,0.603,0.557
"2018-05-24 08:00:00",666,0.487,0.514,0.476,0.563,0.594,0.51
"2018-05-24 08:30:00",667,0.438,0.49,0.45,0.537,0.577,0.475
"2018-05-24 09:00:00",668,0.402,0.466,0.427,0.515,0.552,0.446
"2018-05-24 09:30:00",669,0.391,0.447,0.412,0.496,0.523,0.426
"2018-05-24 10:00:00",670,0.39,0.436,0.406,0.475,0.495,0.429
"2018-05-24 10:30:00",671,0.387,0.431,0.405,0.463,0.478,0.428
"2018-05-24 11:00:00",672,0.387,0.433,0.405,0.47,0.472,0.431
"2018-05-24 11:30:00",673,0.388,0.438,0.407,0.477,0.471,0.436
"2018-05-24 12:00:00",674,0.387,0.435,0.407,0.469,0.472,0.43
"2018-05-24 12:30:00",675,0.387,0.428,0.405,0.474,0.47,0.427
"2018-05-24 13:00:00",676,0.39,0.425,0.408,0.481,0.467,0.429
"2018-05-24 13:30:00",677,0.392,0.43,0.412,0.491,0.469,0.429
"2018-05-24 14:00:00",678,0.398,0.437,0.419,0.503,0.471,0.433
"2018-05-24 14:30:00",679,0.402,0.44,0.42,0.505,0.475,0.437
"2018-05-24 15:00:00",680,0.406,0.444,0.424,0.51,0.481,0.443
"2018-05-24 15:30:00",681,0.414,0.448,0.427,0.512,0.479,0.444
"2018-05-24 16:00:00",682,0.424,0.444,0.438,0.525,0.487,0.452
"2018-05-24 16:30:00",683,0.436,0.45,0.443,0.53,0.493,0.471
"2018-05-24 17:00:00",684,0.448,0.472,0.452,0.547,0.503,0.487
"2018-05-24 17:30:00",685,0.464,0.487,0.462,0.567,0.515,0.503
"2018-05-24 18:00:00",686,0.476,0.497,0.475,0.583,0.523,0.523
"2018-05-24 18:30:00",687,0.494,0.511,0.489,0.595,0.54,0.54
"2018-05-24 19:00:00",688,0.513,0.529,0.501,0.607,0.557,0.562
"2018-05-24 19:30:00",689,0.526,0.543,0.514,0.615,0.571,0.58
"2018-05-24 20:00:00",690,0.539,0.556,0.524,0.623,0.581,0.596
"2018-05-24 20:30:00",691,0.55,0.569,0.533,0.629,0.59,0.613
"2018-05-24 21:00:00",692,0.558,0.578,0.539,0.634,0.597,0.625
"2018-05-24 21:30:00",693,0.565,0.585,0.543,0.637,0.6,0.633
"2018-05-24 22:00:00",694,0.571,0.59,0.547,0.64,0.604,0.639
"2018-05-24 22:30:00",695,0.575,0.593,0.551,0.641,0.608,0.644
"2018-05-24 23:00:00",696,0.58,0.595,0.552,0.641,0.609,0.646
"2018-05-24 23:30:00",697,0.583,0.601,0.555,0.643,0.611,0.648
"2018-05-25 00:00:00",698,0.583,0.598,0.557,0.645,0.614,0.649
"2018-05-25 00:30:00",699,0.585,0.599,0.559,0.646,0.616,0.651
"2018-05-25 01:00:00",700,0.586,0.6,0.558,0.644,0.614,0.65
"2018-05-25 01:30:00",701,0.588,0.601,0.56,0.643,0.615,0.651
"2018-05-25 02:00:00",702,0.589,0.601,0.561,0.644,0.615,0.654
"2018-05-25 02:30:00",703,0.589,0.6,0.564,0.645,0.617,0.656
"2018-05-25 03:00:00",704,0.591,0.601,0.564,0.645,0.616,0.658
"2018-05-25 03:30:00",705,0.591,0.602,0.566,0.646,0.62,0.657
"2018-05-25 04:00:00",706,0.593,0.601,0.567,0.647,0.62,0.657
"2018-05-25 04:30:00",707,0.594,0.601,0.568,0.646,0.62,0.656
"2018-05-25 05:00:00",708,0.595,0.601,0.568,0.645,0.619,0.654
"2018-05-25 05:30:00",709,0.596,0.601,0.569,0.644,0.619,0.653
"2018-05-25 06:00:00",710,0.596,0.602,0.57,0.645,0.621,0.652
"2018-05-25 06:30:00",711,0.597,0.603,0.571,0.644,0.621,0.651
"2018-05-25 07:00:00",712,0.597,0.599,0.569,0.639,0.62,0.645
"2018-05-25 07:30:00",713,0.584,0.585,0.558,0.628,0.618,0.621
"2018-05-25 08:00:00",714,0.541,0.559,0.527,0.6,0.615,0.563
"2018-05-25 08:30:00",715,0.483,0.531,0.492,0.575,0.607,0.51
"2018-05-25 09:00:00",716,0.437,0.512,0.463,0.562,0.595,0.476
"2018-05-25 09:30:00",717,0.406,0.494,0.436,0.542,0.575,0.447
"2018-05-25 10:00:00",718,0.394,0.476,0.421,0.504,0.548,0.433
"2018-05-25 10:30:00",719,0.39,0.46,0.412,0.472,0.521,0.434
"2018-05-25 11:00:00",720,0.387,0.45,0.408,0.48,0.5,0.435
"2018-05-25 11:30:00",721,0.387,0.442,0.406,0.482,0.483,0.435
"2018-05-25 12:00:00",722,0.388,0.436,0.406,0.469,0.477,0.43
"2018-05-25 12:30:00",723,0.39,0.432,0.406,0.477,0.471,0.428
"2018-05-25 13:00:00",724,0.392,0.427,0.407,0.482,0.467,0.427
"2018-05-25 13:30:00",725,0.394,0.43,0.412,0.492,0.471,0.426
"2018-05-25 14:00:00",726,0.397,0.437,0.418,0.502,0.474,0.429
"2018-05-25 14:30:00",727,0.398,0.437,0.415,0.498,0.473,0.431
"2018-05-25 15:00:00",728,0.403,0.442,0.418,0.504,0.477,0.437
"2018-05-25 15:30:00",729,0.409,0.445,0.424,0.511,0.477,0.439
"2018-05-25 16:00:00",730,0.418,0.442,0.429,0.518,0.48,0.446
"2018-05-25 16:30:00",731,0.429,0.452,0.438,0.529,0.487,0.462
"2018-05-25 17:00:00",732,0.448,0.476,0.455,0.551,0.501,0.483
"2018-05-25 17:30:00",733,0.467,0.495,0.47,0.574,0.515,0.501
"2018-05-25 18:00:00",734,0.482,0.507,0.487,0.591,0.528,0.523
"2018-05-25 18:30:00",735,0.497,0.522,0.501,0.602,0.544,0.544
"2018-05-25 19:00:00",736,0.515,0.539,0.515,0.612,0.559,0.568
"2018-05-25 19:30:00",737,0.529,0.554,0.527,0.62,0.574,0.586
"2018-05-25 20:00:00",738,0.542,0.566,0.537,0.627,0.587,0.601
"2018-05-25 20:30:00",739,0.554,0.577,0.546,0.632,0.596,0.615
"2018-05-25 21:00:00",740,0.561,0.584,0.551,0.635,0.602,0.624
"2018-05-25 21:30:00",741,0.566,0.588,0.554,0.638,0.606,0.63
"2018-05-25 22:00:00",742,0.571,0.592,0.557,0.639,0.61,0.634
"2018-05-25 22:30:00",743,0.574,0.594,0.558,0.64,0.612,0.637
"2018-05-25 23:00:00",744,0.576,0.596,0.559,0.641,0.615,0.639
"2018-05-25 23:30:00",745,0.578,0.597,0.561,0.643,0.616,0.642
"2018-05-26 00:00:00",746,0.58,0.598,0.563,0.643,0.617,0.644
"2018-05-26 00:30:00",747,0.581,0.599,0.563,0.644,0.618,0.645
"2018-05-26 01:00:00",748,0.582,0.6,0.563,0.644,0.619,0.646
"2018-05-26 01:30:00",749,0.581,0.601,0.563,0.644,0.618,0.647
"2018-05-26 02:00:00",750,0.58,0.602,0.562,0.644,0.618,0.646
"2018-05-26 02:30:00",751,0.579,0.602,0.563,0.643,0.618,0.645
"2018-05-26 03:00:00",752,0.578,0.602,0.564,0.643,0.618,0.644
"2018-05-26 03:30:00",753,0.578,0.601,0.564,0.643,0.617,0.643
"2018-05-26 04:00:00",754,0.576,0.601,0.563,0.642,0.618,0.642
"2018-05-26 04:30:00",755,0.575,0.601,0.563,0.641,0.617,0.641
"2018-05-26 05:00:00",756,0.576,0.6,0.565,0.641,0.618,0.641
"2018-05-26 05:30:00",757,0.577,0.599,0.565,0.642,0.618,0.641
"2018-05-26 06:00:00",758,0.579,0.599,0.565,0.642,0.618,0.641
"2018-05-26 06:30:00",759,0.579,0.598,0.565,0.641,0.618,0.639
"2018-05-26 07:00:00",760,0.573,0.587,0.557,0.635,0.617,0.622
"2018-05-26 07:30:00",761,0.549,0.567,0.537,0.617,0.615,0.576
"2018-05-26 08:00:00",762,0.522,0.55,0.519,0.607,0.609,0.54
"2018-05-26 08:30:00",763,0.482,0.531,0.491,0.585,0.598,0.503
"2018-05-26 09:00:00",764,0.442,0.509,0.459,0.56,0.579,0.469
"2018-05-26 09:30:00",765,0.402,0.49,0.426,0.529,0.558,0.438
"2018-05-26 10:00:00",766,0.389,0.473,0.413,0.488,0.533,0.423
"2018-05-26 10:30:00",767,0.386,0.461,0.405,0.462,0.509,0.42
"2018-05-26 11:00:00",768,0.386,0.452,0.402,0.471,0.493,0.421
"2018-05-26 11:30:00",769,0.389,0.447,0.402,0.478,0.484,0.424
"2018-05-26 12:00:00",770,0.39,0.441,0.402,0.465,0.479,0.417
"2018-05-26 12:30:00",771,0.391,0.435,0.4,0.471,0.475,0.413
"2018-05-26 13:00:00",772,0.391,0.429,0.401,0.474,0.469,0.411
"2018-05-26 13:30:00",773,0.392,0.431,0.404,0.482,0.473,0.41
"2018-05-26 14:00:00",774,0.394,0.435,0.405,0.486,0.473,0.413
"2018-05-26 14:30:00",775,0.397,0.437,0.406,0.486,0.473,0.418
"2018-05-26 15:00:00",776,0.4,0.439,0.407,0.49,0.476,0.422
"2018-05-26 15:30:00",777,0.402,0.441,0.411,0.492,0.476,0.423
"2018-05-26 16:00:00",778,0.42,0.462,0.427,0.521,0.49,0.445
"2018-05-26 16:30:00",779,0.447,0.49,0.458,0.559,0.513,0.476
"2018-05-26 17:00:00",780,0.468,0.505,0.476,0.58,0.529,0.491
"2018-05-26 17:30:00",781,0.484,0.517,0.488,0.59,0.539,0.505
"2018-05-26 18:00:00",782,0.51,0.538,0.511,0.609,0.559,0.531
"2018-05-26 18:30:00",783,0.538,0.559,0.532,0.623,0.581,0.57
"2018-05-26 19:00:00",784,0.555,0.574,0.546,0.631,0.595,0.594
"2018-05-26 19:30:00",785,0.564,0.582,0.551,0.635,0.602,0.605
"2018-05-26 20:00:00",786,0.567,0.587,0.553,0.637,0.604,0.611
"2018-05-26 20:30:00",787,0.573,0.592,0.552,0.638,0.608,0.619
"2018-05-26 21:00:00",788,0.58,0.595,0.556,0.639,0.61,0.627
"2018-05-26 21:30:00",789,0.585,0.596,0.56,0.642,0.612,0.631
"2018-05-26 22:00:00",790,0.589,0.598,0.563,0.643,0.615,0.633
"2018-05-26 22:30:00",791,0.591,0.6,0.564,0.643,0.618,0.635
"2018-05-26 23:00:00",792,0.592,0.599,0.565,0.644,0.617,0.636
"2018-05-26 23:30:00",793,0.593,0.6,0.566,0.644,0.618,0.637
"2018-05-27 00:00:00",794,0.594,0.602,0.566,0.644,0.62,0.637
"2018-05-27 00:30:00",795,0.595,0.602,0.565,0.644,0.62,0.637
"2018-05-27 01:00:00",796,0.594,0.603,0.563,0.644,0.62,0.638
"2018-05-27 01:30:00",797,0.595,0.602,0.563,0.644,0.619,0.637
"2018-05-27 02:00:00",798,0.594,0.603,0.564,0.643,0.62,0.637
"2018-05-27 02:30:00",799,0.594,0.603,0.563,0.642,0.62,0.637
"2018-05-27 03:00:00",800,0.594,0.603,0.565,0.643,0.621,0.636
"2018-05-27 03:30:00",801,0.594,0.603,0.565,0.643,0.62,0.637
"2018-05-27 04:00:00",802,0.594,0.603,0.565,0.642,0.621,0.637
"2018-05-27 04:30:00",803,0.594,0.603,0.564,0.642,0.621,0.637
"2018-05-27 05:00:00",804,0.595,0.603,0.564,0.641,0.619,0.636
"2018-05-27 05:30:00",805,0.595,0.603,0.566,0.641,0.621,0.636
"2018-05-27 06:00:00",806,0.595,0.602,0.567,0.641,0.62,0.636
"2018-05-27 06:30:00",807,0.595,0.603,0.567,0.641,0.62,0.635
"2018-05-27 07:00:00",808,0.595,0.602,0.567,0.641,0.62,0.634
"2018-05-27 07:30:00",809,0.594,0.601,0.567,0.64,0.619,0.632
"2018-05-27 08:00:00",810,0.592,0.6,0.566,0.639,0.618,0.628
"2018-05-27 08:30:00",811,0.587,0.597,0.565,0.637,0.617,0.619
"2018-05-27 09:00:00",812,0.577,0.589,0.56,0.633,0.614,0.598
"2018-05-27 09:30:00",813,0.53,0.568,0.525,0.612,0.606,0.536
"2018-05-27 10:00:00",814,0.521,0.561,0.527,0.614,0.597,0.537
"2018-05-27 10:30:00",815,0.497,0.548,0.517,0.607,0.587,0.513
"2018-05-27 11:00:00",816,0.47,0.532,0.492,0.589,0.571,0.491
"2018-05-27 11:30:00",817,0.431,0.513,0.461,0.56,0.55,0.464
"2018-05-27 12:00:00",818,0.406,0.492,0.435,0.529,0.521,0.447
"2018-05-27 12:30:00",819,0.408,0.487,0.429,0.531,0.515,0.451
"2018-05-27 13:00:00",820,0.395,0.474,0.424,0.523,0.497,0.436
"2018-05-27 13:30:00",821,0.386,0.459,0.416,0.509,0.489,0.423
"2018-05-27 14:00:00",822,0.389,0.457,0.412,0.5,0.489,0.427
"2018-05-27 14:30:00",823,0.399,0.466,0.416,0.509,0.491,0.439
"2018-05-27 15:00:00",824,0.401,0.468,0.419,0.512,0.494,0.442
"2018-05-27 15:30:00",825,0.425,0.488,0.438,0.538,0.512,0.467
"2018-05-27 16:00:00",826,0.439,0.499,0.455,0.554,0.524,0.479
"2018-05-27 16:30:00",827,0.445,0.507,0.464,0.565,0.531,0.484
"2018-05-27 17:00:00",828,0.467,0.52,0.48,0.579,0.537,0.503
"2018-05-27 17:30:00",829,0.493,0.53,0.493,0.585,0.541,0.518
"2018-05-27 18:00:00",830,0.512,0.545,0.508,0.593,0.554,0.553
"2018-05-27 18:30:00",831,0.534,0.563,0.525,0.604,0.576,0.581
"2018-05-27 19:00:00",832,0.547,0.569,0.53,0.603,0.582,0.592
"2018-05-27 19:30:00",833,0.555,0.578,0.535,0.605,0.588,0.602
"2018-05-27 20:00:00",834,0.571,0.587,0.548,0.622,0.602,0.616
"2018-05-27 20:30:00",835,0.571,0.592,0.554,0.628,0.607,0.621
"2018-05-27 21:00:00",836,0.569,0.591,0.555,0.624,0.61,0.621
"2018-05-27 21:30:00",837,0.564,0.59,0.545,0.608,0.605,0.618
"2018-05-27 22:00:00",838,0.562,0.59,0.545,0.601,0.608,0.618
"2018-05-27 22:30:00",839,0.556,0.588,0.543,0.595,0.607,0.618
"2018-05-27 23:00:00",840,0.557,0.588,0.545,0.599,0.61,0.619
"2018-05-27 23:30:00",841,0.557,0.588,0.542,0.598,0.608,0.62
"2018-05-28 00:00:00",842,0.56,0.589,0.547,0.603,0.612,0.622
"2018-05-28 00:30:00",843,0.56,0.59,0.545,0.603,0.612,0.622
"2018-05-28 01:00:00",844,0.562,0.591,0.549,0.607,0.614,0.623
"2018-05-28 01:30:00",845,0.565,0.592,0.552,0.612,0.616,0.625
"2018-05-28 02:00:00",846,0.567,0.594,0.552,0.614,0.615,0.626
"2018-05-28 02:30:00",847,0.568,0.594,0.552,0.611,0.615,0.626
"2018-05-28 03:00:00",848,0.569,0.595,0.555,0.618,0.619,0.627
"2018-05-28 03:30:00",849,0.567,0.595,0.551,0.613,0.616,0.626
"2018-05-28 04:00:00",850,0.566,0.594,0.548,0.607,0.614,0.621
"2018-05-28 04:30:00",851,0.564,0.594,0.542,0.601,0.61,0.618
"2018-05-28 05:00:00",852,0.563,0.594,0.546,0.604,0.611,0.618
"2018-05-28 05:30:00",853,0.562,0.594,0.548,0.607,0.611,0.619
"2018-05-28 06:00:00",854,0.564,0.593,0.549,0.606,0.611,0.62
"2018-05-28 06:30:00",855,0.569,0.595,0.554,0.615,0.615,0.624
"2018-05-28 07:00:00",856,0.568,0.595,0.548,0.606,0.612,0.62
"2018-05-28 07:30:00",857,0.567,0.594,0.548,0.604,0.61,0.619
"2018-05-28 08:00:00",858,0.568,0.595,0.548,0.605,0.611,0.619
"2018-05-28 08:30:00",859,0.567,0.595,0.55,0.609,0.614,0.618
"2018-05-28 09:00:00",860,0.567,0.595,0.548,0.604,0.611,0.617
"2018-05-28 09:30:00",861,0.569,0.595,0.553,0.609,0.612,0.618
"2018-05-28 10:00:00",862,0.567,0.593,0.553,0.609,0.61,0.618
"2018-05-28 10:30:00",863,0.565,0.593,0.547,0.602,0.608,0.614
"2018-05-28 11:00:00",864,0.567,0.593,0.549,0.603,0.609,0.614
"2018-05-28 11:30:00",865,0.567,0.593,0.551,0.605,0.61,0.614
"2018-05-28 12:00:00",866,0.569,0.593,0.552,0.608,0.61,0.615
"2018-05-28 12:30:00",867,0.571,0.593,0.559,0.619,0.613,0.618
"2018-05-28 13:00:00",868,0.571,0.594,0.555,0.615,0.61,0.615
"2018-05-28 13:30:00",869,0.567,0.592,0.549,0.605,0.605,0.609
"2018-05-28 14:00:00",870,0.563,0.59,0.548,0.603,0.604,0.602
"2018-05-28 14:30:00",871,0.566,0.59,0.558,0.615,0.608,0.605
"2018-05-28 15:00:00",872,0.567,0.591,0.56,0.622,0.609,0.607
"2018-05-28 15:30:00",873,0.561,0.589,0.557,0.618,0.605,0.598
"2018-05-28 16:00:00",874,0.555,0.586,0.554,0.616,0.603,0.59
"2018-05-28 16:30:00",875,0.548,0.583,0.555,0.619,0.601,0.582
"2018-05-28 17:00:00",876,0.546,0.582,0.554,0.621,0.599,0.584
"2018-05-28 17:30:00",877,0.553,0.586,0.559,0.623,0.602,0.594
"2018-05-28 18:00:00",878,0.564,0.59,0.564,0.631,0.606,0.606
"2018-05-28 18:30:00",879,0.57,0.592,0.565,0.632,0.607,0.613
"2018-05-28 19:00:00",880,0.579,0.596,0.568,0.635,0.61,0.62
"2018-05-28 19:30:00",881,0.584,0.597,0.569,0.635,0.611,0.625
"2018-05-28 20:00:00",882,0.587,0.598,0.569,0.636,0.612,0.628
"2018-05-28 20:30:00",883,0.59,0.598,0.57,0.637,0.612,0.629
"2018-05-28 21:00:00",884,0.592,0.598,0.57,0.636,0.611,0.632
"2018-05-28 21:30:00",885,0.593,0.6,0.57,0.637,0.614,0.632
"2018-05-28 22:00:00",886,0.594,0.599,0.569,0.636,0.613,0.633
"2018-05-28 22:30:00",887,0.594,0.599,0.569,0.636,0.613,0.632
"2018-05-28 23:00:00",888,0.595,0.598,0.57,0.636,0.611,0.632
"2018-05-28 23:30:00",889,0.595,0.599,0.569,0.636,0.613,0.632
"2018-05-29 00:00:00",890,0.595,0.599,0.568,0.635,0.614,0.632
"2018-05-29 00:30:00",891,0.594,0.599,0.568,0.635,0.614,0.632
"2018-05-29 01:00:00",892,0.595,0.598,0.569,0.636,0.614,0.633
"2018-05-29 01:30:00",893,0.595,0.598,0.569,0.636,0.613,0.633
"2018-05-29 02:00:00",894,0.594,0.598,0.568,0.635,0.613,0.632
"2018-05-29 02:30:00",895,0.593,0.598,0.565,0.634,0.613,0.63
"2018-05-29 03:00:00",896,0.594,0.597,0.567,0.635,0.612,0.631
"2018-05-29 03:30:00",897,0.594,0.597,0.568,0.635,0.611,0.631
"2018-05-29 04:00:00",898,0.594,0.596,0.567,0.635,0.611,0.63
"2018-05-29 04:30:00",899,0.593,0.596,0.567,0.634,0.611,0.63
"2018-05-29 05:00:00",900,0.593,0.597,0.568,0.634,0.611,0.631
"2018-05-29 05:30:00",901,0.592,0.595,0.568,0.634,0.61,0.629
"2018-05-29 06:00:00",902,0.593,0.596,0.567,0.633,0.61,0.629
"2018-05-29 06:30:00",903,0.593,0.596,0.565,0.634,0.61,0.629
"2018-05-29 07:00:00",904,0.593,0.595,0.566,0.634,0.609,0.628
"2018-05-29 07:30:00",905,0.593,0.596,0.567,0.634,0.61,0.629
"2018-05-29 08:00:00",906,0.593,0.596,0.568,0.634,0.611,0.629
"2018-05-29 08:30:00",907,0.591,0.597,0.566,0.633,0.61,0.627
"2018-05-29 09:00:00",908,0.589,0.597,0.567,0.633,0.61,0.627
"2018-05-29 09:30:00",909,0.586,0.595,0.566,0.632,0.61,0.623
"2018-05-29 10:00:00",910,0.577,0.592,0.566,0.631,0.609,0.614
"2018-05-29 10:30:00",911,0.562,0.586,0.561,0.626,0.604,0.595
"2018-05-29 11:00:00",912,0.551,0.582,0.556,0.624,0.602,0.581
"2018-05-29 11:30:00",913,0.54,0.577,0.548,0.615,0.595,0.57
"2018-05-29 12:00:00",914,0.523,0.57,0.541,0.605,0.588,0.553
"2018-05-29 12:30:00",915,0.521,0.568,0.541,0.604,0.592,0.557
"2018-05-29 13:00:00",916,0.526,0.572,0.55,0.616,0.597,0.567
"2018-05-29 13:30:00",917,0.511,0.566,0.543,0.612,0.596,0.548
"2018-05-29 14:00:00",918,0.496,0.555,0.53,0.601,0.586,0.529
"2018-05-29 14:30:00",919,0.489,0.552,0.527,0.604,0.582,0.526
"2018-05-29 15:00:00",920,0.465,0.536,0.503,0.581,0.563,0.499
"2018-05-29 15:30:00",921,0.451,0.52,0.486,0.564,0.54,0.487
"2018-05-29 16:00:00",922,0.443,0.512,0.48,0.56,0.537,0.483
"2018-05-29 16:30:00",923,0.443,0.507,0.472,0.553,0.533,0.483
"2018-05-29 17:00:00",924,0.452,0.51,0.476,0.558,0.532,0.495
"2018-05-29 17:30:00",925,0.473,0.522,0.495,0.581,0.544,0.518
"2018-05-29 18:00:00",926,0.485,0.524,0.504,0.586,0.551,0.523
"2018-05-29 18:30:00",927,0.499,0.531,0.515,0.596,0.556,0.535
"2018-05-29 19:00:00",928,0.525,0.545,0.53,0.609,0.57,0.56
"2018-05-29 19:30:00",929,0.549,0.561,0.544,0.623,0.583,0.589
"2018-05-29 20:00:00",930,0.564,0.574,0.556,0.631,0.595,0.608
"2018-05-29 20:30:00",931,0.573,0.583,0.559,0.634,0.602,0.618
"2018-05-29 21:00:00",932,0.578,0.589,0.562,0.636,0.606,0.624
"2018-05-29 21:30:00",933,0.583,0.592,0.565,0.637,0.609,0.63
"2018-05-29 22:00:00",934,0.586,0.595,0.566,0.638,0.611,0.633
"2018-05-29 22:30:00",935,0.588,0.596,0.566,0.638,0.612,0.634
"2018-05-29 23:00:00",936,0.59,0.598,0.566,0.639,0.613,0.636
"2018-05-29 23:30:00",937,0.59,0.598,0.567,0.639,0.614,0.638
"2018-05-30 00:00:00",938,0.591,0.599,0.568,0.639,0.614,0.638
"2018-05-30 00:30:00",939,0.592,0.6,0.568,0.64,0.615,0.638
"2018-05-30 01:00:00",940,0.593,0.599,0.568,0.641,0.614,0.64
"2018-05-30 01:30:00",941,0.593,0.6,0.568,0.641,0.614,0.64
"2018-05-30 02:00:00",942,0.594,0.599,0.568,0.642,0.615,0.641
"2018-05-30 02:30:00",943,0.594,0.599,0.568,0.641,0.614,0.642
"2018-05-30 03:00:00",944,0.595,0.6,0.568,0.641,0.615,0.642
"2018-05-30 03:30:00",945,0.595,0.599,0.568,0.641,0.615,0.642
"2018-05-30 04:00:00",946,0.595,0.6,0.568,0.641,0.615,0.642
"2018-05-30 04:30:00",947,0.596,0.6,0.568,0.642,0.615,0.642
"2018-05-30 05:00:00",948,0.596,0.601,0.568,0.64,0.615,0.64
"2018-05-30 05:30:00",949,0.596,0.6,0.569,0.641,0.615,0.64
"2018-05-30 06:00:00",950,0.596,0.6,0.57,0.641,0.616,0.64
"2018-05-30 06:30:00",951,0.596,0.6,0.57,0.64,0.614,0.639
"2018-05-30 07:00:00",952,0.595,0.6,0.569,0.638,0.614,0.637
"2018-05-30 07:30:00",953,0.596,0.6,0.569,0.638,0.615,0.636
"2018-05-30 08:00:00",954,0.594,0.599,0.57,0.636,0.614,0.634
"2018-05-30 08:30:00",955,0.578,0.594,0.567,0.631,0.614,0.62
"2018-05-30 09:00:00",956,0.565,0.586,0.562,0.623,0.61,0.592
"2018-05-30 09:30:00",957,0.546,0.575,0.552,0.61,0.604,0.563
"2018-05-30 10:00:00",958,0.533,0.569,0.547,0.612,0.598,0.546
