TOA5,CR1000-FRESH2,CR1000,86614,CR1000.Std.31.03,CPU:Sapflow_SERC.CR1,28068,Table1,,
TIMESTAMP,RECORD,DiffVolt_Avg(1),DiffVolt_Avg(2),DiffVolt_Avg(3),DiffVolt_Avg(4),DiffVolt_Avg(5),DiffVolt_Avg(6),DiffVolt_Avg(7),DiffVolt_Avg(8)
TS,RN,mV,mV,mV,mV,mV,mV,mV,mV
,,Avg,Avg,Avg,Avg,Avg,Avg,Avg,Avg
5/9/2018 10:30,0,0.431,0.46,0.301,0.435,0.479,0.485,NAN,NAN
5/10/2018 13:30,1,0.398,0.443,0.329,0.404,0.441,0.465,0.489,0.457
5/10/2018 14:00,2,0.413,0.472,0.324,0.419,0.46,0.477,0.46,0.473
5/10/2018 14:30,3,0.411,0.474,0.299,0.417,0.464,0.482,0.482,0.466
5/10/2018 15:00,4,0.419,0.487,0.307,0.427,0.475,0.492,0.526,0.474
5/10/2018 15:30,5,0.424,0.5,0.305,0.433,0.482,0.494,0.527,0.477
5/10/2018 16:00,6,0.437,0.518,0.339,0.446,0.493,0.504,0.532,0.484
5/10/2018 16:30,7,0.455,0.536,0.37,0.462,0.508,0.518,0.535,0.493
5/10/2018 17:00,8,0.483,0.556,0.425,0.487,0.532,0.544,0.555,0.522
5/10/2018 17:30,9,0.504,0.571,0.452,0.504,0.548,0.56,0.562,0.537
5/10/2018 18:00,10,0.529,0.586,0.496,0.522,0.567,0.579,0.575,0.56
5/10/2018 18:30,11,0.551,0.597,0.517,0.539,0.583,0.596,0.583,0.579
5/10/2018 19:00,12,0.562,0.608,0.55,0.551,0.593,0.607,0.589,0.591
5/10/2018 19:30,13,0.565,0.612,0.56,0.554,0.596,0.61,0.594,0.598
5/10/2018 20:00,14,0.573,0.614,0.572,0.556,0.598,0.611,0.595,0.604
5/10/2018 20:30,15,0.58,0.617,0.568,0.56,0.605,0.617,0.599,0.608
5/10/2018 21:00,16,0.584,0.621,0.592,0.565,0.611,0.623,0.598,0.609
5/10/2018 21:30,17,0.587,0.624,0.61,0.568,0.615,0.627,0.6,0.611
5/10/2018 22:00,18,0.59,0.626,0.622,0.57,0.617,0.63,0.602,0.612
5/10/2018 22:30,19,0.592,0.627,0.631,0.572,0.619,0.631,0.604,0.613
5/10/2018 23:00,20,0.594,0.629,0.637,0.573,0.621,0.633,0.605,0.615
5/10/2018 23:30,21,0.595,0.629,0.644,0.573,0.622,0.634,0.606,0.616
5/11/2018 0:00,22,0.596,0.629,0.649,0.574,0.622,0.635,0.608,0.617
5/11/2018 0:30,23,0.597,0.63,0.653,0.574,0.623,0.636,0.609,0.618
5/11/2018 1:00,24,0.598,0.63,0.658,0.574,0.623,0.636,0.611,0.619
5/11/2018 1:30,25,0.598,0.63,0.667,0.574,0.624,0.636,0.613,0.62
5/11/2018 2:00,26,0.599,0.629,0.669,0.575,0.624,0.636,0.613,0.62
5/11/2018 2:30,27,0.6,0.63,0.674,0.575,0.624,0.637,0.616,0.621
5/11/2018 3:00,28,0.6,0.63,0.674,0.575,0.625,0.638,0.616,0.622
5/11/2018 3:30,29,0.6,0.63,0.671,0.576,0.625,0.638,0.617,0.622
5/11/2018 4:00,30,0.601,0.63,0.68,0.576,0.625,0.638,0.617,0.622
5/11/2018 4:30,31,0.601,0.63,0.688,0.576,0.625,0.638,0.617,0.622
5/11/2018 5:00,32,0.601,0.629,0.691,0.576,0.625,0.638,0.618,0.623
5/11/2018 5:30,33,0.602,0.629,0.691,0.576,0.625,0.639,0.619,0.624
5/11/2018 6:00,34,0.603,0.629,0.692,0.576,0.625,0.639,0.619,0.624
5/11/2018 6:30,35,0.603,0.629,0.694,0.576,0.626,0.639,0.62,0.624
5/11/2018 7:00,36,0.601,0.629,0.678,0.576,0.626,0.638,0.62,0.624
5/11/2018 7:30,37,0.584,0.627,0.641,0.573,0.624,0.633,0.62,0.622
5/11/2018 8:00,38,0.55,0.617,0.57,0.558,0.609,0.612,0.619,0.618
5/11/2018 8:30,39,0.515,0.595,0.499,0.525,0.58,0.572,0.617,0.614
5/11/2018 9:00,40,0.493,0.574,0.456,0.5,0.558,0.545,0.612,0.607
5/11/2018 9:30,41,0.482,0.566,0.429,0.486,0.548,0.533,0.607,0.592
5/11/2018 10:00,42,0.474,0.557,0.414,0.475,0.539,0.524,0.599,0.566
5/11/2018 10:30,43,0.469,0.55,0.389,0.467,0.531,0.516,0.588,0.536
5/11/2018 11:00,44,0.465,0.546,0.377,0.461,0.525,0.512,0.573,0.507
5/11/2018 11:30,45,0.463,0.543,0.357,0.457,0.52,0.507,0.559,0.481
5/11/2018 12:00,46,0.461,0.542,0.336,0.455,0.518,0.503,0.546,0.463
5/11/2018 12:30,47,0.465,0.55,0.36,0.463,0.524,0.51,0.542,0.47
5/11/2018 13:00,48,0.462,0.543,0.337,0.456,0.518,0.505,0.534,0.459
5/11/2018 13:30,49,0.46,0.541,0.328,0.454,0.516,0.503,0.53,0.456
5/11/2018 14:00,50,0.46,0.542,0.32,0.453,0.516,0.503,0.528,0.457
5/11/2018 14:30,51,0.461,0.541,0.314,0.454,0.516,0.503,0.526,0.461
5/11/2018 15:00,52,0.463,0.542,0.319,0.454,0.517,0.504,0.525,0.468
5/11/2018 15:30,53,0.464,0.542,0.311,0.454,0.517,0.503,0.526,0.471
5/11/2018 16:00,54,0.467,0.544,0.323,0.457,0.519,0.505,0.53,0.472
5/11/2018 16:30,55,0.473,0.548,0.329,0.463,0.523,0.509,0.537,0.473
5/11/2018 17:00,56,0.48,0.554,0.35,0.47,0.527,0.519,0.544,0.479
5/11/2018 17:30,57,0.492,0.563,0.379,0.483,0.536,0.531,0.549,0.491
5/11/2018 18:00,58,0.499,0.564,0.386,0.487,0.54,0.534,0.552,0.5
5/11/2018 18:30,59,0.517,0.574,0.426,0.498,0.552,0.548,0.561,0.523
5/11/2018 19:00,60,0.539,0.588,0.459,0.52,0.572,0.569,0.571,0.545
5/11/2018 19:30,61,0.557,0.599,0.496,0.536,0.586,0.585,0.582,0.567
5/11/2018 20:00,62,0.581,0.615,0.555,0.554,0.605,0.607,0.594,0.585
5/11/2018 20:30,63,0.597,0.625,0.59,0.566,0.619,0.622,0.601,0.598
5/11/2018 21:00,64,0.606,0.63,0.615,0.573,0.627,0.63,0.606,0.606
5/11/2018 21:30,65,0.61,0.633,0.632,0.576,0.631,0.634,0.61,0.611
5/11/2018 22:00,66,0.613,0.635,0.644,0.578,0.634,0.637,0.614,0.616
5/11/2018 22:30,67,0.615,0.636,0.655,0.579,0.636,0.639,0.616,0.619
5/11/2018 23:00,68,0.617,0.637,0.663,0.581,0.637,0.641,0.618,0.623
5/11/2018 23:30,69,0.618,0.637,0.671,0.582,0.638,0.642,0.619,0.625
5/12/2018 0:00,70,0.619,0.638,0.67,0.583,0.639,0.643,0.621,0.625
5/12/2018 0:30,71,0.619,0.639,0.673,0.584,0.64,0.644,0.621,0.627
5/12/2018 1:00,72,0.619,0.64,0.67,0.584,0.641,0.645,0.623,0.628
5/12/2018 1:30,73,0.62,0.64,0.671,0.585,0.641,0.645,0.623,0.629
5/12/2018 2:00,74,0.619,0.64,0.665,0.586,0.642,0.644,0.623,0.629
5/12/2018 2:30,75,0.619,0.641,0.671,0.585,0.642,0.645,0.624,0.629
5/12/2018 3:00,76,0.619,0.641,0.673,0.585,0.642,0.645,0.624,0.629
5/12/2018 3:30,77,0.619,0.641,0.671,0.586,0.642,0.645,0.623,0.629
5/12/2018 4:00,78,0.619,0.642,0.667,0.587,0.642,0.645,0.623,0.629
5/12/2018 4:30,79,0.619,0.642,0.665,0.586,0.641,0.645,0.623,0.628
5/12/2018 5:00,80,0.619,0.642,0.67,0.586,0.642,0.645,0.623,0.629
5/12/2018 5:30,81,0.618,0.639,0.669,0.585,0.642,0.643,0.622,0.628
5/12/2018 6:00,82,0.618,0.639,0.676,0.585,0.642,0.643,0.622,0.628
5/12/2018 6:30,83,0.618,0.64,0.679,0.585,0.642,0.644,0.623,0.629
5/12/2018 7:00,84,0.616,0.633,0.674,0.586,0.643,0.637,0.624,0.627
5/12/2018 7:30,85,0.606,0.625,0.644,0.583,0.643,0.63,0.624,0.621
5/12/2018 8:00,86,0.582,0.617,0.582,0.571,0.635,0.614,0.622,0.617
5/12/2018 8:30,87,0.558,0.604,0.535,0.55,0.619,0.591,0.621,0.613
5/12/2018 9:00,88,0.532,0.587,0.501,0.527,0.596,0.563,0.62,0.607
5/12/2018 9:30,89,0.523,0.577,0.488,0.512,0.581,0.551,0.618,0.595
5/12/2018 10:00,90,0.523,0.577,0.49,0.509,0.579,0.551,0.615,0.58
5/12/2018 10:30,91,0.509,0.569,0.461,0.5,0.568,0.54,0.61,0.565
5/12/2018 11:00,92,0.495,0.561,0.437,0.487,0.553,0.526,0.606,0.543
5/12/2018 11:30,93,0.486,0.555,0.416,0.476,0.543,0.518,0.595,0.512
5/12/2018 12:00,94,0.488,0.557,0.411,0.473,0.542,0.521,0.579,0.49
5/12/2018 12:30,95,0.491,0.559,0.41,0.476,0.545,0.523,0.57,0.485
5/12/2018 13:00,96,0.49,0.556,0.405,0.474,0.543,0.518,0.562,0.484
5/12/2018 13:30,97,0.482,0.549,0.381,0.466,0.535,0.51,0.554,0.477
5/12/2018 14:00,98,0.487,0.552,0.389,0.467,0.538,0.516,0.547,0.478
5/12/2018 14:30,99,0.483,0.549,0.378,0.464,0.534,0.512,0.543,0.48
5/12/2018 15:00,100,0.479,0.548,0.364,0.461,0.531,0.509,0.54,0.485
5/12/2018 15:30,101,0.48,0.549,0.359,0.462,0.532,0.51,0.538,0.489
5/12/2018 16:00,102,0.482,0.552,0.357,0.463,0.533,0.513,0.542,0.493
5/12/2018 16:30,103,0.483,0.555,0.355,0.467,0.534,0.517,0.547,0.492
5/12/2018 17:00,104,0.482,0.556,0.351,0.468,0.534,0.517,0.549,0.489
5/12/2018 17:30,105,0.493,0.564,0.398,0.48,0.542,0.531,0.556,0.502
5/12/2018 18:00,106,0.512,0.577,0.422,0.497,0.557,0.546,0.565,0.523
5/12/2018 18:30,107,0.524,0.584,0.451,0.506,0.564,0.556,0.572,0.543
5/12/2018 19:00,108,0.548,0.598,0.493,0.524,0.583,0.576,0.58,0.564
5/12/2018 19:30,109,0.576,0.614,0.537,0.547,0.606,0.601,0.589,0.582
5/12/2018 20:00,110,0.596,0.627,0.573,0.564,0.625,0.619,0.598,0.596
5/12/2018 20:30,111,0.607,0.633,0.577,0.573,0.635,0.629,0.604,0.604
5/12/2018 21:00,112,0.604,0.623,0.561,0.57,0.631,0.619,0.604,0.598
5/12/2018 21:30,113,0.606,0.617,0.596,0.57,0.626,0.609,0.524,0.51
5/12/2018 22:00,114,0.606,0.54,0.534,0.567,0.617,0.602,0.489,0.518
5/12/2018 22:30,115,0.61,0.511,0.548,0.557,0.627,0.612,0.527,0.556
5/12/2018 23:00,116,0.612,0.512,0.557,0.567,0.633,0.617,0.546,0.574
5/12/2018 23:30,117,0.614,0.516,0.563,0.572,0.634,0.622,0.549,0.579
5/14/2018 0:00,166,0.616,0.487,0.535,0.532,0.641,0.601,0.517,0.559
5/14/2018 0:30,167,0.615,0.492,0.558,0.533,0.64,0.607,0.533,0.573
5/14/2018 1:00,168,0.615,0.496,0.564,0.536,0.64,0.612,0.541,0.58
5/14/2018 1:30,169,0.614,0.5,0.568,0.54,0.64,0.616,0.545,0.585
5/14/2018 2:00,170,0.615,0.504,0.571,0.545,0.641,0.619,0.547,0.587
5/14/2018 2:30,171,0.614,0.507,0.579,0.55,0.641,0.621,0.549,0.589
5/14/2018 3:00,172,0.614,0.509,0.585,0.554,0.641,0.622,0.548,0.59
5/14/2018 3:30,173,0.613,0.511,0.587,0.558,0.641,0.623,0.548,0.591
5/14/2018 4:00,174,0.614,0.513,0.59,0.562,0.641,0.624,0.548,0.59
5/14/2018 4:30,175,0.615,0.515,0.593,0.566,0.641,0.626,0.548,0.591
5/14/2018 5:00,176,0.615,0.518,0.595,0.568,0.642,0.628,0.55,0.591
5/14/2018 5:30,177,0.616,0.519,0.599,0.57,0.642,0.63,0.551,0.592
5/14/2018 6:00,178,0.615,0.518,0.599,0.57,0.641,0.63,0.551,0.592
5/14/2018 6:30,179,0.615,0.519,0.602,0.571,0.641,0.631,0.551,0.592
5/14/2018 7:00,180,0.615,0.519,0.603,0.571,0.641,0.63,0.55,0.591
5/14/2018 7:30,181,0.614,0.519,0.604,0.572,0.641,0.631,0.552,0.592
5/14/2018 8:00,182,0.614,0.52,0.603,0.572,0.642,0.632,0.551,0.592
5/14/2018 8:30,183,0.616,0.521,0.601,0.573,0.642,0.633,0.55,0.591
5/14/2018 9:00,184,0.618,0.523,0.599,0.574,0.643,0.633,0.55,0.591
5/14/2018 9:30,185,0.618,0.522,0.596,0.575,0.644,0.632,0.549,0.59
5/14/2018 10:00,186,0.619,0.523,0.589,0.576,0.645,0.632,0.55,0.591
5/14/2018 10:30,187,0.62,0.524,0.58,0.576,0.646,0.632,0.55,0.591
5/14/2018 11:00,188,0.62,0.525,0.567,0.575,0.647,0.634,0.548,0.591
5/14/2018 11:30,189,0.62,0.523,0.551,0.572,0.645,0.631,0.546,0.587
5/14/2018 12:00,190,0.618,0.522,0.536,0.566,0.641,0.629,0.545,0.586
5/14/2018 12:30,191,0.619,0.521,0.534,0.563,0.64,0.629,0.546,0.585
5/14/2018 13:00,192,0.612,0.52,0.519,0.559,0.636,0.625,0.547,0.586
5/14/2018 13:30,193,0.603,0.514,0.505,0.551,0.627,0.617,0.547,0.585
5/14/2018 14:00,194,0.595,0.511,0.497,0.546,0.622,0.611,0.548,0.584
5/14/2018 14:30,195,0.582,0.504,0.478,0.537,0.613,0.599,0.547,0.582
5/14/2018 15:00,196,0.567,0.495,0.459,0.524,0.6,0.585,0.546,0.578
5/14/2018 15:30,197,0.554,0.488,0.446,0.513,0.589,0.571,0.543,0.572
5/14/2018 16:00,198,0.542,0.482,0.439,0.504,0.579,0.559,0.543,0.569
5/14/2018 16:30,199,0.528,0.473,0.423,0.493,0.568,0.545,0.54,0.559
5/14/2018 17:00,200,0.521,0.469,0.423,0.489,0.563,0.542,0.538,0.547
5/14/2018 17:30,201,0.529,0.476,0.437,0.498,0.572,0.551,0.539,0.543
5/14/2018 18:00,202,0.543,0.485,0.456,0.512,0.584,0.566,0.538,0.543
5/14/2018 18:30,203,0.565,0.499,0.496,0.532,0.604,0.588,0.54,0.552
5/14/2018 19:00,204,0.586,0.513,0.531,0.551,0.621,0.606,0.543,0.564
5/14/2018 19:30,205,0.599,0.519,0.553,0.563,0.633,0.617,0.545,0.571
5/14/2018 20:00,206,0.606,0.523,0.567,0.57,0.64,0.622,0.544,0.576
5/14/2018 20:30,207,0.609,0.52,0.557,0.543,0.641,0.609,0.496,0.535
5/14/2018 21:00,208,0.604,0.49,0.491,0.464,0.639,0.59,0.473,0.511
5/14/2018 21:30,209,0.605,0.488,0.501,0.469,0.639,0.592,0.503,0.524
5/14/2018 22:00,210,0.608,0.487,0.514,0.467,0.64,0.586,0.487,0.511
5/14/2018 22:30,211,0.606,0.484,0.527,0.465,0.64,0.585,0.49,0.517
5/14/2018 23:00,212,0.605,0.486,0.526,0.468,0.639,0.59,0.505,0.531
5/14/2018 23:30,213,0.607,0.49,0.532,0.472,0.64,0.595,0.519,0.549
5/15/2018 0:00,214,0.608,0.493,0.54,0.482,0.641,0.601,0.529,0.565
5/15/2018 0:30,215,0.608,0.496,0.545,0.495,0.642,0.605,0.533,0.573
5/15/2018 1:00,216,0.608,0.501,0.55,0.507,0.642,0.609,0.538,0.577
5/15/2018 1:30,217,0.608,0.503,0.555,0.511,0.642,0.613,0.54,0.58
5/15/2018 2:00,218,0.609,0.507,0.562,0.476,0.641,0.616,0.541,0.582
5/15/2018 2:30,219,0.61,0.509,0.566,0.481,0.642,0.618,0.541,0.583
5/15/2018 3:00,220,0.611,0.512,0.572,0.486,0.642,0.62,0.542,0.584
5/15/2018 3:30,221,0.61,0.513,0.574,0.489,0.642,0.622,0.54,0.584
5/15/2018 4:00,222,0.61,0.515,0.576,0.491,0.642,0.624,0.54,0.585
5/15/2018 4:30,223,0.611,0.515,0.579,0.493,0.642,0.625,0.538,0.584
5/15/2018 5:00,224,0.612,0.516,0.583,0.494,0.644,0.624,0.539,0.584
5/15/2018 5:30,225,0.613,0.518,0.584,0.496,0.645,0.627,0.541,0.585
5/15/2018 6:00,226,0.615,0.519,0.583,0.497,0.646,0.629,0.54,0.585
5/15/2018 6:30,227,0.611,0.52,0.572,0.498,0.646,0.628,0.534,0.583
5/15/2018 7:00,228,0.597,0.521,0.556,0.498,0.646,0.627,0.535,0.583
5/15/2018 7:30,229,0.585,0.52,0.521,0.493,0.639,0.62,0.535,0.58
5/15/2018 8:00,230,0.573,0.514,0.479,0.481,0.621,0.6,0.533,0.575
5/15/2018 8:30,231,0.554,0.505,0.455,0.468,0.608,0.577,0.533,0.572
5/15/2018 9:00,232,0.525,0.489,0.426,0.451,0.591,0.551,0.531,0.565
5/15/2018 9:30,233,0.506,0.475,0.405,0.433,0.573,0.534,0.528,0.555
5/15/2018 10:00,234,0.498,0.468,0.395,0.424,0.563,0.526,0.526,0.543
5/15/2018 10:30,235,0.488,0.46,0.374,0.411,0.55,0.516,0.52,0.519
5/15/2018 11:00,236,0.493,0.461,0.387,0.411,0.551,0.52,0.513,0.503
5/15/2018 11:30,237,0.48,0.455,0.369,0.407,0.54,0.511,0.505,0.48
5/15/2018 12:00,238,0.473,0.449,0.354,0.408,0.533,0.506,0.495,0.462
5/15/2018 12:30,239,0.469,0.447,0.342,0.415,0.53,0.503,0.488,0.452
5/15/2018 13:00,240,0.466,0.445,0.336,0.419,0.528,0.501,0.481,0.447
5/15/2018 13:30,241,0.465,0.446,0.326,0.425,0.526,0.501,0.477,0.445
5/15/2018 14:00,242,0.468,0.45,0.334,0.434,0.527,0.504,0.477,0.453
5/15/2018 14:30,243,0.468,0.452,0.342,0.44,0.527,0.506,0.478,0.457
5/15/2018 15:00,244,0.466,0.452,0.338,0.441,0.524,0.503,0.477,0.46
5/15/2018 15:30,245,0.464,0.453,0.333,0.443,0.523,0.503,0.477,0.463
5/15/2018 16:00,246,0.462,0.457,0.34,0.446,0.522,0.503,0.476,0.463
5/15/2018 16:30,247,0.464,0.462,0.347,0.451,0.524,0.507,0.481,0.465
5/15/2018 17:00,248,0.469,0.473,0.361,0.46,0.528,0.513,0.486,0.472
5/15/2018 17:30,249,0.475,0.484,0.38,0.467,0.532,0.519,0.491,0.482
5/15/2018 18:00,250,0.488,0.499,0.397,0.479,0.539,0.53,0.498,0.5
5/15/2018 18:30,251,0.507,0.515,0.43,0.493,0.551,0.546,0.506,0.523
5/15/2018 19:00,252,0.53,0.535,0.465,0.514,0.571,0.567,0.515,0.542
5/15/2018 19:30,253,0.556,0.553,0.497,0.53,0.59,0.584,0.523,0.557
5/15/2018 20:00,254,0.583,0.572,0.532,0.548,0.614,0.606,0.532,0.569
5/15/2018 20:30,255,0.597,0.584,0.551,0.559,0.628,0.617,0.536,0.575
5/15/2018 21:00,256,0.597,0.576,0.558,0.558,0.631,0.611,0.534,0.569
5/15/2018 21:30,257,0.596,0.565,0.589,0.55,0.621,0.597,0.533,0.568
5/15/2018 22:00,258,0.597,0.557,0.552,0.517,0.626,0.595,0.493,0.539
5/15/2018 22:30,259,0.597,0.525,0.479,0.5,0.636,0.589,0.452,0.5
5/15/2018 23:00,260,0.6,0.51,0.496,0.518,0.64,0.586,0.455,0.501
5/15/2018 23:30,261,0.603,0.506,0.503,0.519,0.639,0.589,0.463,0.517
5/20/2018 0:00,454,0.599,0.509,0.47,0.48,0.616,0.548,0.48,0.58
5/20/2018 0:30,455,0.599,0.509,0.472,0.48,0.614,0.548,0.481,0.579
5/20/2018 1:00,456,0.599,0.51,0.473,0.481,0.613,0.549,0.481,0.579
5/20/2018 1:30,457,0.599,0.509,0.469,0.48,0.611,0.548,0.481,0.578
5/20/2018 2:00,458,0.599,0.509,0.472,0.481,0.61,0.548,0.48,0.579
5/20/2018 2:30,459,0.598,0.51,0.47,0.481,0.609,0.548,0.479,0.578
5/20/2018 3:00,460,0.598,0.509,0.467,0.48,0.608,0.548,0.479,0.578
5/20/2018 3:30,461,0.598,0.509,0.471,0.48,0.606,0.548,0.479,0.578
5/20/2018 4:00,462,0.598,0.509,0.471,0.48,0.605,0.548,0.479,0.577
5/20/2018 4:30,463,0.599,0.509,0.473,0.48,0.605,0.548,0.479,0.576
5/20/2018 5:00,464,0.599,0.509,0.474,0.481,0.604,0.549,0.479,0.576
5/20/2018 5:30,465,0.599,0.51,0.479,0.482,0.604,0.55,0.48,0.577
5/20/2018 6:00,466,0.599,0.51,0.48,0.483,0.603,0.551,0.48,0.578
5/20/2018 6:30,467,0.6,0.511,0.481,0.485,0.603,0.552,0.48,0.578
5/20/2018 7:00,468,0.601,0.511,0.48,0.486,0.604,0.552,0.478,0.577
5/20/2018 7:30,469,0.6,0.512,0.474,0.487,0.604,0.553,0.476,0.577
5/20/2018 8:00,470,0.596,0.511,0.459,0.487,0.602,0.552,0.476,0.576
5/20/2018 8:30,471,0.581,0.505,0.417,0.479,0.589,0.545,0.474,0.575
5/20/2018 9:00,472,0.544,0.491,0.372,0.454,0.552,0.522,0.473,0.573
5/20/2018 9:30,473,0.507,0.47,0.346,0.432,0.529,0.494,0.473,0.569
5/20/2018 10:00,474,0.488,0.456,0.338,0.42,0.518,0.479,0.473,0.561
5/20/2018 10:30,475,0.482,0.45,0.329,0.417,0.513,0.473,0.472,0.545
5/20/2018 11:00,476,0.475,0.446,0.326,0.419,0.507,0.47,0.47,0.527
5/20/2018 11:30,477,0.468,0.443,0.32,0.42,0.503,0.467,0.462,0.505
5/20/2018 12:00,478,0.465,0.442,0.317,0.422,0.5,0.466,0.456,0.497
5/20/2018 12:30,479,0.462,0.44,0.312,0.424,0.497,0.465,0.454,0.473
5/20/2018 13:00,480,0.46,0.44,0.308,0.427,0.495,0.465,0.455,0.452
5/20/2018 13:30,481,0.459,0.44,0.31,0.43,0.494,0.464,0.452,0.451
5/20/2018 14:00,482,0.461,0.443,0.309,0.434,0.495,0.467,0.44,0.457
5/20/2018 14:30,483,0.464,0.449,0.315,0.439,0.497,0.47,0.432,0.468
5/20/2018 15:00,484,0.467,0.454,0.319,0.443,0.499,0.472,0.434,0.479
5/20/2018 15:30,485,0.469,0.46,0.323,0.446,0.498,0.474,0.434,0.485
5/20/2018 16:00,486,0.465,0.461,0.307,0.443,0.495,0.474,0.436,0.477
5/20/2018 16:30,487,0.462,0.465,0.31,0.443,0.494,0.478,0.435,0.478
5/20/2018 17:00,488,0.463,0.469,0.306,0.447,0.495,0.483,0.438,0.481
5/20/2018 17:30,489,0.463,0.475,0.314,0.449,0.495,0.488,0.439,0.484
5/20/2018 18:00,490,0.47,0.486,0.329,0.46,0.5,0.5,0.446,0.503
5/20/2018 18:30,491,0.477,0.496,0.341,0.468,0.505,0.51,0.453,0.524
5/20/2018 19:00,492,0.505,0.519,0.385,0.495,0.527,0.54,0.464,0.545
5/20/2018 19:30,493,0.536,0.54,0.41,0.515,0.55,0.559,0.473,0.56
5/20/2018 20:00,494,0.56,0.554,0.438,0.529,0.571,0.576,0.484,0.57
5/20/2018 20:30,495,0.575,0.563,0.457,0.537,0.582,0.586,0.498,0.575
5/20/2018 21:00,496,0.586,0.569,0.471,0.542,0.594,0.594,0.499,0.58
5/20/2018 21:30,497,0.592,0.573,0.482,0.544,0.601,0.598,0.501,0.583
5/20/2018 22:00,498,0.596,0.573,0.488,0.545,0.606,0.599,0.504,0.585
5/20/2018 22:30,499,0.599,0.575,0.499,0.546,0.609,0.602,0.506,0.588
5/20/2018 23:00,500,0.602,0.577,0.507,0.547,0.611,0.605,0.511,0.592
5/20/2018 23:30,501,0.604,0.577,0.514,0.548,0.614,0.607,0.515,0.596
5/21/2018 0:00,502,0.606,0.577,0.518,0.548,0.615,0.608,0.516,0.598
5/21/2018 0:30,503,0.607,0.577,0.522,0.547,0.617,0.609,0.519,0.6
5/21/2018 1:00,504,0.607,0.577,0.524,0.546,0.619,0.61,0.517,0.603
5/21/2018 1:30,505,0.608,0.578,0.529,0.545,0.618,0.611,0.521,0.605
5/21/2018 2:00,506,0.608,0.577,0.531,0.544,0.619,0.61,0.521,0.607
5/21/2018 2:30,507,0.609,0.576,0.53,0.543,0.621,0.609,0.523,0.608
5/21/2018 3:00,508,0.608,0.563,0.525,0.539,0.62,0.599,0.521,0.606
5/21/2018 3:30,509,0.606,0.558,0.529,0.535,0.62,0.596,0.516,0.603
5/21/2018 4:00,510,0.606,0.557,0.534,0.535,0.621,0.598,0.518,0.602
5/21/2018 4:30,511,0.607,0.559,0.544,0.535,0.623,0.6,0.525,0.603
5/21/2018 5:00,512,0.609,0.57,0.549,0.535,0.624,0.61,0.536,0.607
5/21/2018 5:30,513,0.611,0.579,0.553,0.535,0.625,0.618,0.541,0.612
5/21/2018 6:00,514,0.612,0.576,0.562,0.532,0.624,0.616,0.546,0.616
5/21/2018 6:30,515,0.611,0.574,0.56,0.527,0.623,0.615,0.55,0.618
5/21/2018 7:00,516,0.602,0.575,0.533,0.518,0.612,0.612,0.553,0.62
5/21/2018 7:30,517,0.577,0.564,0.484,0.497,0.587,0.593,0.553,0.616
5/21/2018 8:00,518,0.547,0.548,0.454,0.474,0.562,0.563,0.551,0.61
5/21/2018 8:30,519,0.529,0.536,0.444,0.463,0.552,0.547,0.55,0.605
5/21/2018 9:00,520,0.511,0.527,0.428,0.454,0.542,0.536,0.55,0.603
5/21/2018 9:30,521,0.501,0.521,0.416,0.45,0.536,0.528,0.551,0.599
5/21/2018 10:00,522,0.493,0.517,0.409,0.444,0.531,0.524,0.55,0.593
5/21/2018 10:30,523,0.489,0.515,0.401,0.442,0.528,0.523,0.552,0.584
5/21/2018 11:00,524,0.485,0.517,0.399,0.442,0.527,0.523,0.553,0.565
5/21/2018 11:30,525,0.483,0.517,0.393,0.441,0.524,0.523,0.546,0.536
5/21/2018 12:00,526,0.481,0.516,0.396,0.441,0.523,0.521,0.541,0.513
5/21/2018 12:30,527,0.48,0.518,0.395,0.442,0.523,0.521,0.534,0.495
5/21/2018 13:00,528,0.48,0.52,0.39,0.443,0.522,0.522,0.528,0.489
5/21/2018 13:30,529,0.478,0.519,0.387,0.444,0.523,0.523,0.521,0.483
5/21/2018 14:00,530,0.478,0.52,0.389,0.444,0.524,0.523,0.516,0.485
5/21/2018 14:30,531,0.479,0.522,0.392,0.446,0.525,0.525,0.513,0.489
5/21/2018 15:00,532,0.481,0.524,0.389,0.447,0.526,0.526,0.511,0.498
5/21/2018 15:30,533,0.481,0.525,0.391,0.449,0.526,0.529,0.512,0.503
5/21/2018 16:00,534,0.482,0.527,0.395,0.452,0.528,0.532,0.516,0.506
5/21/2018 16:30,535,0.485,0.53,0.398,0.455,0.53,0.536,0.521,0.506
5/21/2018 17:00,536,0.489,0.533,0.406,0.46,0.532,0.541,0.526,0.51
5/21/2018 17:30,537,0.496,0.538,0.42,0.466,0.536,0.547,0.532,0.519
5/21/2018 18:00,538,0.508,0.546,0.438,0.476,0.544,0.557,0.538,0.535
5/21/2018 18:30,539,0.522,0.555,0.454,0.487,0.554,0.569,0.546,0.558
5/21/2018 19:00,540,0.537,0.566,0.479,0.498,0.566,0.582,0.556,0.577
5/21/2018 19:30,541,0.553,0.578,0.505,0.51,0.582,0.596,0.566,0.592
5/21/2018 20:00,542,0.575,0.59,0.534,0.524,0.602,0.613,0.574,0.603
5/21/2018 20:30,543,0.593,0.6,0.566,0.536,0.621,0.628,0.583,0.61
5/21/2018 21:00,544,0.602,0.606,0.586,0.543,0.632,0.636,0.588,0.616
5/21/2018 21:30,545,0.607,0.608,0.596,0.547,0.637,0.639,0.593,0.62
5/21/2018 22:00,546,0.61,0.61,0.603,0.549,0.641,0.64,0.596,0.624
5/21/2018 22:30,547,0.612,0.61,0.61,0.549,0.643,0.642,0.599,0.626
5/21/2018 23:00,548,0.613,0.61,0.616,0.549,0.645,0.643,0.601,0.627
5/21/2018 23:30,549,0.614,0.61,0.621,0.548,0.646,0.644,0.605,0.629
5/22/2018 0:00,550,0.616,0.609,0.627,0.547,0.647,0.644,0.608,0.631
5/22/2018 0:30,551,0.617,0.609,0.633,0.547,0.648,0.645,0.61,0.632
5/22/2018 1:00,552,0.617,0.608,0.636,0.548,0.649,0.645,0.612,0.633
5/22/2018 1:30,553,0.617,0.608,0.639,0.547,0.65,0.646,0.613,0.634
5/22/2018 2:00,554,0.618,0.608,0.635,0.545,0.65,0.646,0.614,0.635
5/22/2018 2:30,555,0.619,0.608,0.633,0.542,0.651,0.645,0.615,0.636
5/22/2018 3:00,556,0.618,0.608,0.631,0.537,0.651,0.645,0.615,0.636
5/22/2018 3:30,557,0.618,0.608,0.632,0.533,0.652,0.644,0.615,0.635
5/22/2018 4:00,558,0.617,0.608,0.634,0.529,0.653,0.644,0.616,0.635
5/22/2018 4:30,559,0.617,0.608,0.632,0.526,0.652,0.644,0.616,0.636
5/22/2018 5:00,560,0.617,0.607,0.63,0.524,0.652,0.644,0.616,0.636
5/22/2018 5:30,561,0.617,0.607,0.629,0.52,0.653,0.644,0.617,0.636
5/22/2018 6:00,562,0.617,0.606,0.637,0.519,0.653,0.643,0.617,0.636
5/22/2018 6:30,563,0.618,0.605,0.633,0.518,0.653,0.642,0.617,0.636
5/22/2018 7:00,564,0.619,0.605,0.626,0.517,0.653,0.641,0.617,0.636
5/22/2018 7:30,565,0.619,0.604,0.612,0.515,0.651,0.64,0.617,0.636
5/22/2018 8:00,566,0.616,0.604,0.595,0.511,0.648,0.64,0.617,0.635
5/22/2018 8:30,567,0.614,0.603,0.578,0.507,0.643,0.638,0.616,0.635
5/22/2018 9:00,568,0.606,0.597,0.544,0.497,0.632,0.63,0.615,0.634
5/22/2018 9:30,569,0.59,0.585,0.506,0.48,0.612,0.611,0.614,0.631
5/22/2018 10:00,570,0.565,0.568,0.478,0.46,0.59,0.587,0.612,0.625
5/22/2018 10:30,571,0.568,0.569,0.503,0.463,0.597,0.591,0.611,0.622
5/22/2018 11:00,572,0.584,0.582,0.536,0.481,0.617,0.611,0.612,0.626
5/22/2018 11:30,573,0.583,0.584,0.531,0.481,0.616,0.615,0.613,0.627
5/22/2018 12:00,574,0.578,0.582,0.525,0.477,0.612,0.613,0.611,0.627
5/22/2018 12:30,575,0.588,0.587,0.539,0.484,0.622,0.618,0.61,0.626
5/22/2018 13:00,576,0.596,0.594,0.555,0.492,0.629,0.626,0.611,0.627
5/22/2018 13:30,577,0.596,0.593,0.539,0.49,0.625,0.625,0.612,0.627
5/22/2018 14:00,578,0.578,0.582,0.497,0.472,0.604,0.609,0.611,0.625
5/22/2018 14:30,579,0.553,0.565,0.458,0.45,0.58,0.583,0.609,0.619
5/22/2018 15:00,580,0.543,0.559,0.451,0.444,0.575,0.575,0.609,0.615
5/22/2018 15:30,581,0.533,0.553,0.443,0.436,0.567,0.567,0.607,0.608
5/22/2018 16:00,582,0.515,0.544,0.423,0.423,0.552,0.552,0.604,0.595
5/22/2018 16:30,583,0.509,0.541,0.424,0.42,0.549,0.549,0.601,0.582
5/22/2018 17:00,584,0.509,0.542,0.432,0.422,0.549,0.55,0.599,0.567
5/22/2018 17:30,585,0.546,0.568,0.493,0.448,0.581,0.587,0.603,0.58
5/22/2018 18:00,586,0.577,0.589,0.548,0.476,0.615,0.615,0.603,0.591
5/22/2018 18:30,587,0.593,0.599,0.589,0.492,0.633,0.628,0.606,0.551
5/22/2018 19:00,588,0.602,0.604,0.607,0.5,0.641,0.634,0.61,0.513
5/22/2018 19:30,589,0.606,0.607,0.612,0.505,0.644,0.636,0.613,0.522
5/22/2018 20:00,590,0.607,0.607,0.614,0.507,0.646,0.634,0.584,0.55
5/22/2018 20:30,591,0.607,0.607,0.615,0.507,0.647,0.634,0.573,0.57
5/22/2018 21:00,592,0.607,0.606,0.618,0.507,0.646,0.633,0.571,0.577
5/22/2018 21:30,593,0.607,0.606,0.62,0.507,0.645,0.633,0.57,0.588
5/22/2018 22:00,594,0.606,0.606,0.621,0.508,0.643,0.633,0.57,0.591
5/22/2018 22:30,595,0.606,0.605,0.622,0.508,0.644,0.632,0.569,0.593
5/22/2018 23:00,596,0.606,0.604,0.622,0.508,0.643,0.632,0.568,0.596
5/22/2018 23:30,597,0.606,0.604,0.623,0.508,0.642,0.631,0.567,0.598
5/23/2018 0:00,598,0.605,0.604,0.621,0.509,0.64,0.63,0.566,0.598
5/23/2018 0:30,599,0.605,0.604,0.62,0.508,0.638,0.629,0.563,0.597
5/23/2018 1:00,600,0.605,0.603,0.62,0.507,0.635,0.629,0.566,0.599
5/23/2018 1:30,601,0.605,0.603,0.618,0.508,0.634,0.628,0.565,0.599
5/23/2018 2:00,602,0.604,0.602,0.617,0.507,0.633,0.626,0.564,0.597
5/23/2018 2:30,603,0.604,0.601,0.612,0.505,0.632,0.624,0.567,0.598
5/23/2018 3:00,604,0.603,0.601,0.612,0.506,0.631,0.625,0.566,0.597
5/23/2018 3:30,605,0.603,0.601,0.613,0.505,0.63,0.625,0.56,0.598
5/23/2018 4:00,606,0.603,0.601,0.616,0.506,0.629,0.625,0.563,0.599
5/23/2018 4:30,607,0.603,0.6,0.617,0.505,0.627,0.623,0.564,0.599
5/23/2018 5:00,608,0.603,0.6,0.613,0.505,0.626,0.623,0.564,0.598
5/23/2018 5:30,609,0.603,0.6,0.614,0.504,0.625,0.623,0.566,0.6
5/23/2018 6:00,610,0.603,0.599,0.616,0.504,0.626,0.623,0.567,0.599
5/23/2018 6:30,611,0.603,0.599,0.616,0.504,0.626,0.622,0.568,0.601
5/23/2018 7:00,612,0.603,0.599,0.613,0.503,0.621,0.622,0.569,0.602
5/23/2018 7:30,613,0.604,0.599,0.608,0.503,0.623,0.621,0.567,0.602
5/23/2018 8:00,614,0.6,0.599,0.592,0.504,0.623,0.621,0.561,0.6
5/23/2018 8:30,615,0.571,0.596,0.543,0.501,0.615,0.613,0.559,0.599
5/23/2018 9:00,616,0.54,0.582,0.48,0.48,0.588,0.59,0.56,0.597
5/23/2018 9:30,617,0.506,0.556,0.424,0.44,0.543,0.548,0.56,0.593
5/23/2018 10:00,618,0.488,0.537,0.408,0.416,0.528,0.529,0.56,0.582
5/23/2018 10:30,619,0.478,0.528,0.4,0.406,0.521,0.522,0.556,0.56
5/23/2018 11:00,620,0.473,0.526,0.415,0.404,0.52,0.523,0.547,0.536
5/23/2018 11:30,621,0.474,0.528,0.419,0.407,0.523,0.525,0.541,0.515
5/23/2018 12:00,622,0.472,0.528,0.416,0.408,0.522,0.525,0.528,0.479
5/23/2018 12:30,623,0.473,0.531,0.428,0.413,0.523,0.529,0.516,0.475
5/23/2018 13:00,624,0.481,0.537,0.443,0.421,0.53,0.536,0.511,0.482
5/23/2018 13:30,625,0.481,0.538,0.441,0.425,0.532,0.536,0.51,0.485
5/23/2018 14:00,626,0.472,0.529,0.426,0.42,0.522,0.528,0.502,0.475
5/23/2018 14:30,627,0.468,0.527,0.417,0.42,0.519,0.528,0.498,0.472
5/23/2018 15:00,628,0.469,0.528,0.417,0.425,0.521,0.529,0.498,0.473
5/23/2018 15:30,629,0.467,0.527,0.415,0.427,0.52,0.528,0.496,0.471
5/23/2018 16:00,630,0.469,0.529,0.419,0.43,0.52,0.53,0.498,0.474
5/23/2018 16:30,631,0.474,0.534,0.432,0.438,0.527,0.538,0.505,0.484
5/23/2018 17:00,632,0.477,0.539,0.437,0.445,0.531,0.544,0.512,0.492
5/23/2018 17:30,633,0.481,0.54,0.435,0.447,0.533,0.544,0.515,0.498
5/23/2018 18:00,634,0.493,0.549,0.449,0.462,0.542,0.554,0.523,0.517
5/23/2018 18:30,635,0.508,0.556,0.466,0.467,0.548,0.565,0.532,0.544
5/23/2018 19:00,636,0.528,0.569,0.488,0.481,0.562,0.58,0.545,0.566
5/23/2018 19:30,637,0.548,0.581,0.519,0.495,0.578,0.596,0.56,0.583
5/23/2018 20:00,638,0.57,0.594,0.552,0.509,0.597,0.615,0.572,0.595
5/23/2018 20:30,639,0.589,0.604,0.582,0.523,0.616,0.631,0.581,0.605
5/23/2018 21:00,640,0.6,0.61,0.608,0.531,0.63,0.64,0.586,0.61
5/23/2018 21:30,641,0.607,0.613,0.624,0.535,0.638,0.644,0.59,0.613
5/23/2018 22:00,642,0.61,0.614,0.638,0.536,0.643,0.647,0.594,0.617
5/23/2018 22:30,643,0.612,0.614,0.647,0.537,0.645,0.648,0.597,0.62
5/23/2018 23:00,644,0.614,0.614,0.649,0.536,0.647,0.649,0.599,0.622
5/23/2018 23:30,645,0.616,0.613,0.652,0.536,0.648,0.649,0.599,0.624
5/24/2018 0:00,646,0.617,0.613,0.657,0.535,0.65,0.65,0.602,0.626
5/24/2018 0:30,647,0.618,0.613,0.664,0.533,0.651,0.651,0.603,0.628
5/24/2018 1:00,648,0.618,0.613,0.664,0.532,0.652,0.651,0.605,0.629
5/24/2018 1:30,649,0.618,0.613,0.667,0.532,0.654,0.651,0.606,0.631
5/24/2018 2:00,650,0.618,0.612,0.672,0.531,0.653,0.651,0.606,0.632
5/24/2018 2:30,651,0.618,0.612,0.672,0.53,0.654,0.651,0.606,0.632
5/24/2018 3:00,652,0.618,0.611,0.669,0.529,0.654,0.65,0.606,0.633
5/24/2018 3:30,653,0.618,0.611,0.683,0.527,0.653,0.65,0.607,0.633
5/24/2018 4:00,654,0.617,0.611,0.686,0.525,0.653,0.65,0.608,0.634
5/24/2018 4:30,655,0.616,0.611,0.685,0.524,0.653,0.65,0.609,0.634
5/24/2018 5:00,656,0.615,0.611,0.682,0.522,0.655,0.65,0.608,0.634
5/24/2018 5:30,657,0.616,0.611,0.68,0.521,0.656,0.65,0.609,0.634
5/24/2018 6:00,658,0.617,0.61,0.684,0.52,0.656,0.649,0.611,0.634
5/24/2018 6:30,659,0.618,0.61,0.68,0.519,0.653,0.648,0.612,0.634
5/24/2018 7:00,660,0.611,0.608,0.645,0.512,0.641,0.644,0.613,0.635
5/24/2018 7:30,661,0.582,0.598,0.573,0.488,0.607,0.622,0.614,0.634
5/24/2018 8:00,662,0.546,0.581,0.527,0.46,0.578,0.584,0.614,0.631
5/24/2018 8:30,663,0.52,0.568,0.511,0.448,0.569,0.568,0.614,0.629
5/24/2018 9:00,664,0.501,0.555,0.49,0.438,0.557,0.556,0.612,0.623
5/24/2018 9:30,665,0.49,0.543,0.464,0.427,0.547,0.545,0.606,0.61
5/24/2018 10:00,666,0.481,0.533,0.443,0.421,0.54,0.536,0.595,0.586
5/24/2018 10:30,667,0.475,0.528,0.431,0.42,0.535,0.53,0.583,0.555
5/24/2018 11:00,668,0.473,0.528,0.424,0.42,0.532,0.528,0.569,0.526
5/24/2018 11:30,669,0.471,0.528,0.416,0.422,0.531,0.526,0.552,0.497
5/24/2018 12:00,670,0.469,0.525,0.409,0.424,0.53,0.523,0.538,0.475
5/24/2018 12:30,671,0.466,0.523,0.407,0.426,0.529,0.52,0.529,0.466
5/24/2018 13:00,672,0.466,0.524,0.411,0.429,0.529,0.521,0.524,0.465
5/24/2018 13:30,673,0.465,0.524,0.413,0.431,0.529,0.52,0.524,0.468
5/24/2018 14:00,674,0.465,0.525,0.402,0.432,0.529,0.522,0.522,0.473
5/24/2018 14:30,675,0.465,0.525,0.399,0.435,0.529,0.523,0.52,0.476
5/24/2018 15:00,676,0.465,0.526,0.406,0.436,0.53,0.525,0.522,0.485
5/24/2018 15:30,677,0.466,0.526,0.404,0.439,0.53,0.525,0.523,0.488
5/24/2018 16:00,678,0.467,0.527,0.408,0.442,0.532,0.529,0.525,0.491
5/24/2018 16:30,679,0.47,0.529,0.424,0.445,0.534,0.532,0.531,0.491
5/24/2018 17:00,680,0.474,0.533,0.431,0.45,0.536,0.538,0.536,0.496
5/24/2018 17:30,681,0.481,0.536,0.442,0.455,0.539,0.542,0.539,0.505
5/24/2018 18:00,682,0.492,0.545,0.467,0.466,0.546,0.552,0.545,0.523
5/24/2018 18:30,683,0.509,0.555,0.485,0.477,0.556,0.564,0.551,0.55
5/24/2018 19:00,684,0.524,0.566,0.506,0.487,0.568,0.577,0.562,0.573
5/24/2018 19:30,685,0.539,0.577,0.528,0.499,0.582,0.59,0.577,0.589
5/24/2018 20:00,686,0.561,0.588,0.559,0.511,0.599,0.607,0.588,0.601
5/24/2018 20:30,687,0.582,0.599,0.593,0.523,0.618,0.625,0.602,0.611
5/24/2018 21:00,688,0.597,0.605,0.622,0.533,0.635,0.636,0.61,0.618
5/24/2018 21:30,689,0.604,0.608,0.641,0.538,0.644,0.643,0.614,0.624
5/24/2018 22:00,690,0.609,0.61,0.653,0.541,0.649,0.647,0.617,0.628
5/24/2018 22:30,691,0.612,0.611,0.659,0.542,0.653,0.649,0.619,0.632
5/24/2018 23:00,692,0.613,0.611,0.665,0.542,0.655,0.65,0.621,0.634
5/24/2018 23:30,693,0.615,0.611,0.669,0.541,0.657,0.651,0.622,0.636
5/25/2018 0:00,694,0.616,0.611,0.674,0.54,0.658,0.652,0.622,0.637
5/25/2018 0:30,695,0.616,0.611,0.679,0.537,0.659,0.652,0.622,0.638
5/25/2018 1:00,696,0.617,0.611,0.685,0.534,0.66,0.652,0.624,0.639
5/25/2018 1:30,697,0.618,0.611,0.683,0.533,0.662,0.652,0.625,0.64
5/25/2018 2:00,698,0.618,0.61,0.691,0.531,0.662,0.652,0.625,0.641
5/25/2018 2:30,699,0.618,0.61,0.697,0.528,0.663,0.651,0.625,0.642
5/25/2018 3:00,700,0.617,0.608,0.7,0.526,0.663,0.65,0.626,0.642
5/25/2018 3:30,701,0.616,0.607,0.698,0.524,0.664,0.649,0.626,0.643
5/25/2018 4:00,702,0.616,0.606,0.694,0.522,0.663,0.648,0.627,0.643
5/25/2018 4:30,703,0.616,0.606,0.686,0.521,0.663,0.648,0.627,0.642
5/25/2018 5:00,704,0.614,0.606,0.68,0.52,0.663,0.647,0.626,0.642
5/25/2018 5:30,705,0.613,0.606,0.675,0.519,0.663,0.646,0.626,0.641
5/25/2018 6:00,706,0.613,0.605,0.671,0.518,0.662,0.645,0.625,0.641
5/25/2018 6:30,707,0.613,0.605,0.665,0.518,0.662,0.644,0.625,0.64
5/25/2018 7:00,708,0.613,0.605,0.654,0.516,0.66,0.644,0.625,0.64
5/25/2018 7:30,709,0.601,0.602,0.621,0.509,0.65,0.64,0.623,0.639
5/25/2018 8:00,710,0.57,0.591,0.553,0.489,0.619,0.619,0.618,0.638
5/25/2018 8:30,711,0.535,0.572,0.506,0.462,0.59,0.582,0.616,0.636
5/25/2018 9:00,712,0.513,0.556,0.483,0.445,0.577,0.56,0.614,0.633
5/25/2018 9:30,713,0.497,0.544,0.463,0.431,0.566,0.547,0.612,0.626
5/25/2018 10:00,714,0.485,0.536,0.443,0.42,0.557,0.538,0.608,0.61
5/25/2018 10:30,715,0.478,0.532,0.422,0.413,0.549,0.532,0.603,0.584
5/25/2018 11:00,716,0.473,0.53,0.412,0.41,0.543,0.528,0.591,0.544
5/25/2018 11:30,717,0.467,0.527,0.402,0.406,0.537,0.524,0.569,0.502
5/25/2018 12:00,718,0.464,0.527,0.401,0.406,0.535,0.524,0.548,0.476
5/25/2018 12:30,719,0.463,0.527,0.402,0.409,0.534,0.525,0.534,0.465
5/25/2018 13:00,720,0.462,0.527,0.389,0.41,0.534,0.524,0.527,0.462
5/25/2018 13:30,721,0.461,0.528,0.392,0.412,0.534,0.525,0.524,0.464
5/25/2018 14:00,722,0.461,0.528,0.396,0.415,0.533,0.525,0.521,0.466
5/25/2018 14:30,723,0.461,0.527,0.389,0.418,0.533,0.525,0.519,0.471
5/25/2018 15:00,724,0.461,0.528,0.389,0.421,0.533,0.526,0.517,0.476
5/25/2018 15:30,725,0.462,0.527,0.39,0.423,0.533,0.527,0.518,0.48
5/25/2018 16:00,726,0.463,0.528,0.392,0.427,0.533,0.529,0.521,0.482
5/25/2018 16:30,727,0.467,0.53,0.392,0.431,0.535,0.532,0.526,0.483
5/25/2018 17:00,728,0.48,0.537,0.399,0.443,0.545,0.544,0.535,0.493
5/25/2018 17:30,729,0.488,0.541,0.406,0.447,0.549,0.549,0.544,0.507
5/25/2018 18:00,730,0.492,0.543,0.426,0.448,0.548,0.552,0.552,0.528
5/25/2018 18:30,731,0.506,0.554,0.456,0.461,0.56,0.566,0.558,0.556
5/25/2018 19:00,732,0.525,0.566,0.484,0.473,0.576,0.581,0.57,0.579
5/25/2018 19:30,733,0.543,0.58,0.512,0.487,0.594,0.598,0.587,0.597
5/25/2018 20:00,734,0.565,0.592,0.549,0.499,0.611,0.615,0.599,0.61
5/25/2018 20:30,735,0.585,0.603,0.581,0.51,0.63,0.633,0.608,0.619
5/25/2018 21:00,736,0.596,0.61,0.602,0.515,0.644,0.642,0.613,0.624
5/25/2018 21:30,737,0.602,0.613,0.616,0.516,0.651,0.646,0.615,0.627
5/25/2018 22:00,738,0.605,0.615,0.625,0.515,0.655,0.648,0.618,0.629
5/25/2018 22:30,739,0.607,0.615,0.632,0.514,0.657,0.648,0.619,0.631
5/25/2018 23:00,740,0.608,0.615,0.639,0.513,0.658,0.648,0.62,0.633
5/25/2018 23:30,741,0.609,0.615,0.643,0.513,0.659,0.648,0.621,0.634
5/26/2018 0:00,742,0.609,0.614,0.646,0.511,0.66,0.647,0.622,0.636
5/26/2018 0:30,743,0.609,0.613,0.649,0.511,0.661,0.647,0.623,0.636
5/26/2018 1:00,744,0.609,0.612,0.649,0.511,0.661,0.646,0.623,0.637
5/26/2018 1:30,745,0.61,0.611,0.647,0.51,0.661,0.646,0.623,0.636
5/26/2018 2:00,746,0.611,0.611,0.644,0.511,0.662,0.645,0.62,0.637
5/26/2018 2:30,747,0.611,0.61,0.64,0.51,0.663,0.644,0.618,0.637
5/26/2018 3:00,748,0.611,0.61,0.639,0.51,0.663,0.644,0.619,0.637
5/26/2018 3:30,749,0.61,0.609,0.636,0.51,0.663,0.643,0.618,0.636
5/26/2018 4:00,750,0.61,0.608,0.636,0.509,0.663,0.642,0.616,0.636
5/26/2018 4:30,751,0.61,0.608,0.637,0.509,0.662,0.641,0.615,0.636
5/26/2018 5:00,752,0.61,0.607,0.639,0.509,0.662,0.64,0.617,0.636
5/26/2018 5:30,753,0.609,0.607,0.639,0.509,0.662,0.639,0.617,0.636
5/26/2018 6:00,754,0.61,0.606,0.64,0.509,0.662,0.638,0.617,0.636
5/26/2018 6:30,755,0.61,0.605,0.635,0.508,0.661,0.637,0.616,0.636
5/26/2018 7:00,756,0.605,0.603,0.616,0.504,0.654,0.634,0.617,0.636
5/26/2018 7:30,757,0.584,0.598,0.574,0.492,0.635,0.625,0.616,0.635
5/26/2018 8:00,758,0.561,0.587,0.531,0.474,0.611,0.603,0.616,0.633
5/26/2018 8:30,759,0.534,0.572,0.502,0.457,0.594,0.577,0.616,0.627
5/26/2018 9:00,760,0.511,0.555,0.483,0.44,0.578,0.555,0.614,0.615
5/26/2018 9:30,761,0.487,0.54,0.461,0.424,0.562,0.537,0.61,0.602
5/26/2018 10:00,762,0.474,0.53,0.443,0.411,0.551,0.529,0.605,0.583
5/26/2018 10:30,763,0.468,0.526,0.426,0.405,0.544,0.525,0.597,0.555
5/26/2018 11:00,764,0.465,0.525,0.425,0.403,0.54,0.524,0.582,0.519
5/26/2018 11:30,765,0.462,0.524,0.419,0.403,0.536,0.523,0.563,0.488
5/26/2018 12:00,766,0.46,0.523,0.404,0.402,0.533,0.521,0.545,0.467
5/26/2018 12:30,767,0.457,0.523,0.394,0.402,0.531,0.521,0.532,0.457
5/26/2018 13:00,768,0.457,0.524,0.384,0.404,0.531,0.521,0.525,0.456
5/26/2018 13:30,769,0.456,0.524,0.388,0.406,0.53,0.522,0.522,0.456
5/26/2018 14:00,770,0.455,0.523,0.373,0.407,0.53,0.522,0.52,0.458
5/26/2018 14:30,771,0.455,0.524,0.378,0.409,0.53,0.524,0.52,0.465
5/26/2018 15:00,772,0.454,0.525,0.382,0.41,0.529,0.525,0.521,0.469
5/26/2018 15:30,773,0.455,0.525,0.383,0.412,0.53,0.526,0.522,0.472
5/26/2018 16:00,774,0.471,0.535,0.414,0.426,0.544,0.541,0.531,0.491
5/26/2018 16:30,775,0.507,0.558,0.47,0.456,0.575,0.575,0.553,0.526
5/26/2018 17:00,776,0.527,0.569,0.491,0.467,0.585,0.589,0.569,0.55
5/26/2018 17:30,777,0.528,0.569,0.49,0.463,0.582,0.587,0.579,0.565
5/26/2018 18:00,778,0.539,0.575,0.503,0.464,0.588,0.594,0.587,0.582
5/26/2018 18:30,779,0.563,0.587,0.54,0.476,0.604,0.614,0.596,0.602
5/26/2018 19:00,780,0.584,0.598,0.573,0.485,0.616,0.63,0.605,0.615
5/26/2018 19:30,781,0.594,0.605,0.587,0.493,0.629,0.637,0.61,0.622
5/26/2018 20:00,782,0.597,0.607,0.598,0.497,0.637,0.64,0.614,0.626
5/26/2018 20:30,783,0.6,0.608,0.624,0.499,0.645,0.643,0.618,0.63
5/26/2018 21:00,784,0.604,0.61,0.639,0.502,0.652,0.644,0.621,0.633
5/26/2018 21:30,785,0.606,0.611,0.644,0.506,0.655,0.645,0.623,0.635
5/26/2018 22:00,786,0.606,0.612,0.645,0.507,0.657,0.644,0.624,0.636
5/26/2018 22:30,787,0.606,0.612,0.646,0.508,0.658,0.643,0.625,0.637
5/26/2018 23:00,788,0.606,0.612,0.649,0.508,0.658,0.642,0.625,0.638
5/26/2018 23:30,789,0.606,0.611,0.651,0.508,0.658,0.641,0.626,0.638
5/27/2018 0:00,790,0.606,0.611,0.652,0.508,0.658,0.639,0.626,0.639
5/27/2018 0:30,791,0.606,0.609,0.654,0.508,0.658,0.637,0.627,0.639
5/27/2018 1:00,792,0.606,0.609,0.656,0.508,0.658,0.636,0.627,0.64
5/27/2018 1:30,793,0.607,0.608,0.657,0.508,0.658,0.634,0.627,0.64
5/27/2018 2:00,794,0.606,0.607,0.657,0.508,0.658,0.632,0.627,0.64
5/27/2018 2:30,795,0.606,0.606,0.657,0.508,0.657,0.631,0.628,0.64
5/27/2018 3:00,796,0.606,0.605,0.659,0.508,0.657,0.629,0.627,0.641
5/27/2018 3:30,797,0.606,0.603,0.658,0.508,0.656,0.628,0.628,0.641
5/27/2018 4:00,798,0.606,0.602,0.655,0.507,0.655,0.626,0.628,0.642
5/27/2018 4:30,799,0.605,0.601,0.652,0.507,0.654,0.625,0.628,0.642
5/27/2018 5:00,800,0.605,0.601,0.649,0.507,0.652,0.624,0.628,0.642
5/27/2018 5:30,801,0.605,0.6,0.641,0.507,0.651,0.623,0.628,0.642
5/27/2018 6:00,802,0.604,0.599,0.637,0.507,0.649,0.622,0.627,0.642
5/27/2018 6:30,803,0.606,0.599,0.631,0.506,0.647,0.621,0.627,0.642
5/27/2018 7:00,804,0.608,0.598,0.621,0.506,0.645,0.621,0.626,0.641
5/27/2018 7:30,805,0.608,0.598,0.606,0.503,0.642,0.622,0.626,0.641
5/27/2018 8:00,806,0.605,0.597,0.575,0.498,0.635,0.618,0.624,0.64
5/27/2018 8:30,807,0.597,0.592,0.541,0.488,0.622,0.611,0.624,0.638
5/27/2018 9:00,808,0.582,0.584,0.514,0.475,0.605,0.597,0.623,0.635
5/27/2018 9:30,809,0.54,0.563,0.47,0.452,0.576,0.561,0.622,0.627
5/27/2018 10:00,810,0.538,0.556,0.478,0.444,0.572,0.557,0.621,0.619
5/27/2018 10:30,811,0.526,0.549,0.468,0.436,0.562,0.549,0.62,0.607
5/27/2018 11:00,812,0.51,0.539,0.448,0.426,0.551,0.537,0.618,0.588
5/27/2018 11:30,813,0.488,0.526,0.421,0.412,0.536,0.521,0.611,0.556
5/27/2018 12:00,814,0.481,0.523,0.42,0.408,0.533,0.518,0.599,0.529
5/27/2018 12:30,815,0.484,0.525,0.424,0.41,0.537,0.525,0.588,0.516
5/27/2018 13:00,816,0.472,0.519,0.397,0.403,0.528,0.516,0.576,0.495
5/27/2018 13:30,817,0.464,0.514,0.388,0.4,0.522,0.513,0.558,0.478
5/27/2018 14:00,818,0.467,0.52,0.397,0.406,0.527,0.521,0.552,0.486
5/27/2018 14:30,819,0.469,0.524,0.404,0.411,0.531,0.524,0.555,0.496
5/27/2018 15:00,820,0.472,0.526,0.409,0.414,0.533,0.527,0.557,0.5
5/27/2018 15:30,821,0.497,0.545,0.455,0.435,0.555,0.553,0.57,0.529
5/27/2018 16:00,822,0.508,0.554,0.467,0.445,0.562,0.565,0.581,0.548
5/27/2018 16:30,823,0.521,0.56,0.479,0.45,0.57,0.572,0.587,0.559
5/27/2018 17:00,824,0.532,0.567,0.49,0.458,0.577,0.582,0.596,0.575
5/27/2018 17:30,825,0.547,0.569,0.519,0.466,0.584,0.593,0.603,0.59
5/27/2018 18:00,826,0.565,0.575,0.569,0.476,0.596,0.606,0.608,0.603
5/27/2018 18:30,827,0.583,0.585,0.594,0.489,0.616,0.62,0.615,0.616
5/27/2018 19:00,828,0.589,0.587,0.595,0.493,0.624,0.622,0.619,0.623
5/27/2018 19:30,829,0.595,0.588,0.602,0.494,0.631,0.624,0.62,0.626
5/27/2018 20:00,830,0.601,0.598,0.619,0.498,0.636,0.634,0.62,0.63
5/27/2018 20:30,831,0.604,0.599,0.621,0.501,0.64,0.635,0.62,0.632
5/27/2018 21:00,832,0.604,0.599,0.629,0.502,0.641,0.634,0.622,0.634
5/27/2018 21:30,833,0.602,0.592,0.634,0.503,0.64,0.626,0.592,0.587
5/27/2018 22:00,834,0.602,0.592,0.639,0.502,0.638,0.626,0.57,0.555
5/27/2018 22:30,835,0.602,0.587,0.652,0.502,0.638,0.623,0.574,0.58
5/27/2018 23:00,836,0.603,0.588,0.662,0.503,0.637,0.624,0.577,0.589
5/27/2018 23:30,837,0.605,0.585,0.672,0.504,0.636,0.623,0.579,0.592
5/28/2018 0:00,838,0.606,0.588,0.672,0.504,0.635,0.626,0.579,0.595
5/28/2018 0:30,839,0.605,0.585,0.676,0.505,0.634,0.624,0.582,0.596
5/28/2018 1:00,840,0.607,0.588,0.674,0.505,0.632,0.626,0.582,0.597
5/28/2018 1:30,841,0.607,0.589,0.671,0.505,0.63,0.628,0.581,0.601
5/28/2018 2:00,842,0.607,0.587,0.67,0.506,0.629,0.627,0.581,0.601
5/28/2018 2:30,843,0.606,0.587,0.669,0.506,0.628,0.625,0.585,0.602
5/28/2018 3:00,844,0.607,0.587,0.667,0.506,0.628,0.626,0.584,0.607
5/28/2018 3:30,845,0.606,0.585,0.664,0.506,0.628,0.623,0.588,0.609
5/28/2018 4:00,846,0.606,0.583,0.658,0.505,0.627,0.621,0.586,0.604
5/28/2018 4:30,847,0.604,0.579,0.657,0.506,0.626,0.617,0.584,0.602
5/28/2018 5:00,848,0.605,0.581,0.652,0.505,0.626,0.618,0.585,0.605
5/28/2018 5:30,849,0.605,0.58,0.652,0.504,0.625,0.618,0.582,0.605
5/28/2018 6:00,850,0.605,0.579,0.652,0.504,0.624,0.617,0.585,0.608
5/28/2018 6:30,851,0.605,0.583,0.649,0.504,0.623,0.619,0.589,0.617
5/28/2018 7:00,852,0.604,0.579,0.646,0.504,0.623,0.614,0.592,0.617
5/28/2018 7:30,853,0.604,0.579,0.641,0.504,0.622,0.614,0.593,0.616
5/28/2018 8:00,854,0.604,0.578,0.643,0.503,0.621,0.613,0.594,0.618
5/28/2018 8:30,855,0.603,0.58,0.637,0.503,0.621,0.614,0.595,0.621
5/28/2018 9:00,856,0.604,0.579,0.633,0.503,0.621,0.612,0.597,0.621
5/28/2018 9:30,857,0.606,0.579,0.63,0.503,0.62,0.614,0.595,0.622
5/28/2018 10:00,858,0.607,0.579,0.623,0.503,0.62,0.614,0.595,0.622
5/28/2018 10:30,859,0.607,0.577,0.616,0.502,0.621,0.612,0.597,0.623
5/28/2018 11:00,860,0.607,0.578,0.61,0.501,0.621,0.612,0.599,0.623
5/28/2018 11:30,861,0.609,0.578,0.609,0.501,0.622,0.613,0.599,0.623
5/28/2018 12:00,862,0.61,0.579,0.603,0.5,0.621,0.614,0.6,0.627
5/28/2018 12:30,863,0.61,0.576,0.576,0.495,0.617,0.612,0.599,0.626
5/28/2018 13:00,864,0.61,0.574,0.557,0.488,0.609,0.609,0.599,0.628
5/28/2018 13:30,865,0.606,0.572,0.551,0.485,0.603,0.604,0.601,0.629
5/28/2018 14:00,866,0.599,0.568,0.537,0.478,0.594,0.599,0.599,0.627
5/28/2018 14:30,867,0.593,0.567,0.532,0.474,0.589,0.597,0.6,0.629
5/28/2018 15:00,868,0.589,0.566,0.528,0.471,0.586,0.595,0.6,0.628
5/28/2018 15:30,869,0.579,0.558,0.513,0.464,0.577,0.585,0.601,0.627
5/28/2018 16:00,870,0.571,0.555,0.501,0.458,0.57,0.581,0.599,0.624
5/28/2018 16:30,871,0.567,0.552,0.496,0.454,0.565,0.576,0.6,0.619
5/28/2018 17:00,872,0.566,0.552,0.5,0.454,0.566,0.576,0.602,0.619
5/28/2018 17:30,873,0.576,0.56,0.523,0.462,0.577,0.588,0.604,0.62
5/28/2018 18:00,874,0.585,0.567,0.541,0.47,0.586,0.599,0.605,0.623
5/28/2018 18:30,875,0.593,0.573,0.558,0.477,0.594,0.608,0.606,0.626
5/28/2018 19:00,876,0.6,0.578,0.573,0.483,0.602,0.615,0.607,0.628
5/28/2018 19:30,877,0.604,0.581,0.583,0.488,0.607,0.619,0.606,0.631
5/28/2018 20:00,878,0.607,0.584,0.591,0.491,0.61,0.621,0.606,0.632
5/28/2018 20:30,879,0.609,0.585,0.598,0.494,0.614,0.622,0.607,0.633
5/28/2018 21:00,880,0.609,0.585,0.604,0.496,0.616,0.623,0.607,0.634
5/28/2018 21:30,881,0.608,0.584,0.604,0.497,0.618,0.622,0.607,0.635
5/28/2018 22:00,882,0.607,0.584,0.605,0.498,0.618,0.621,0.607,0.635
5/28/2018 22:30,883,0.606,0.583,0.604,0.499,0.619,0.62,0.606,0.635
5/28/2018 23:00,884,0.605,0.582,0.605,0.499,0.617,0.62,0.607,0.635
5/28/2018 23:30,885,0.605,0.582,0.604,0.499,0.618,0.619,0.607,0.635
5/29/2018 0:00,886,0.604,0.581,0.602,0.5,0.618,0.618,0.605,0.635
5/29/2018 0:30,887,0.603,0.58,0.602,0.499,0.617,0.617,0.604,0.635
5/29/2018 1:00,888,0.602,0.58,0.602,0.499,0.616,0.616,0.607,0.635
5/29/2018 1:30,889,0.601,0.579,0.601,0.498,0.615,0.615,0.608,0.635
5/29/2018 2:00,890,0.601,0.578,0.6,0.498,0.615,0.614,0.608,0.635
5/29/2018 2:30,891,0.6,0.577,0.598,0.497,0.614,0.613,0.604,0.635
5/29/2018 3:00,892,0.6,0.577,0.596,0.496,0.613,0.612,0.606,0.634
5/29/2018 3:30,893,0.6,0.576,0.594,0.495,0.612,0.611,0.606,0.634
5/29/2018 4:00,894,0.599,0.576,0.594,0.495,0.611,0.61,0.607,0.634
5/29/2018 4:30,895,0.599,0.575,0.592,0.495,0.611,0.609,0.606,0.634
5/29/2018 5:00,896,0.6,0.574,0.591,0.495,0.61,0.608,0.606,0.634
5/29/2018 5:30,897,0.599,0.574,0.593,0.493,0.61,0.607,0.608,0.634
5/29/2018 6:00,898,0.599,0.573,0.59,0.493,0.61,0.606,0.607,0.634
5/29/2018 6:30,899,0.599,0.572,0.588,0.492,0.609,0.605,0.605,0.633
5/29/2018 7:00,900,0.598,0.572,0.586,0.492,0.608,0.604,0.607,0.633
5/29/2018 7:30,901,0.598,0.571,0.583,0.492,0.608,0.603,0.606,0.633
5/29/2018 8:00,902,0.599,0.572,0.577,0.492,0.609,0.603,0.607,0.633
5/29/2018 8:30,903,0.601,0.572,0.569,0.493,0.612,0.604,0.604,0.632
5/29/2018 9:00,904,0.603,0.572,0.558,0.493,0.614,0.604,0.603,0.63
5/29/2018 9:30,905,0.604,0.572,0.546,0.491,0.614,0.604,0.604,0.63
5/29/2018 10:00,906,0.6,0.568,0.512,0.483,0.608,0.598,0.605,0.629
5/29/2018 10:30,907,0.587,0.559,0.482,0.466,0.59,0.585,0.607,0.625
5/29/2018 11:00,908,0.57,0.549,0.46,0.452,0.572,0.572,0.605,0.62
5/29/2018 11:30,909,0.561,0.544,0.459,0.447,0.567,0.567,0.607,0.615
5/29/2018 12:00,910,0.552,0.539,0.441,0.442,0.561,0.56,0.607,0.608
5/29/2018 12:30,911,0.558,0.541,0.461,0.447,0.568,0.567,0.607,0.606
5/29/2018 13:00,912,0.562,0.545,0.475,0.451,0.572,0.574,0.607,0.606
5/29/2018 13:30,913,0.555,0.541,0.457,0.446,0.564,0.569,0.606,0.599
5/29/2018 14:00,914,0.541,0.532,0.439,0.436,0.55,0.558,0.606,0.592
5/29/2018 14:30,915,0.536,0.53,0.437,0.432,0.546,0.554,0.604,0.589
5/29/2018 15:00,916,0.515,0.518,0.409,0.418,0.528,0.537,0.602,0.575
5/29/2018 15:30,917,0.496,0.507,0.389,0.404,0.513,0.521,0.596,0.561
5/29/2018 16:00,918,0.491,0.506,0.394,0.402,0.51,0.522,0.59,0.55
5/29/2018 16:30,919,0.493,0.508,0.4,0.407,0.512,0.527,0.585,0.546
5/29/2018 17:00,920,0.497,0.512,0.414,0.413,0.516,0.533,0.585,0.55
5/29/2018 17:30,921,0.515,0.525,0.447,0.428,0.533,0.551,0.59,0.565
5/29/2018 18:00,922,0.527,0.537,0.47,0.44,0.542,0.569,0.596,0.582
5/29/2018 18:30,923,0.53,0.539,0.472,0.441,0.543,0.57,0.598,0.592
5/29/2018 19:00,924,0.545,0.549,0.494,0.451,0.556,0.585,0.602,0.605
5/29/2018 19:30,925,0.563,0.56,0.526,0.464,0.573,0.602,0.604,0.615
5/29/2018 20:00,926,0.582,0.571,0.555,0.477,0.59,0.618,0.609,0.622
5/29/2018 20:30,927,0.593,0.578,0.573,0.486,0.601,0.625,0.61,0.626
5/29/2018 21:00,928,0.599,0.58,0.584,0.49,0.609,0.628,0.611,0.629
5/29/2018 21:30,929,0.602,0.582,0.591,0.493,0.611,0.629,0.613,0.631
5/29/2018 22:00,930,0.603,0.582,0.596,0.495,0.613,0.628,0.615,0.633
5/29/2018 22:30,931,0.604,0.581,0.601,0.496,0.614,0.627,0.615,0.634
5/29/2018 23:00,932,0.604,0.581,0.603,0.496,0.614,0.627,0.616,0.636
5/29/2018 23:30,933,0.604,0.581,0.605,0.497,0.614,0.626,0.617,0.637
5/30/2018 0:00,934,0.604,0.58,0.606,0.497,0.613,0.625,0.617,0.638
5/30/2018 0:30,935,0.604,0.581,0.608,0.497,0.614,0.624,0.619,0.638
5/30/2018 1:00,936,0.603,0.583,0.608,0.497,0.614,0.624,0.621,0.639
5/30/2018 1:30,937,0.603,0.58,0.611,0.497,0.613,0.623,0.623,0.64
5/30/2018 2:00,938,0.604,0.578,0.612,0.497,0.612,0.622,0.619,0.64
5/30/2018 2:30,939,0.604,0.577,0.615,0.497,0.612,0.622,0.62,0.641
5/30/2018 3:00,940,0.604,0.576,0.616,0.497,0.612,0.622,0.621,0.641
5/30/2018 3:30,941,0.604,0.575,0.619,0.498,0.612,0.621,0.623,0.642
5/30/2018 4:00,942,0.604,0.574,0.62,0.498,0.612,0.621,0.625,0.643
5/30/2018 4:30,943,0.605,0.573,0.618,0.497,0.612,0.62,0.625,0.643
5/30/2018 5:00,944,0.604,0.572,0.613,0.496,0.612,0.619,0.624,0.643
5/30/2018 5:30,945,0.603,0.571,0.611,0.496,0.611,0.618,0.624,0.643
5/30/2018 6:00,946,0.603,0.57,0.605,0.496,0.611,0.617,0.623,0.643
5/30/2018 6:30,947,0.602,0.57,0.604,0.495,0.61,0.615,0.622,0.642
5/30/2018 7:00,948,0.601,0.569,0.598,0.494,0.61,0.614,0.62,0.642
5/30/2018 7:30,949,0.601,0.568,0.592,0.493,0.609,0.612,0.62,0.641
5/30/2018 8:00,950,0.601,0.568,0.585,0.493,0.61,0.611,0.619,0.641
5/30/2018 8:30,951,0.6,0.569,0.568,0.493,0.611,0.611,0.617,0.639
5/30/2018 9:00,952,0.588,0.562,0.518,0.488,0.606,0.605,0.614,0.634
5/30/2018 9:30,953,0.573,0.55,0.465,0.468,0.589,0.588,0.611,0.626
5/30/2018 10:00,954,0.551,0.536,0.439,0.444,0.562,0.564,0.612,0.623
