TOA5,CR1000-SALT2,CR1000,86631,CR1000.Std.31.03,CPU:Sapflow_SERC.CR1,8974,Table1,,
TIMESTAMP,RECORD,DiffVolt_Avg(1),DiffVolt_Avg(2),DiffVolt_Avg(3),DiffVolt_Avg(4),DiffVolt_Avg(5),DiffVolt_Avg(6),DiffVolt_Avg(7),DiffVolt_Avg(8)
TS,RN,mV,mV,mV,mV,mV,mV,mV,mV
,,Avg,Avg,Avg,Avg,Avg,Avg,Avg,Avg
5/9/2018 13:30,0,0.006,0.009,0.011,0.017,-0.004,0.015,NAN,NAN
5/10/2018 11:30,1,0.24,0.212,0.203,0.194,0.191,0.193,0.213,0.194
5/10/2018 12:00,2,0.467,0.405,0.395,0.415,0.382,0.368,0.449,0.445
5/10/2018 12:30,3,0.526,0.459,0.441,0.476,0.437,0.417,0.506,0.525
5/10/2018 13:00,4,0.542,0.472,0.453,0.493,0.453,0.429,0.52,0.55
5/10/2018 13:30,5,0.535,0.465,0.447,0.482,0.441,0.415,0.515,0.556
5/10/2018 14:00,6,0.535,0.462,0.446,0.48,0.433,0.411,0.501,0.557
5/10/2018 14:30,7,0.537,0.461,0.448,0.481,0.427,0.415,0.496,0.554
5/10/2018 15:00,8,0.544,0.464,0.458,0.488,0.432,0.421,0.499,0.554
5/10/2018 15:30,9,0.549,0.467,0.463,0.488,0.419,0.424,0.479,0.552
5/10/2018 16:00,10,0.561,0.473,0.473,0.502,0.444,0.434,0.507,0.559
5/10/2018 16:30,11,0.576,0.487,0.486,0.513,0.462,0.45,0.523,0.566
5/10/2018 17:00,12,0.597,0.504,0.509,0.531,0.486,0.474,0.54,0.569
5/10/2018 17:30,13,0.61,0.517,0.523,0.54,0.499,0.488,0.551,0.571
5/10/2018 18:00,14,0.63,0.535,0.548,0.558,0.517,0.516,0.568,0.575
5/10/2018 18:30,15,0.642,0.548,0.571,0.571,0.532,0.541,0.576,0.576
5/10/2018 19:00,16,0.654,0.556,0.581,0.583,0.54,0.549,0.588,0.578
5/10/2018 19:30,17,0.66,0.558,0.58,0.586,0.544,0.546,0.593,0.579
5/10/2018 20:00,18,0.661,0.558,0.588,0.586,0.545,0.553,0.595,0.58
5/10/2018 20:30,19,0.665,0.56,0.593,0.588,0.547,0.562,0.598,0.58
5/10/2018 21:00,20,0.67,0.564,0.6,0.594,0.549,0.568,0.603,0.579
5/10/2018 21:30,21,0.675,0.567,0.606,0.598,0.552,0.57,0.609,0.579
5/10/2018 22:00,22,0.678,0.569,0.609,0.6,0.553,0.574,0.612,0.582
5/10/2018 22:30,23,0.68,0.57,0.611,0.601,0.555,0.576,0.615,0.584
5/10/2018 23:00,24,0.683,0.571,0.611,0.602,0.557,0.58,0.621,0.588
5/10/2018 23:30,25,0.684,0.572,0.613,0.602,0.558,0.58,0.621,0.588
5/11/2018 0:00,26,0.685,0.573,0.615,0.602,0.559,0.581,0.622,0.59
5/11/2018 0:30,27,0.686,0.573,0.617,0.603,0.56,0.583,0.624,0.592
5/11/2018 1:00,28,0.686,0.574,0.619,0.603,0.561,0.585,0.627,0.594
5/11/2018 1:30,29,0.687,0.574,0.619,0.603,0.562,0.583,0.628,0.595
5/11/2018 2:00,30,0.687,0.574,0.62,0.602,0.563,0.582,0.628,0.595
5/11/2018 2:30,31,0.688,0.574,0.621,0.602,0.563,0.582,0.629,0.596
5/11/2018 3:00,32,0.688,0.574,0.622,0.603,0.564,0.582,0.629,0.596
5/11/2018 3:30,33,0.689,0.574,0.623,0.603,0.564,0.582,0.629,0.596
5/11/2018 4:00,34,0.689,0.574,0.623,0.603,0.564,0.581,0.629,0.597
5/11/2018 4:30,35,0.689,0.574,0.623,0.602,0.564,0.58,0.629,0.597
5/11/2018 5:00,36,0.69,0.575,0.625,0.602,0.565,0.579,0.63,0.598
5/11/2018 5:30,37,0.69,0.575,0.626,0.602,0.565,0.578,0.631,0.598
5/11/2018 6:00,38,0.69,0.575,0.626,0.602,0.566,0.577,0.63,0.598
5/11/2018 6:30,39,0.69,0.576,0.625,0.602,0.566,0.576,0.63,0.599
5/11/2018 7:00,40,0.69,0.576,0.615,0.602,0.566,0.575,0.63,0.6
5/11/2018 7:30,41,0.685,0.575,0.581,0.597,0.564,0.559,0.628,0.599
5/11/2018 8:00,42,0.665,0.565,0.54,0.575,0.555,0.522,0.62,0.597
5/11/2018 8:30,43,0.633,0.543,0.517,0.548,0.53,0.491,0.602,0.595
5/11/2018 9:00,44,0.609,0.519,0.501,0.529,0.494,0.474,0.58,0.593
5/11/2018 9:30,45,0.596,0.505,0.497,0.522,0.473,0.465,0.56,0.589
5/11/2018 10:00,46,0.586,0.495,0.493,0.515,0.46,0.458,0.537,0.582
5/11/2018 10:30,47,0.58,0.488,0.491,0.509,0.451,0.454,0.52,0.575
5/11/2018 11:00,48,0.577,0.484,0.491,0.507,0.446,0.451,0.511,0.571
5/11/2018 11:30,49,0.572,0.479,0.49,0.503,0.442,0.45,0.501,0.565
5/11/2018 12:00,50,0.569,0.476,0.489,0.501,0.44,0.448,0.494,0.557
5/11/2018 12:30,51,0.575,0.48,0.495,0.512,0.447,0.453,0.505,0.56
5/11/2018 13:00,52,0.57,0.476,0.493,0.507,0.44,0.449,0.499,0.557
5/11/2018 13:30,53,0.567,0.473,0.489,0.504,0.437,0.448,0.496,0.555
5/11/2018 14:00,54,0.568,0.473,0.49,0.506,0.437,0.448,0.497,0.552
5/11/2018 14:30,55,0.566,0.472,0.489,0.505,0.437,0.448,0.494,0.549
5/11/2018 15:00,56,0.569,0.474,0.492,0.508,0.439,0.449,0.505,0.553
5/11/2018 15:30,57,0.567,0.473,0.49,0.506,0.439,0.449,0.5,0.55
5/11/2018 16:00,58,0.57,0.475,0.493,0.51,0.442,0.45,0.505,0.552
5/11/2018 16:30,59,0.573,0.478,0.495,0.513,0.446,0.452,0.505,0.551
5/11/2018 17:00,60,0.581,0.484,0.503,0.52,0.455,0.457,0.519,0.558
5/11/2018 17:30,61,0.59,0.492,0.513,0.528,0.471,0.464,0.528,0.564
5/11/2018 18:00,62,0.593,0.496,0.518,0.528,0.478,0.468,0.535,0.567
5/11/2018 18:30,63,0.605,0.509,0.53,0.535,0.492,0.482,0.544,0.572
5/11/2018 19:00,64,0.626,0.534,0.55,0.555,0.516,0.503,0.563,0.578
5/11/2018 19:30,65,0.643,0.55,0.566,0.565,0.532,0.521,0.576,0.581
5/11/2018 20:00,66,0.663,0.561,0.597,0.586,0.544,0.553,0.591,0.583
5/11/2018 20:30,67,0.677,0.57,0.616,0.601,0.551,0.573,0.603,0.586
5/11/2018 21:00,68,0.684,0.574,0.625,0.607,0.555,0.582,0.613,0.587
5/11/2018 21:30,69,0.689,0.577,0.629,0.609,0.559,0.588,0.619,0.591
5/11/2018 22:00,70,0.691,0.579,0.632,0.61,0.562,0.592,0.624,0.595
5/11/2018 22:30,71,0.693,0.58,0.634,0.611,0.563,0.593,0.626,0.598
5/11/2018 23:00,72,0.695,0.581,0.636,0.611,0.565,0.595,0.629,0.6
5/11/2018 23:30,73,0.696,0.582,0.637,0.61,0.566,0.598,0.63,0.602
5/12/2018 0:00,74,0.697,0.582,0.638,0.611,0.566,0.596,0.63,0.6
5/12/2018 0:30,75,0.698,0.582,0.638,0.61,0.567,0.601,0.631,0.603
5/12/2018 1:00,76,0.699,0.583,0.64,0.612,0.567,0.603,0.634,0.603
5/12/2018 1:30,77,0.699,0.581,0.64,0.61,0.567,0.604,0.633,0.601
5/12/2018 2:00,78,0.699,0.58,0.639,0.609,0.565,0.604,0.632,0.601
5/12/2018 2:30,79,0.699,0.58,0.639,0.608,0.565,0.604,0.633,0.599
5/12/2018 3:00,80,0.699,0.579,0.637,0.606,0.563,0.603,0.631,0.598
5/12/2018 3:30,81,0.699,0.578,0.636,0.604,0.562,0.602,0.628,0.596
5/12/2018 4:00,82,0.699,0.578,0.637,0.604,0.562,0.603,0.631,0.597
5/12/2018 4:30,83,0.699,0.579,0.64,0.61,0.563,0.604,0.636,0.598
5/12/2018 5:00,84,0.699,0.579,0.64,0.608,0.564,0.604,0.633,0.598
5/12/2018 5:30,85,0.697,0.578,0.64,0.608,0.563,0.604,0.63,0.598
5/12/2018 6:00,86,0.697,0.579,0.64,0.608,0.564,0.603,0.632,0.597
5/12/2018 6:30,87,0.698,0.579,0.641,0.609,0.565,0.603,0.635,0.599
5/12/2018 7:00,88,0.689,0.573,0.632,0.601,0.562,0.602,0.616,0.596
5/12/2018 7:30,89,0.681,0.571,0.602,0.594,0.558,0.591,0.604,0.593
5/12/2018 8:00,90,0.662,0.562,0.561,0.578,0.55,0.56,0.594,0.588
5/12/2018 8:30,91,0.642,0.551,0.542,0.56,0.538,0.532,0.586,0.587
5/12/2018 9:00,92,0.625,0.534,0.527,0.542,0.518,0.507,0.575,0.587
5/12/2018 9:30,93,0.62,0.526,0.521,0.537,0.504,0.497,0.563,0.587
5/12/2018 10:00,94,0.62,0.525,0.523,0.54,0.502,0.497,0.554,0.589
5/12/2018 10:30,95,0.611,0.512,0.514,0.531,0.492,0.483,0.546,0.588
5/12/2018 11:00,96,0.599,0.501,0.505,0.517,0.478,0.469,0.536,0.584
5/12/2018 11:30,97,0.589,0.491,0.5,0.511,0.467,0.462,0.523,0.58
5/12/2018 12:00,98,0.587,0.489,0.504,0.516,0.462,0.465,0.519,0.579
5/12/2018 12:30,99,0.589,0.491,0.504,0.52,0.464,0.468,0.51,0.574
5/12/2018 13:00,100,0.586,0.488,0.504,0.518,0.464,0.466,0.507,0.573
5/12/2018 13:30,101,0.579,0.481,0.501,0.512,0.455,0.459,0.508,0.572
5/12/2018 14:00,102,0.583,0.482,0.503,0.516,0.458,0.463,0.513,0.573
5/12/2018 14:30,103,0.58,0.48,0.501,0.516,0.455,0.458,0.512,0.574
5/12/2018 15:00,104,0.578,0.479,0.501,0.513,0.449,0.456,0.515,0.575
5/12/2018 15:30,105,0.578,0.48,0.502,0.515,0.451,0.457,0.518,0.575
5/12/2018 16:00,106,0.582,0.482,0.506,0.518,0.453,0.459,0.523,0.577
5/12/2018 16:30,107,0.583,0.483,0.508,0.52,0.453,0.461,0.527,0.576
5/12/2018 17:00,108,0.582,0.485,0.507,0.517,0.453,0.46,0.529,0.577
5/12/2018 17:30,109,0.592,0.493,0.517,0.525,0.469,0.469,0.541,0.578
5/12/2018 18:00,110,0.607,0.507,0.531,0.537,0.491,0.483,0.552,0.58
5/12/2018 18:30,111,0.614,0.516,0.539,0.54,0.499,0.49,0.56,0.579
5/12/2018 19:00,112,0.631,0.531,0.561,0.557,0.516,0.517,0.569,0.577
5/12/2018 19:30,113,0.653,0.55,0.591,0.58,0.533,0.548,0.582,0.578
5/12/2018 20:00,114,0.672,0.565,0.613,0.598,0.545,0.572,0.597,0.581
5/12/2018 20:30,115,0.682,0.572,0.623,0.606,0.551,0.586,0.607,0.585
5/12/2018 21:00,116,0.675,0.567,0.612,0.594,0.55,0.584,0.587,0.571
5/12/2018 21:30,117,0.67,0.566,0.594,0.528,0.551,0.577,0.524,0.551
5/12/2018 22:00,118,0.654,0.567,0.591,0.463,0.554,0.58,0.537,0.533
5/12/2018 22:30,119,0.665,0.575,0.6,0.514,0.558,0.586,0.574,0.551
5/12/2018 23:00,120,0.671,0.576,0.599,0.527,0.559,0.588,0.582,0.552
5/12/2018 23:30,121,0.676,0.578,0.603,0.54,0.561,0.591,0.588,0.56
5/14/2018 0:00,170,0.655,0.572,0.608,0.526,0.564,0.599,0.581,0.544
5/14/2018 0:30,171,0.663,0.571,0.612,0.548,0.564,0.597,0.591,0.554
5/14/2018 1:00,172,0.67,0.573,0.617,0.559,0.563,0.597,0.601,0.563
5/14/2018 1:30,173,0.663,0.573,0.62,0.565,0.563,0.597,0.602,0.567
5/14/2018 2:00,174,0.623,0.574,0.622,0.568,0.562,0.597,0.603,0.569
5/14/2018 2:30,175,0.616,0.574,0.623,0.57,0.562,0.598,0.603,0.572
5/14/2018 3:00,176,0.613,0.572,0.622,0.57,0.56,0.599,0.6,0.572
5/14/2018 3:30,177,0.606,0.567,0.621,0.566,0.558,0.599,0.592,0.568
5/14/2018 4:00,178,0.608,0.57,0.623,0.569,0.558,0.599,0.599,0.568
5/14/2018 4:30,179,0.61,0.571,0.624,0.573,0.559,0.599,0.602,0.57
5/14/2018 5:00,180,0.61,0.573,0.626,0.576,0.559,0.599,0.606,0.571
5/14/2018 5:30,181,0.61,0.573,0.625,0.576,0.559,0.598,0.603,0.571
5/14/2018 6:00,182,0.609,0.573,0.624,0.573,0.558,0.598,0.6,0.571
5/14/2018 6:30,183,0.608,0.571,0.624,0.572,0.557,0.598,0.601,0.571
5/14/2018 7:00,184,0.608,0.571,0.622,0.572,0.556,0.599,0.603,0.571
5/14/2018 7:30,185,0.606,0.568,0.62,0.571,0.556,0.599,0.598,0.569
5/14/2018 8:00,186,0.606,0.568,0.62,0.572,0.557,0.6,0.599,0.568
5/14/2018 8:30,187,0.608,0.57,0.62,0.572,0.557,0.6,0.602,0.569
5/14/2018 9:00,188,0.609,0.572,0.621,0.574,0.557,0.601,0.602,0.569
5/14/2018 9:30,189,0.609,0.573,0.618,0.575,0.557,0.602,0.598,0.568
5/14/2018 10:00,190,0.608,0.573,0.615,0.574,0.556,0.601,0.594,0.566
5/14/2018 10:30,191,0.609,0.574,0.606,0.57,0.555,0.597,0.591,0.559
5/14/2018 11:00,192,0.61,0.577,0.603,0.575,0.557,0.593,0.598,0.564
5/14/2018 11:30,193,0.604,0.574,0.592,0.57,0.556,0.583,0.591,0.564
5/14/2018 12:00,194,0.601,0.575,0.581,0.569,0.554,0.568,0.591,0.563
5/14/2018 12:30,195,0.6,0.576,0.583,0.569,0.556,0.572,0.59,0.564
5/14/2018 13:00,196,0.597,0.574,0.576,0.566,0.554,0.562,0.587,0.564
5/14/2018 13:30,197,0.588,0.571,0.566,0.559,0.548,0.55,0.577,0.562
5/14/2018 14:00,198,0.587,0.571,0.565,0.56,0.546,0.546,0.576,0.565
5/14/2018 14:30,199,0.576,0.561,0.552,0.549,0.536,0.529,0.561,0.563
5/14/2018 15:00,200,0.565,0.552,0.54,0.54,0.525,0.512,0.553,0.564
5/14/2018 15:30,201,0.557,0.543,0.531,0.532,0.516,0.501,0.54,0.562
5/14/2018 16:00,202,0.547,0.532,0.523,0.524,0.505,0.485,0.53,0.56
5/14/2018 16:30,203,0.535,0.52,0.516,0.514,0.491,0.478,0.524,0.559
5/14/2018 17:00,204,0.53,0.517,0.514,0.51,0.488,0.477,0.526,0.561
5/14/2018 17:30,205,0.54,0.526,0.523,0.518,0.501,0.489,0.531,0.56
5/14/2018 18:00,206,0.555,0.543,0.54,0.532,0.516,0.514,0.549,0.567
5/14/2018 18:30,207,0.574,0.56,0.565,0.548,0.532,0.545,0.566,0.57
5/14/2018 19:00,208,0.59,0.571,0.589,0.564,0.543,0.57,0.578,0.569
5/14/2018 19:30,209,0.599,0.576,0.604,0.57,0.55,0.588,0.586,0.57
5/14/2018 20:00,210,0.602,0.576,0.611,0.572,0.551,0.592,0.584,0.567
5/14/2018 20:30,211,0.574,0.573,0.605,0.552,0.55,0.593,0.54,0.537
5/14/2018 21:00,212,0.542,0.568,0.602,0.476,0.55,0.589,0.547,0.517
5/14/2018 21:30,213,0.549,0.566,0.603,0.49,0.55,0.59,0.577,0.531
5/14/2018 22:00,214,0.552,0.564,0.602,0.525,0.549,0.587,0.573,0.533
5/14/2018 22:30,215,0.544,0.561,0.599,0.507,0.548,0.588,0.573,0.532
5/14/2018 23:00,216,0.549,0.56,0.6,0.514,0.546,0.585,0.574,0.532
5/14/2018 23:30,217,0.558,0.564,0.603,0.528,0.546,0.588,0.578,0.544
5/15/2018 0:00,218,0.569,0.566,0.607,0.54,0.547,0.587,0.581,0.548
5/15/2018 0:30,219,0.575,0.567,0.609,0.546,0.547,0.586,0.582,0.55
5/15/2018 1:00,220,0.58,0.567,0.612,0.549,0.547,0.585,0.584,0.552
5/15/2018 1:30,221,0.582,0.568,0.615,0.551,0.548,0.589,0.586,0.555
5/15/2018 2:00,222,0.584,0.569,0.617,0.551,0.548,0.592,0.59,0.559
5/15/2018 2:30,223,0.586,0.57,0.619,0.552,0.533,0.593,0.592,0.56
5/15/2018 3:00,224,0.588,0.571,0.62,0.554,0.528,0.59,0.589,0.557
5/15/2018 3:30,225,0.589,0.571,0.619,0.554,0.526,0.592,0.586,0.558
5/15/2018 4:00,226,0.59,0.57,0.621,0.556,0.525,0.591,0.587,0.557
5/15/2018 4:30,227,0.59,0.57,0.619,0.555,0.526,0.594,0.586,0.559
5/15/2018 5:00,228,0.592,0.571,0.62,0.556,0.526,0.597,0.591,0.563
5/15/2018 5:30,229,0.594,0.571,0.621,0.559,0.527,0.596,0.593,0.563
5/15/2018 6:00,230,0.594,0.572,0.621,0.56,0.527,0.594,0.589,0.562
5/15/2018 6:30,231,0.595,0.571,0.613,0.56,0.526,0.591,0.581,0.556
5/15/2018 7:00,232,0.595,0.567,0.588,0.559,0.525,0.586,0.58,0.554
5/15/2018 7:30,233,0.585,0.56,0.556,0.546,0.523,0.569,0.572,0.551
5/15/2018 8:00,234,0.568,0.553,0.544,0.531,0.516,0.553,0.561,0.551
5/15/2018 8:30,235,0.556,0.545,0.537,0.523,0.506,0.538,0.553,0.552
5/15/2018 9:00,236,0.534,0.526,0.517,0.505,0.486,0.508,0.532,0.55
5/15/2018 9:30,237,0.519,0.51,0.507,0.495,0.463,0.485,0.515,0.546
5/15/2018 10:00,238,0.513,0.503,0.503,0.49,0.453,0.479,0.505,0.547
5/15/2018 10:30,239,0.504,0.495,0.498,0.482,0.441,0.469,0.496,0.549
5/15/2018 11:00,240,0.508,0.497,0.502,0.487,0.445,0.471,0.495,0.547
5/15/2018 11:30,241,0.499,0.488,0.494,0.478,0.438,0.463,0.489,0.549
5/15/2018 12:00,242,0.493,0.482,0.492,0.475,0.427,0.458,0.483,0.544
5/15/2018 12:30,243,0.492,0.479,0.49,0.474,0.422,0.455,0.482,0.542
5/15/2018 13:00,244,0.49,0.479,0.492,0.474,0.421,0.455,0.482,0.544
5/15/2018 13:30,245,0.489,0.478,0.49,0.473,0.421,0.454,0.482,0.544
5/15/2018 14:00,246,0.492,0.479,0.49,0.475,0.425,0.455,0.485,0.544
5/15/2018 14:30,247,0.494,0.48,0.491,0.476,0.432,0.455,0.49,0.547
5/15/2018 15:00,248,0.492,0.477,0.49,0.475,0.426,0.452,0.493,0.548
5/15/2018 15:30,249,0.492,0.476,0.488,0.474,0.425,0.452,0.494,0.548
5/15/2018 16:00,250,0.492,0.476,0.488,0.473,0.425,0.45,0.497,0.55
5/15/2018 16:30,251,0.496,0.479,0.491,0.476,0.43,0.454,0.503,0.554
5/15/2018 17:00,252,0.501,0.482,0.496,0.48,0.44,0.456,0.513,0.555
5/15/2018 17:30,253,0.505,0.487,0.5,0.482,0.454,0.459,0.522,0.558
5/15/2018 18:00,254,0.514,0.495,0.507,0.487,0.472,0.467,0.53,0.561
5/15/2018 18:30,255,0.528,0.51,0.519,0.498,0.491,0.481,0.544,0.566
5/15/2018 19:00,256,0.549,0.531,0.535,0.517,0.511,0.5,0.557,0.569
5/15/2018 19:30,257,0.567,0.547,0.555,0.533,0.525,0.528,0.571,0.571
5/15/2018 20:00,258,0.588,0.563,0.587,0.553,0.537,0.563,0.585,0.574
5/15/2018 20:30,259,0.602,0.57,0.603,0.563,0.543,0.58,0.594,0.577
5/15/2018 21:00,260,0.598,0.566,0.6,0.553,0.545,0.582,0.587,0.573
5/15/2018 21:30,261,0.597,0.564,0.591,0.539,0.549,0.576,0.578,0.562
5/15/2018 22:00,262,0.574,0.565,0.592,0.501,0.549,0.576,0.525,0.533
5/15/2018 22:30,263,0.529,0.563,0.597,0.456,0.543,0.581,0.51,0.516
5/15/2018 23:00,264,0.528,0.561,0.598,0.455,0.544,0.585,0.532,0.518
5/15/2018 23:30,265,0.529,0.563,0.606,0.457,0.548,0.587,0.563,0.533
5/20/2018 0:00,458,0.573,0.56,0.608,0.525,0.488,0.588,0.591,0.554
5/20/2018 0:30,459,0.574,0.561,0.608,0.525,0.488,0.588,0.591,0.555
5/20/2018 1:00,460,0.575,0.561,0.608,0.525,0.488,0.587,0.591,0.555
5/20/2018 1:30,461,0.574,0.561,0.608,0.524,0.488,0.588,0.591,0.556
5/20/2018 2:00,462,0.574,0.56,0.607,0.524,0.488,0.587,0.589,0.555
5/20/2018 2:30,463,0.573,0.56,0.607,0.524,0.487,0.587,0.587,0.556
5/20/2018 3:00,464,0.573,0.56,0.607,0.525,0.486,0.588,0.589,0.556
5/20/2018 3:30,465,0.574,0.559,0.607,0.527,0.486,0.587,0.588,0.553
5/20/2018 4:00,466,0.574,0.559,0.607,0.528,0.487,0.587,0.589,0.553
5/20/2018 4:30,467,0.575,0.559,0.608,0.529,0.486,0.588,0.588,0.554
5/20/2018 5:00,468,0.575,0.56,0.607,0.529,0.486,0.589,0.588,0.555
5/20/2018 5:30,469,0.576,0.56,0.609,0.53,0.487,0.589,0.591,0.555
5/20/2018 6:00,470,0.576,0.561,0.609,0.531,0.487,0.59,0.591,0.556
5/20/2018 6:30,471,0.576,0.562,0.609,0.532,0.487,0.59,0.591,0.556
5/20/2018 7:00,472,0.577,0.563,0.605,0.532,0.488,0.591,0.59,0.556
5/20/2018 7:30,473,0.577,0.564,0.594,0.532,0.488,0.589,0.59,0.555
5/20/2018 8:00,474,0.576,0.564,0.575,0.527,0.488,0.58,0.587,0.554
5/20/2018 8:30,475,0.559,0.556,0.536,0.509,0.484,0.538,0.576,0.55
5/20/2018 9:00,476,0.526,0.535,0.511,0.489,0.476,0.498,0.559,0.549
5/20/2018 9:30,477,0.505,0.514,0.499,0.478,0.454,0.474,0.539,0.546
5/20/2018 10:00,478,0.493,0.499,0.491,0.471,0.43,0.461,0.517,0.543
5/20/2018 10:30,479,0.489,0.493,0.488,0.469,0.422,0.46,0.506,0.544
5/20/2018 11:00,480,0.486,0.489,0.486,0.466,0.418,0.455,0.496,0.545
5/20/2018 11:30,481,0.482,0.484,0.483,0.464,0.41,0.451,0.487,0.539
5/20/2018 12:00,482,0.482,0.481,0.483,0.465,0.408,0.451,0.485,0.539
5/20/2018 12:30,483,0.48,0.48,0.482,0.465,0.406,0.449,0.485,0.539
5/20/2018 13:00,484,0.48,0.478,0.481,0.464,0.406,0.447,0.487,0.538
5/20/2018 13:30,485,0.48,0.478,0.481,0.466,0.406,0.447,0.49,0.537
5/20/2018 14:00,486,0.483,0.478,0.482,0.472,0.41,0.448,0.493,0.539
5/20/2018 14:30,487,0.486,0.481,0.484,0.474,0.415,0.45,0.501,0.542
5/20/2018 15:00,488,0.487,0.483,0.483,0.474,0.422,0.45,0.508,0.55
5/20/2018 15:30,489,0.487,0.483,0.486,0.477,0.421,0.449,0.512,0.552
5/20/2018 16:00,490,0.483,0.479,0.481,0.472,0.415,0.446,0.507,0.553
5/20/2018 16:30,491,0.482,0.48,0.483,0.473,0.413,0.445,0.511,0.555
5/20/2018 17:00,492,0.483,0.481,0.485,0.474,0.418,0.446,0.517,0.558
5/20/2018 17:30,493,0.483,0.482,0.486,0.474,0.419,0.446,0.52,0.561
5/20/2018 18:00,494,0.489,0.488,0.492,0.479,0.437,0.449,0.532,0.564
5/20/2018 18:30,495,0.494,0.497,0.497,0.485,0.45,0.452,0.542,0.564
5/20/2018 19:00,496,0.522,0.522,0.523,0.513,0.475,0.481,0.562,0.566
5/20/2018 19:30,497,0.548,0.541,0.546,0.536,0.492,0.512,0.58,0.564
5/20/2018 20:00,498,0.565,0.557,0.571,0.55,0.503,0.54,0.596,0.567
5/20/2018 20:30,499,0.576,0.565,0.585,0.557,0.51,0.556,0.608,0.571
5/20/2018 21:00,500,0.58,0.568,0.597,0.56,0.514,0.571,0.611,0.574
5/20/2018 21:30,501,0.584,0.57,0.604,0.563,0.517,0.578,0.616,0.575
5/20/2018 22:00,502,0.589,0.57,0.608,0.562,0.519,0.583,0.618,0.577
5/20/2018 22:30,503,0.595,0.571,0.612,0.564,0.521,0.586,0.622,0.578
5/20/2018 23:00,504,0.597,0.573,0.615,0.564,0.524,0.59,0.627,0.583
5/20/2018 23:30,505,0.598,0.573,0.617,0.564,0.526,0.591,0.63,0.585
5/21/2018 0:00,506,0.599,0.574,0.618,0.564,0.528,0.593,0.63,0.587
5/21/2018 0:30,507,0.6,0.575,0.62,0.564,0.529,0.593,0.632,0.588
5/21/2018 1:00,508,0.6,0.575,0.62,0.564,0.531,0.594,0.632,0.588
5/21/2018 1:30,509,0.6,0.575,0.621,0.564,0.533,0.594,0.635,0.59
5/21/2018 2:00,510,0.6,0.574,0.618,0.559,0.535,0.594,0.63,0.591
5/21/2018 2:30,511,0.599,0.573,0.614,0.556,0.535,0.595,0.626,0.59
5/21/2018 3:00,512,0.585,0.569,0.607,0.545,0.537,0.591,0.608,0.582
5/21/2018 3:30,513,0.581,0.567,0.604,0.54,0.538,0.59,0.603,0.578
5/21/2018 4:00,514,0.581,0.565,0.607,0.541,0.539,0.592,0.605,0.579
5/21/2018 4:30,515,0.587,0.567,0.606,0.545,0.541,0.592,0.603,0.578
5/21/2018 5:00,516,0.596,0.568,0.613,0.553,0.542,0.597,0.615,0.585
5/21/2018 5:30,517,0.608,0.574,0.616,0.563,0.545,0.6,0.624,0.589
5/21/2018 6:00,518,0.61,0.574,0.611,0.563,0.546,0.597,0.616,0.586
5/21/2018 6:30,519,0.607,0.572,0.596,0.561,0.547,0.595,0.615,0.586
5/21/2018 7:00,520,0.606,0.57,0.558,0.556,0.545,0.578,0.614,0.585
5/21/2018 7:30,521,0.583,0.56,0.526,0.535,0.539,0.536,0.605,0.581
5/21/2018 8:00,522,0.558,0.541,0.51,0.52,0.527,0.503,0.597,0.579
5/21/2018 8:30,523,0.55,0.528,0.503,0.515,0.517,0.488,0.587,0.576
5/21/2018 9:00,524,0.542,0.514,0.494,0.507,0.505,0.472,0.573,0.573
5/21/2018 9:30,525,0.539,0.505,0.491,0.504,0.492,0.464,0.557,0.573
5/21/2018 10:00,526,0.537,0.498,0.487,0.501,0.481,0.457,0.539,0.571
5/21/2018 10:30,527,0.539,0.493,0.485,0.5,0.471,0.453,0.529,0.569
5/21/2018 11:00,528,0.543,0.488,0.488,0.503,0.467,0.453,0.527,0.572
5/21/2018 11:30,529,0.545,0.484,0.486,0.503,0.466,0.451,0.519,0.569
5/21/2018 12:00,530,0.547,0.481,0.486,0.501,0.463,0.449,0.514,0.569
5/21/2018 12:30,531,0.55,0.481,0.486,0.502,0.461,0.447,0.51,0.57
5/21/2018 13:00,532,0.553,0.482,0.483,0.505,0.459,0.445,0.505,0.567
5/21/2018 13:30,533,0.556,0.479,0.482,0.505,0.457,0.444,0.504,0.565
5/21/2018 14:00,534,0.559,0.48,0.482,0.507,0.456,0.444,0.506,0.566
5/21/2018 14:30,535,0.563,0.48,0.485,0.51,0.457,0.445,0.512,0.57
5/21/2018 15:00,536,0.567,0.481,0.483,0.513,0.458,0.445,0.513,0.571
5/21/2018 15:30,537,0.568,0.481,0.485,0.514,0.459,0.444,0.515,0.572
5/21/2018 16:00,538,0.571,0.482,0.485,0.515,0.46,0.444,0.517,0.572
5/21/2018 16:30,539,0.576,0.487,0.49,0.52,0.462,0.446,0.525,0.576
5/21/2018 17:00,540,0.582,0.491,0.494,0.524,0.467,0.449,0.539,0.582
5/21/2018 17:30,541,0.587,0.496,0.498,0.527,0.476,0.452,0.549,0.585
5/21/2018 18:00,542,0.597,0.505,0.507,0.535,0.489,0.459,0.562,0.587
5/21/2018 18:30,543,0.61,0.522,0.515,0.544,0.503,0.471,0.574,0.591
5/21/2018 19:00,544,0.624,0.542,0.529,0.555,0.518,0.483,0.588,0.593
5/21/2018 19:30,545,0.643,0.558,0.547,0.569,0.531,0.502,0.597,0.592
5/21/2018 20:00,546,0.664,0.569,0.57,0.584,0.542,0.537,0.607,0.592
5/21/2018 20:30,547,0.679,0.577,0.591,0.598,0.55,0.567,0.62,0.593
5/21/2018 21:00,548,0.688,0.58,0.601,0.604,0.554,0.581,0.627,0.595
5/21/2018 21:30,549,0.694,0.581,0.605,0.605,0.556,0.588,0.63,0.597
5/21/2018 22:00,550,0.697,0.581,0.607,0.605,0.556,0.592,0.633,0.598
5/21/2018 22:30,551,0.699,0.582,0.61,0.607,0.558,0.594,0.636,0.599
5/21/2018 23:00,552,0.7,0.583,0.612,0.608,0.559,0.595,0.638,0.599
5/21/2018 23:30,553,0.701,0.583,0.613,0.61,0.56,0.596,0.64,0.6
5/22/2018 0:00,554,0.702,0.584,0.616,0.609,0.561,0.595,0.64,0.602
5/22/2018 0:30,555,0.703,0.585,0.617,0.609,0.562,0.595,0.641,0.604
5/22/2018 1:00,556,0.703,0.585,0.618,0.609,0.563,0.596,0.642,0.606
5/22/2018 1:30,557,0.704,0.586,0.618,0.609,0.564,0.596,0.642,0.607
5/22/2018 2:00,558,0.704,0.586,0.619,0.609,0.565,0.597,0.643,0.607
5/22/2018 2:30,559,0.705,0.586,0.62,0.61,0.565,0.597,0.643,0.607
5/22/2018 3:00,560,0.705,0.586,0.621,0.61,0.565,0.598,0.644,0.607
5/22/2018 3:30,561,0.705,0.585,0.621,0.611,0.564,0.597,0.643,0.607
5/22/2018 4:00,562,0.705,0.585,0.621,0.611,0.563,0.597,0.643,0.606
5/22/2018 4:30,563,0.704,0.585,0.621,0.609,0.563,0.598,0.644,0.607
5/22/2018 5:00,564,0.705,0.584,0.621,0.61,0.563,0.597,0.643,0.605
5/22/2018 5:30,565,0.704,0.584,0.621,0.607,0.563,0.596,0.642,0.605
5/22/2018 6:00,566,0.703,0.584,0.621,0.606,0.562,0.595,0.642,0.606
5/22/2018 6:30,567,0.703,0.584,0.62,0.606,0.562,0.593,0.641,0.606
5/22/2018 7:00,568,0.703,0.585,0.618,0.607,0.562,0.597,0.643,0.606
5/22/2018 7:30,569,0.702,0.585,0.613,0.607,0.562,0.597,0.643,0.605
5/22/2018 8:00,570,0.701,0.585,0.605,0.607,0.561,0.593,0.643,0.604
5/22/2018 8:30,571,0.698,0.585,0.595,0.605,0.561,0.589,0.642,0.603
5/22/2018 9:00,572,0.688,0.581,0.573,0.596,0.557,0.57,0.638,0.601
5/22/2018 9:30,573,0.669,0.569,0.546,0.58,0.548,0.538,0.627,0.598
5/22/2018 10:00,574,0.644,0.551,0.525,0.562,0.532,0.506,0.61,0.596
5/22/2018 10:30,575,0.65,0.557,0.542,0.568,0.533,0.524,0.607,0.595
5/22/2018 11:00,576,0.668,0.57,0.564,0.581,0.547,0.55,0.618,0.596
5/22/2018 11:30,577,0.668,0.57,0.559,0.582,0.548,0.543,0.622,0.597
5/22/2018 12:00,578,0.666,0.571,0.559,0.582,0.549,0.542,0.624,0.596
5/22/2018 12:30,579,0.674,0.576,0.577,0.587,0.552,0.563,0.624,0.595
5/22/2018 13:00,580,0.682,0.578,0.587,0.593,0.554,0.572,0.63,0.595
5/22/2018 13:30,581,0.679,0.576,0.581,0.591,0.552,0.563,0.632,0.595
5/22/2018 14:00,582,0.658,0.563,0.549,0.574,0.544,0.522,0.625,0.593
5/22/2018 14:30,583,0.633,0.544,0.528,0.556,0.527,0.497,0.612,0.592
5/22/2018 15:00,584,0.627,0.539,0.525,0.553,0.518,0.493,0.599,0.593
5/22/2018 15:30,585,0.618,0.527,0.516,0.545,0.505,0.483,0.581,0.59
5/22/2018 16:00,586,0.596,0.508,0.5,0.529,0.487,0.462,0.555,0.585
5/22/2018 16:30,587,0.592,0.501,0.498,0.526,0.477,0.459,0.546,0.582
5/22/2018 17:00,588,0.598,0.504,0.505,0.529,0.482,0.467,0.553,0.587
5/22/2018 17:30,589,0.636,0.538,0.54,0.558,0.515,0.52,0.573,0.588
5/22/2018 18:00,590,0.668,0.565,0.58,0.582,0.538,0.562,0.596,0.587
5/22/2018 18:30,591,0.683,0.575,0.601,0.594,0.548,0.579,0.615,0.591
5/22/2018 19:00,592,0.691,0.579,0.611,0.6,0.552,0.589,0.627,0.595
5/22/2018 19:30,593,0.694,0.58,0.614,0.601,0.554,0.594,0.633,0.598
5/22/2018 20:00,594,0.695,0.579,0.615,0.599,0.555,0.595,0.632,0.597
5/22/2018 20:30,595,0.695,0.579,0.617,0.599,0.555,0.592,0.633,0.595
5/22/2018 21:00,596,0.695,0.579,0.617,0.598,0.555,0.591,0.633,0.595
5/22/2018 21:30,597,0.696,0.579,0.618,0.595,0.555,0.591,0.634,0.597
5/22/2018 22:00,598,0.697,0.578,0.618,0.592,0.555,0.592,0.636,0.597
5/22/2018 22:30,599,0.696,0.578,0.618,0.591,0.556,0.59,0.635,0.596
5/22/2018 23:00,600,0.697,0.578,0.618,0.59,0.556,0.591,0.637,0.598
5/22/2018 23:30,601,0.696,0.578,0.618,0.59,0.555,0.589,0.635,0.597
5/23/2018 0:00,602,0.696,0.578,0.618,0.589,0.555,0.589,0.635,0.597
5/23/2018 0:30,603,0.695,0.578,0.616,0.587,0.554,0.591,0.634,0.598
5/23/2018 1:00,604,0.695,0.578,0.617,0.587,0.554,0.592,0.636,0.599
5/23/2018 1:30,605,0.694,0.578,0.617,0.581,0.553,0.59,0.634,0.598
5/23/2018 2:00,606,0.693,0.577,0.615,0.574,0.552,0.59,0.631,0.597
5/23/2018 2:30,607,0.692,0.575,0.614,0.571,0.551,0.59,0.627,0.596
5/23/2018 3:00,608,0.692,0.576,0.615,0.571,0.551,0.591,0.632,0.597
5/23/2018 3:30,609,0.692,0.576,0.616,0.569,0.551,0.591,0.633,0.596
5/23/2018 4:00,610,0.692,0.576,0.617,0.569,0.55,0.591,0.635,0.597
5/23/2018 4:30,611,0.692,0.576,0.616,0.567,0.55,0.589,0.634,0.597
5/23/2018 5:00,612,0.692,0.576,0.617,0.567,0.549,0.59,0.634,0.597
5/23/2018 5:30,613,0.692,0.576,0.618,0.567,0.549,0.59,0.637,0.597
5/23/2018 6:00,614,0.691,0.576,0.618,0.566,0.549,0.59,0.637,0.598
5/23/2018 6:30,615,0.692,0.576,0.618,0.565,0.549,0.589,0.637,0.598
5/23/2018 7:00,616,0.692,0.576,0.618,0.564,0.549,0.589,0.638,0.599
5/23/2018 7:30,617,0.692,0.576,0.618,0.564,0.549,0.589,0.636,0.597
5/23/2018 8:00,618,0.69,0.577,0.605,0.563,0.546,0.585,0.629,0.592
5/23/2018 8:30,619,0.674,0.574,0.561,0.55,0.543,0.55,0.624,0.591
5/23/2018 9:00,620,0.635,0.552,0.52,0.519,0.536,0.499,0.619,0.589
5/23/2018 9:30,621,0.603,0.523,0.5,0.503,0.515,0.468,0.594,0.587
5/23/2018 10:00,622,0.585,0.501,0.487,0.489,0.48,0.454,0.555,0.582
5/23/2018 10:30,623,0.575,0.489,0.479,0.481,0.459,0.446,0.527,0.575
5/23/2018 11:00,624,0.576,0.487,0.48,0.485,0.454,0.445,0.516,0.575
5/23/2018 11:30,625,0.577,0.484,0.477,0.486,0.456,0.444,0.507,0.569
5/23/2018 12:00,626,0.576,0.483,0.48,0.489,0.454,0.442,0.504,0.569
5/23/2018 12:30,627,0.58,0.486,0.484,0.497,0.456,0.445,0.506,0.571
5/23/2018 13:00,628,0.588,0.491,0.49,0.507,0.466,0.451,0.512,0.574
5/23/2018 13:30,629,0.585,0.487,0.484,0.504,0.465,0.446,0.507,0.569
5/23/2018 14:00,630,0.578,0.481,0.479,0.498,0.452,0.44,0.502,0.564
5/23/2018 14:30,631,0.576,0.479,0.477,0.498,0.45,0.438,0.502,0.563
5/23/2018 15:00,632,0.577,0.48,0.478,0.499,0.452,0.439,0.502,0.563
5/23/2018 15:30,633,0.574,0.477,0.475,0.496,0.45,0.437,0.499,0.56
5/23/2018 16:00,634,0.577,0.478,0.477,0.499,0.451,0.437,0.504,0.561
5/23/2018 16:30,635,0.584,0.483,0.483,0.507,0.46,0.442,0.515,0.566
5/23/2018 17:00,636,0.587,0.487,0.488,0.511,0.467,0.442,0.523,0.57
5/23/2018 17:30,637,0.587,0.488,0.488,0.509,0.471,0.443,0.526,0.567
5/23/2018 18:00,638,0.597,0.495,0.494,0.518,0.491,0.447,0.531,0.564
5/23/2018 18:30,639,0.603,0.508,0.504,0.522,0.499,0.449,0.546,0.569
5/23/2018 19:00,640,0.621,0.531,0.521,0.537,0.517,0.461,0.561,0.575
5/23/2018 19:30,641,0.643,0.551,0.539,0.553,0.535,0.482,0.581,0.585
5/23/2018 20:00,642,0.666,0.565,0.561,0.572,0.546,0.513,0.598,0.589
5/23/2018 20:30,643,0.684,0.575,0.585,0.59,0.553,0.548,0.615,0.591
5/23/2018 21:00,644,0.694,0.579,0.599,0.598,0.557,0.57,0.625,0.594
5/23/2018 21:30,645,0.699,0.581,0.607,0.601,0.561,0.579,0.631,0.597
5/23/2018 22:00,646,0.701,0.582,0.61,0.602,0.563,0.583,0.634,0.599
5/23/2018 22:30,647,0.703,0.583,0.612,0.601,0.565,0.586,0.637,0.602
5/23/2018 23:00,648,0.704,0.583,0.613,0.601,0.566,0.585,0.637,0.602
5/23/2018 23:30,649,0.705,0.584,0.614,0.6,0.567,0.584,0.638,0.604
5/24/2018 0:00,650,0.705,0.584,0.615,0.599,0.568,0.585,0.639,0.606
5/24/2018 0:30,651,0.705,0.585,0.616,0.599,0.569,0.583,0.64,0.606
5/24/2018 1:00,652,0.707,0.585,0.618,0.598,0.569,0.583,0.641,0.606
5/24/2018 1:30,653,0.707,0.586,0.618,0.598,0.57,0.583,0.642,0.607
5/24/2018 2:00,654,0.707,0.586,0.619,0.597,0.57,0.583,0.641,0.607
5/24/2018 2:30,655,0.707,0.586,0.619,0.597,0.57,0.585,0.642,0.605
5/24/2018 3:00,656,0.708,0.586,0.62,0.597,0.57,0.586,0.643,0.604
5/24/2018 3:30,657,0.709,0.586,0.62,0.595,0.569,0.585,0.642,0.607
5/24/2018 4:00,658,0.708,0.586,0.621,0.594,0.569,0.585,0.643,0.607
5/24/2018 4:30,659,0.708,0.585,0.621,0.588,0.569,0.584,0.643,0.606
5/24/2018 5:00,660,0.707,0.585,0.621,0.583,0.569,0.587,0.64,0.605
5/24/2018 5:30,661,0.707,0.585,0.621,0.578,0.569,0.587,0.64,0.604
5/24/2018 6:00,662,0.707,0.585,0.62,0.578,0.569,0.588,0.642,0.605
5/24/2018 6:30,663,0.706,0.585,0.615,0.578,0.568,0.588,0.642,0.606
5/24/2018 7:00,664,0.701,0.583,0.586,0.573,0.566,0.577,0.64,0.607
5/24/2018 7:30,665,0.673,0.57,0.537,0.548,0.56,0.531,0.636,0.606
5/24/2018 8:00,666,0.639,0.549,0.515,0.526,0.548,0.494,0.63,0.606
5/24/2018 8:30,667,0.619,0.526,0.502,0.514,0.532,0.478,0.609,0.602
5/24/2018 9:00,668,0.602,0.507,0.49,0.501,0.509,0.46,0.582,0.593
5/24/2018 9:30,669,0.589,0.494,0.481,0.49,0.484,0.448,0.552,0.583
5/24/2018 10:00,670,0.581,0.487,0.48,0.488,0.468,0.443,0.527,0.578
5/24/2018 10:30,671,0.575,0.482,0.479,0.486,0.458,0.439,0.512,0.573
5/24/2018 11:00,672,0.574,0.48,0.478,0.486,0.455,0.438,0.506,0.57
5/24/2018 11:30,673,0.573,0.478,0.478,0.486,0.455,0.438,0.502,0.568
5/24/2018 12:00,674,0.568,0.476,0.479,0.486,0.453,0.437,0.495,0.563
5/24/2018 12:30,675,0.568,0.472,0.478,0.486,0.451,0.435,0.493,0.559
5/24/2018 13:00,676,0.567,0.472,0.478,0.486,0.45,0.434,0.493,0.559
5/24/2018 13:30,677,0.569,0.472,0.478,0.488,0.45,0.434,0.495,0.56
5/24/2018 14:00,678,0.569,0.473,0.478,0.491,0.451,0.434,0.496,0.561
5/24/2018 14:30,679,0.569,0.474,0.478,0.493,0.452,0.434,0.501,0.562
5/24/2018 15:00,680,0.571,0.475,0.479,0.495,0.453,0.435,0.508,0.568
5/24/2018 15:30,681,0.572,0.474,0.478,0.495,0.453,0.435,0.51,0.568
5/24/2018 16:00,682,0.575,0.475,0.481,0.498,0.455,0.435,0.518,0.571
5/24/2018 16:30,683,0.579,0.478,0.484,0.501,0.455,0.437,0.522,0.574
5/24/2018 17:00,684,0.583,0.484,0.486,0.506,0.462,0.438,0.535,0.582
5/24/2018 17:30,685,0.587,0.489,0.49,0.508,0.474,0.439,0.545,0.586
5/24/2018 18:00,686,0.594,0.496,0.497,0.512,0.486,0.442,0.553,0.588
5/24/2018 18:30,687,0.606,0.512,0.508,0.521,0.502,0.45,0.563,0.589
5/24/2018 19:00,688,0.62,0.535,0.522,0.532,0.518,0.458,0.572,0.59
5/24/2018 19:30,689,0.64,0.552,0.537,0.546,0.535,0.474,0.584,0.591
5/24/2018 20:00,690,0.662,0.564,0.557,0.562,0.546,0.499,0.598,0.592
5/24/2018 20:30,691,0.679,0.574,0.58,0.577,0.554,0.535,0.614,0.597
5/24/2018 21:00,692,0.69,0.579,0.596,0.586,0.56,0.56,0.624,0.602
5/24/2018 21:30,693,0.696,0.582,0.605,0.59,0.563,0.571,0.629,0.605
5/24/2018 22:00,694,0.699,0.584,0.61,0.591,0.565,0.578,0.633,0.607
5/24/2018 22:30,695,0.701,0.585,0.613,0.59,0.567,0.58,0.636,0.61
5/24/2018 23:00,696,0.702,0.586,0.615,0.589,0.568,0.581,0.638,0.612
5/24/2018 23:30,697,0.703,0.587,0.617,0.59,0.569,0.582,0.64,0.613
5/25/2018 0:00,698,0.703,0.587,0.616,0.589,0.569,0.586,0.64,0.614
5/25/2018 0:30,699,0.704,0.588,0.618,0.589,0.57,0.589,0.643,0.616
5/25/2018 1:00,700,0.704,0.588,0.619,0.587,0.571,0.587,0.643,0.614
5/25/2018 1:30,701,0.704,0.588,0.621,0.587,0.57,0.588,0.643,0.615
5/25/2018 2:00,702,0.704,0.588,0.622,0.587,0.569,0.59,0.643,0.616
5/25/2018 2:30,703,0.704,0.587,0.623,0.585,0.569,0.591,0.644,0.617
5/25/2018 3:00,704,0.704,0.586,0.623,0.583,0.568,0.591,0.643,0.618
5/25/2018 3:30,705,0.704,0.586,0.624,0.582,0.567,0.592,0.644,0.618
5/25/2018 4:00,706,0.704,0.585,0.624,0.58,0.566,0.592,0.645,0.618
5/25/2018 4:30,707,0.703,0.585,0.624,0.579,0.565,0.592,0.645,0.617
5/25/2018 5:00,708,0.703,0.584,0.625,0.578,0.564,0.592,0.645,0.615
5/25/2018 5:30,709,0.702,0.583,0.625,0.574,0.563,0.592,0.645,0.614
5/25/2018 6:00,710,0.702,0.582,0.626,0.575,0.561,0.592,0.645,0.613
5/25/2018 6:30,711,0.701,0.582,0.625,0.575,0.56,0.592,0.644,0.611
5/25/2018 7:00,712,0.7,0.582,0.613,0.575,0.559,0.587,0.642,0.608
5/25/2018 7:30,713,0.69,0.577,0.571,0.567,0.557,0.561,0.64,0.604
5/25/2018 8:00,714,0.654,0.556,0.532,0.542,0.55,0.517,0.633,0.601
5/25/2018 8:30,715,0.624,0.534,0.513,0.516,0.536,0.487,0.622,0.599
5/25/2018 9:00,716,0.609,0.518,0.503,0.501,0.516,0.471,0.605,0.599
5/25/2018 9:30,717,0.597,0.505,0.497,0.492,0.493,0.458,0.579,0.598
5/25/2018 10:00,718,0.587,0.494,0.492,0.484,0.474,0.449,0.552,0.595
5/25/2018 10:30,719,0.578,0.486,0.487,0.478,0.459,0.443,0.528,0.587
5/25/2018 11:00,720,0.573,0.481,0.485,0.476,0.452,0.44,0.514,0.582
5/25/2018 11:30,721,0.569,0.478,0.484,0.475,0.448,0.438,0.505,0.577
5/25/2018 12:00,722,0.566,0.476,0.483,0.477,0.445,0.437,0.499,0.572
5/25/2018 12:30,723,0.565,0.475,0.482,0.48,0.444,0.437,0.495,0.567
5/25/2018 13:00,724,0.566,0.474,0.483,0.483,0.444,0.437,0.495,0.564
5/25/2018 13:30,725,0.567,0.473,0.482,0.487,0.443,0.436,0.496,0.562
5/25/2018 14:00,726,0.567,0.473,0.481,0.49,0.445,0.437,0.5,0.564
5/25/2018 14:30,727,0.564,0.473,0.48,0.488,0.444,0.435,0.501,0.564
5/25/2018 15:00,728,0.564,0.472,0.48,0.488,0.444,0.435,0.504,0.565
5/25/2018 15:30,729,0.563,0.472,0.479,0.487,0.442,0.434,0.506,0.565
5/25/2018 16:00,730,0.565,0.473,0.481,0.489,0.445,0.434,0.509,0.566
5/25/2018 16:30,731,0.567,0.475,0.485,0.491,0.447,0.436,0.515,0.567
5/25/2018 17:00,732,0.579,0.482,0.493,0.501,0.463,0.442,0.526,0.572
5/25/2018 17:30,733,0.582,0.488,0.497,0.501,0.473,0.444,0.539,0.575
5/25/2018 18:00,734,0.582,0.493,0.5,0.498,0.48,0.444,0.549,0.58
5/25/2018 18:30,735,0.595,0.507,0.51,0.509,0.495,0.451,0.562,0.582
5/25/2018 19:00,736,0.615,0.531,0.526,0.525,0.514,0.468,0.577,0.584
5/25/2018 19:30,737,0.635,0.55,0.542,0.539,0.532,0.486,0.591,0.588
5/25/2018 20:00,738,0.656,0.564,0.564,0.555,0.543,0.515,0.605,0.59
5/25/2018 20:30,739,0.675,0.573,0.59,0.573,0.549,0.551,0.616,0.591
5/25/2018 21:00,740,0.686,0.578,0.604,0.582,0.553,0.572,0.623,0.594
5/25/2018 21:30,741,0.69,0.579,0.61,0.584,0.555,0.581,0.628,0.596
5/25/2018 22:00,742,0.693,0.58,0.614,0.585,0.556,0.586,0.632,0.598
5/25/2018 22:30,743,0.694,0.58,0.616,0.584,0.557,0.588,0.633,0.599
5/25/2018 23:00,744,0.695,0.581,0.617,0.582,0.557,0.59,0.635,0.601
5/25/2018 23:30,745,0.695,0.582,0.619,0.581,0.558,0.591,0.637,0.603
5/26/2018 0:00,746,0.695,0.582,0.619,0.581,0.558,0.592,0.638,0.604
5/26/2018 0:30,747,0.695,0.582,0.62,0.58,0.558,0.593,0.639,0.605
5/26/2018 1:00,748,0.695,0.581,0.62,0.579,0.557,0.593,0.639,0.605
5/26/2018 1:30,749,0.695,0.581,0.618,0.577,0.557,0.592,0.637,0.605
5/26/2018 2:00,750,0.694,0.581,0.619,0.575,0.556,0.592,0.636,0.605
5/26/2018 2:30,751,0.694,0.581,0.619,0.573,0.555,0.591,0.634,0.602
5/26/2018 3:00,752,0.694,0.58,0.62,0.572,0.554,0.589,0.633,0.601
5/26/2018 3:30,753,0.693,0.58,0.62,0.57,0.553,0.59,0.633,0.6
5/26/2018 4:00,754,0.693,0.579,0.62,0.567,0.552,0.59,0.633,0.599
5/26/2018 4:30,755,0.692,0.579,0.619,0.564,0.55,0.589,0.63,0.598
5/26/2018 5:00,756,0.692,0.578,0.62,0.562,0.55,0.589,0.632,0.597
5/26/2018 5:30,757,0.691,0.578,0.62,0.56,0.549,0.6,0.633,0.597
5/26/2018 6:00,758,0.691,0.578,0.62,0.557,0.547,0.613,0.635,0.598
5/26/2018 6:30,759,0.69,0.578,0.615,0.553,0.546,0.612,0.633,0.599
5/26/2018 7:00,760,0.686,0.576,0.59,0.549,0.544,0.598,0.635,0.599
5/26/2018 7:30,761,0.669,0.568,0.551,0.533,0.542,0.557,0.631,0.598
5/26/2018 8:00,762,0.645,0.555,0.532,0.513,0.537,0.532,0.627,0.598
5/26/2018 8:30,763,0.624,0.536,0.516,0.495,0.525,0.503,0.614,0.597
5/26/2018 9:00,764,0.607,0.518,0.506,0.481,0.507,0.485,0.593,0.595
5/26/2018 9:30,765,0.585,0.498,0.493,0.464,0.48,0.466,0.566,0.594
5/26/2018 10:00,766,0.575,0.488,0.488,0.457,0.463,0.459,0.543,0.592
5/26/2018 10:30,767,0.567,0.481,0.483,0.452,0.453,0.452,0.524,0.587
5/26/2018 11:00,768,0.565,0.477,0.483,0.453,0.45,0.45,0.513,0.58
5/26/2018 11:30,769,0.562,0.474,0.481,0.453,0.45,0.446,0.505,0.576
5/26/2018 12:00,770,0.56,0.472,0.482,0.456,0.448,0.444,0.5,0.571
5/26/2018 12:30,771,0.558,0.471,0.481,0.459,0.443,0.441,0.497,0.567
5/26/2018 13:00,772,0.558,0.47,0.482,0.464,0.442,0.44,0.495,0.562
5/26/2018 13:30,773,0.556,0.468,0.479,0.467,0.439,0.438,0.495,0.56
5/26/2018 14:00,774,0.555,0.469,0.478,0.474,0.441,0.439,0.497,0.56
5/26/2018 14:30,775,0.558,0.471,0.479,0.481,0.446,0.439,0.502,0.561
5/26/2018 15:00,776,0.555,0.47,0.478,0.482,0.444,0.438,0.504,0.562
5/26/2018 15:30,777,0.556,0.471,0.479,0.487,0.447,0.441,0.507,0.567
5/26/2018 16:00,778,0.571,0.483,0.487,0.498,0.467,0.451,0.52,0.572
5/26/2018 16:30,779,0.609,0.509,0.515,0.526,0.504,0.481,0.546,0.577
5/26/2018 17:00,780,0.624,0.524,0.529,0.537,0.515,0.496,0.562,0.582
5/26/2018 17:30,781,0.623,0.528,0.528,0.535,0.517,0.492,0.571,0.586
5/26/2018 18:00,782,0.628,0.538,0.533,0.539,0.521,0.504,0.586,0.588
5/26/2018 18:30,783,0.645,0.555,0.56,0.55,0.535,0.537,0.605,0.591
5/26/2018 19:00,784,0.66,0.568,0.586,0.559,0.545,0.565,0.618,0.594
5/26/2018 19:30,785,0.67,0.574,0.598,0.565,0.549,0.582,0.622,0.596
5/26/2018 20:00,786,0.673,0.575,0.599,0.566,0.551,0.585,0.624,0.595
5/26/2018 20:30,787,0.68,0.578,0.606,0.569,0.554,0.584,0.631,0.599
5/26/2018 21:00,788,0.685,0.579,0.613,0.571,0.556,0.595,0.634,0.602
5/26/2018 21:30,789,0.687,0.579,0.615,0.57,0.557,0.591,0.636,0.604
5/26/2018 22:00,790,0.688,0.579,0.617,0.569,0.557,0.59,0.638,0.605
5/26/2018 22:30,791,0.688,0.578,0.618,0.566,0.556,0.591,0.639,0.606
5/26/2018 23:00,792,0.687,0.578,0.619,0.562,0.555,0.59,0.639,0.605
5/26/2018 23:30,793,0.687,0.578,0.619,0.558,0.555,0.59,0.64,0.605
5/27/2018 0:00,794,0.687,0.578,0.62,0.553,0.554,0.591,0.642,0.605
5/27/2018 0:30,795,0.687,0.577,0.62,0.548,0.553,0.591,0.642,0.605
5/27/2018 1:00,796,0.686,0.577,0.621,0.545,0.553,0.59,0.642,0.606
5/27/2018 1:30,797,0.686,0.577,0.621,0.541,0.552,0.59,0.641,0.605
5/27/2018 2:00,798,0.686,0.576,0.621,0.538,0.55,0.59,0.642,0.606
5/27/2018 2:30,799,0.685,0.576,0.621,0.535,0.549,0.589,0.641,0.606
5/27/2018 3:00,800,0.684,0.576,0.621,0.531,0.548,0.59,0.643,0.608
5/27/2018 3:30,801,0.684,0.575,0.621,0.527,0.546,0.589,0.642,0.607
5/27/2018 4:00,802,0.683,0.574,0.621,0.523,0.545,0.589,0.643,0.608
5/27/2018 4:30,803,0.682,0.574,0.621,0.52,0.543,0.589,0.643,0.608
5/27/2018 5:00,804,0.681,0.573,0.621,0.517,0.542,0.588,0.642,0.607
5/27/2018 5:30,805,0.68,0.573,0.621,0.513,0.54,0.588,0.642,0.608
5/27/2018 6:00,806,0.679,0.572,0.621,0.509,0.538,0.588,0.643,0.608
5/27/2018 6:30,807,0.678,0.572,0.621,0.507,0.537,0.589,0.643,0.608
5/27/2018 7:00,808,0.677,0.573,0.619,0.506,0.535,0.59,0.642,0.607
5/27/2018 7:30,809,0.677,0.573,0.61,0.505,0.534,0.586,0.641,0.606
5/27/2018 8:00,810,0.673,0.573,0.59,0.501,0.531,0.575,0.638,0.604
5/27/2018 8:30,811,0.666,0.57,0.573,0.494,0.528,0.557,0.637,0.603
5/27/2018 9:00,812,0.652,0.562,0.555,0.484,0.523,0.533,0.633,0.601
5/27/2018 9:30,813,0.616,0.535,0.522,0.457,0.504,0.488,0.619,0.599
5/27/2018 10:00,814,0.617,0.536,0.529,0.459,0.496,0.491,0.616,0.601
5/27/2018 10:30,815,0.607,0.524,0.517,0.452,0.484,0.474,0.6,0.597
5/27/2018 11:00,816,0.594,0.512,0.507,0.443,0.471,0.463,0.583,0.598
5/27/2018 11:30,817,0.575,0.493,0.493,0.43,0.449,0.447,0.556,0.595
5/27/2018 12:00,818,0.569,0.486,0.488,0.425,0.439,0.444,0.535,0.59
5/27/2018 12:30,819,0.576,0.493,0.495,0.433,0.446,0.451,0.538,0.593
5/27/2018 13:00,820,0.561,0.48,0.485,0.423,0.434,0.438,0.522,0.589
5/27/2018 13:30,821,0.55,0.47,0.479,0.419,0.422,0.432,0.508,0.579
5/27/2018 14:00,822,0.556,0.473,0.482,0.426,0.434,0.436,0.511,0.576
5/27/2018 14:30,823,0.563,0.478,0.484,0.432,0.447,0.437,0.518,0.577
5/27/2018 15:00,824,0.566,0.48,0.486,0.437,0.452,0.44,0.522,0.578
5/27/2018 15:30,825,0.597,0.503,0.507,0.462,0.484,0.464,0.546,0.583
5/27/2018 16:00,826,0.605,0.509,0.511,0.467,0.497,0.469,0.559,0.586
5/27/2018 16:30,827,0.613,0.519,0.521,0.475,0.499,0.481,0.569,0.59
5/27/2018 17:00,828,0.621,0.527,0.528,0.48,0.511,0.49,0.58,0.592
5/27/2018 17:30,829,0.624,0.535,0.54,0.479,0.52,0.508,0.58,0.586
5/27/2018 18:00,830,0.634,0.544,0.557,0.48,0.53,0.527,0.586,0.583
5/27/2018 18:30,831,0.651,0.556,0.58,0.495,0.538,0.551,0.599,0.59
5/27/2018 19:00,832,0.66,0.56,0.578,0.5,0.54,0.554,0.603,0.587
5/27/2018 19:30,833,0.661,0.563,0.584,0.502,0.542,0.561,0.604,0.587
5/27/2018 20:00,834,0.673,0.572,0.602,0.512,0.545,0.574,0.623,0.594
5/27/2018 20:30,835,0.676,0.572,0.608,0.511,0.546,0.582,0.625,0.598
5/27/2018 21:00,836,0.676,0.569,0.611,0.508,0.546,0.585,0.627,0.599
5/27/2018 21:30,837,0.666,0.563,0.608,0.495,0.544,0.582,0.613,0.595
5/27/2018 22:00,838,0.667,0.56,0.608,0.491,0.544,0.582,0.615,0.593
5/27/2018 22:30,839,0.665,0.556,0.606,0.484,0.543,0.581,0.612,0.589
5/27/2018 23:00,840,0.667,0.557,0.608,0.48,0.544,0.583,0.615,0.59
5/27/2018 23:30,841,0.665,0.555,0.606,0.475,0.544,0.582,0.612,0.589
5/28/2018 0:00,842,0.669,0.557,0.609,0.475,0.543,0.585,0.619,0.592
5/28/2018 0:30,843,0.667,0.557,0.61,0.473,0.542,0.585,0.617,0.592
5/28/2018 1:00,844,0.67,0.558,0.612,0.474,0.541,0.586,0.622,0.593
5/28/2018 1:30,845,0.672,0.56,0.614,0.476,0.54,0.588,0.627,0.596
5/28/2018 2:00,846,0.672,0.56,0.615,0.474,0.539,0.588,0.625,0.597
5/28/2018 2:30,847,0.671,0.559,0.615,0.473,0.538,0.587,0.625,0.597
5/28/2018 3:00,848,0.674,0.562,0.617,0.475,0.536,0.589,0.631,0.599
5/28/2018 3:30,849,0.671,0.56,0.615,0.472,0.535,0.588,0.626,0.599
5/28/2018 4:00,850,0.667,0.557,0.613,0.47,0.533,0.587,0.621,0.595
5/28/2018 4:30,851,0.662,0.555,0.61,0.466,0.531,0.583,0.614,0.593
5/28/2018 5:00,852,0.665,0.555,0.612,0.468,0.53,0.585,0.618,0.594
5/28/2018 5:30,853,0.665,0.555,0.612,0.468,0.528,0.585,0.619,0.593
5/28/2018 6:00,854,0.664,0.557,0.61,0.467,0.527,0.582,0.617,0.594
5/28/2018 6:30,855,0.67,0.56,0.617,0.472,0.525,0.587,0.629,0.599
5/28/2018 7:00,856,0.665,0.555,0.614,0.467,0.524,0.586,0.619,0.596
5/28/2018 7:30,857,0.664,0.556,0.614,0.466,0.523,0.585,0.618,0.595
5/28/2018 8:00,858,0.665,0.556,0.615,0.468,0.522,0.586,0.62,0.596
5/28/2018 8:30,859,0.668,0.557,0.617,0.471,0.521,0.589,0.626,0.596
5/28/2018 9:00,860,0.665,0.557,0.617,0.469,0.519,0.589,0.62,0.595
5/28/2018 9:30,861,0.667,0.558,0.619,0.471,0.518,0.59,0.625,0.596
5/28/2018 10:00,862,0.667,0.56,0.617,0.471,0.517,0.591,0.625,0.595
5/28/2018 10:30,863,0.664,0.558,0.612,0.47,0.516,0.589,0.62,0.593
5/28/2018 11:00,864,0.664,0.56,0.608,0.471,0.516,0.587,0.618,0.592
5/28/2018 11:30,865,0.665,0.56,0.609,0.473,0.516,0.587,0.62,0.592
5/28/2018 12:00,866,0.666,0.562,0.608,0.474,0.515,0.585,0.625,0.593
5/28/2018 12:30,867,0.664,0.564,0.594,0.476,0.513,0.57,0.63,0.595
5/28/2018 13:00,868,0.656,0.562,0.58,0.472,0.511,0.558,0.628,0.593
5/28/2018 13:30,869,0.649,0.558,0.574,0.469,0.508,0.554,0.62,0.59
5/28/2018 14:00,870,0.643,0.554,0.564,0.467,0.504,0.541,0.621,0.589
5/28/2018 14:30,871,0.645,0.558,0.564,0.47,0.503,0.539,0.63,0.592
5/28/2018 15:00,872,0.644,0.56,0.563,0.471,0.502,0.537,0.632,0.595
5/28/2018 15:30,873,0.636,0.553,0.553,0.465,0.498,0.524,0.628,0.594
5/28/2018 16:00,874,0.628,0.546,0.544,0.46,0.492,0.512,0.626,0.595
5/28/2018 16:30,875,0.625,0.544,0.541,0.458,0.488,0.51,0.625,0.596
5/28/2018 17:00,876,0.625,0.544,0.545,0.458,0.488,0.512,0.621,0.596
5/28/2018 17:30,877,0.637,0.553,0.56,0.467,0.494,0.531,0.622,0.597
5/28/2018 18:00,878,0.649,0.562,0.573,0.476,0.5,0.543,0.629,0.599
5/28/2018 18:30,879,0.656,0.567,0.583,0.479,0.505,0.555,0.629,0.599
5/28/2018 19:00,880,0.663,0.571,0.595,0.483,0.509,0.567,0.632,0.599
5/28/2018 19:30,881,0.667,0.574,0.604,0.485,0.512,0.576,0.634,0.6
5/28/2018 20:00,882,0.671,0.575,0.61,0.486,0.513,0.581,0.636,0.601
5/28/2018 20:30,883,0.673,0.574,0.613,0.485,0.514,0.585,0.635,0.599
5/28/2018 21:00,884,0.674,0.574,0.618,0.485,0.514,0.587,0.636,0.599
5/28/2018 21:30,885,0.674,0.573,0.619,0.483,0.514,0.589,0.637,0.601
5/28/2018 22:00,886,0.673,0.572,0.62,0.482,0.513,0.588,0.635,0.599
5/28/2018 22:30,887,0.673,0.571,0.62,0.481,0.512,0.588,0.634,0.599
5/28/2018 23:00,888,0.673,0.57,0.62,0.481,0.511,0.588,0.636,0.6
5/28/2018 23:30,889,0.672,0.57,0.62,0.481,0.511,0.588,0.635,0.599
5/29/2018 0:00,890,0.671,0.569,0.62,0.48,0.51,0.588,0.634,0.598
5/29/2018 0:30,891,0.671,0.569,0.62,0.48,0.509,0.588,0.634,0.598
5/29/2018 1:00,892,0.67,0.568,0.62,0.479,0.509,0.586,0.635,0.599
5/29/2018 1:30,893,0.67,0.567,0.62,0.479,0.508,0.585,0.635,0.599
5/29/2018 2:00,894,0.669,0.566,0.619,0.478,0.507,0.583,0.634,0.598
5/29/2018 2:30,895,0.668,0.566,0.618,0.477,0.506,0.582,0.632,0.598
5/29/2018 3:00,896,0.667,0.565,0.618,0.476,0.505,0.582,0.633,0.598
5/29/2018 3:30,897,0.666,0.564,0.618,0.475,0.504,0.582,0.633,0.597
5/29/2018 4:00,898,0.665,0.564,0.618,0.475,0.503,0.581,0.634,0.598
5/29/2018 4:30,899,0.664,0.563,0.618,0.474,0.503,0.581,0.631,0.597
5/29/2018 5:00,900,0.663,0.563,0.618,0.474,0.502,0.58,0.633,0.598
5/29/2018 5:30,901,0.662,0.562,0.617,0.473,0.501,0.58,0.631,0.597
5/29/2018 6:00,902,0.661,0.561,0.617,0.473,0.5,0.579,0.631,0.596
5/29/2018 6:30,903,0.659,0.561,0.617,0.472,0.5,0.579,0.631,0.597
5/29/2018 7:00,904,0.658,0.56,0.617,0.472,0.5,0.579,0.631,0.597
5/29/2018 7:30,905,0.657,0.56,0.618,0.472,0.499,0.58,0.632,0.596
5/29/2018 8:00,906,0.656,0.56,0.619,0.473,0.498,0.583,0.632,0.598
5/29/2018 8:30,907,0.656,0.561,0.617,0.475,0.498,0.586,0.63,0.597
5/29/2018 9:00,908,0.655,0.563,0.611,0.476,0.497,0.584,0.629,0.597
5/29/2018 9:30,909,0.654,0.565,0.601,0.475,0.496,0.576,0.63,0.596
5/29/2018 10:00,910,0.644,0.561,0.574,0.468,0.494,0.55,0.626,0.594
5/29/2018 10:30,911,0.628,0.553,0.553,0.459,0.489,0.524,0.619,0.592
5/29/2018 11:00,912,0.617,0.546,0.542,0.453,0.483,0.508,0.616,0.593
5/29/2018 11:30,913,0.611,0.543,0.541,0.449,0.478,0.507,0.609,0.594
5/29/2018 12:00,914,0.604,0.532,0.531,0.443,0.472,0.496,0.598,0.59
5/29/2018 12:30,915,0.612,0.537,0.544,0.448,0.474,0.513,0.602,0.591
5/29/2018 13:00,916,0.62,0.545,0.548,0.455,0.48,0.517,0.61,0.596
5/29/2018 13:30,917,0.613,0.537,0.537,0.45,0.476,0.502,0.604,0.595
5/29/2018 14:00,918,0.599,0.525,0.525,0.439,0.466,0.488,0.591,0.594
5/29/2018 14:30,919,0.597,0.524,0.523,0.439,0.462,0.485,0.591,0.596
5/29/2018 15:00,920,0.571,0.5,0.503,0.422,0.442,0.459,0.566,0.591
5/29/2018 15:30,921,0.554,0.486,0.491,0.412,0.422,0.445,0.545,0.585
5/29/2018 16:00,922,0.556,0.486,0.494,0.414,0.42,0.446,0.545,0.589
5/29/2018 16:30,923,0.561,0.486,0.495,0.419,0.423,0.448,0.542,0.586
5/29/2018 17:00,924,0.569,0.49,0.499,0.423,0.43,0.452,0.547,0.587
5/29/2018 17:30,925,0.591,0.51,0.516,0.439,0.452,0.472,0.564,0.592
5/29/2018 18:00,926,0.599,0.518,0.522,0.445,0.464,0.477,0.575,0.593
5/29/2018 18:30,927,0.604,0.524,0.525,0.45,0.467,0.479,0.583,0.595
5/29/2018 19:00,928,0.619,0.54,0.54,0.461,0.477,0.495,0.594,0.596
5/29/2018 19:30,929,0.638,0.556,0.563,0.473,0.489,0.521,0.607,0.597
5/29/2018 20:00,930,0.655,0.565,0.588,0.484,0.497,0.552,0.62,0.598
5/29/2018 20:30,931,0.664,0.568,0.602,0.487,0.5,0.57,0.624,0.597
5/29/2018 21:00,932,0.668,0.569,0.61,0.487,0.502,0.579,0.628,0.598
5/29/2018 21:30,933,0.67,0.569,0.614,0.485,0.504,0.584,0.631,0.599
5/29/2018 22:00,934,0.671,0.568,0.616,0.483,0.505,0.585,0.633,0.6
5/29/2018 22:30,935,0.671,0.568,0.616,0.482,0.505,0.584,0.634,0.6
5/29/2018 23:00,936,0.671,0.567,0.617,0.481,0.505,0.584,0.635,0.601
5/29/2018 23:30,937,0.671,0.567,0.617,0.48,0.505,0.584,0.635,0.602
5/30/2018 0:00,938,0.671,0.567,0.617,0.479,0.505,0.583,0.635,0.602
5/30/2018 0:30,939,0.671,0.566,0.617,0.479,0.505,0.583,0.636,0.603
5/30/2018 1:00,940,0.671,0.566,0.617,0.479,0.505,0.583,0.635,0.604
5/30/2018 1:30,941,0.67,0.565,0.618,0.478,0.505,0.582,0.636,0.605
5/30/2018 2:00,942,0.67,0.565,0.618,0.478,0.505,0.583,0.637,0.606
5/30/2018 2:30,943,0.67,0.565,0.618,0.477,0.505,0.582,0.636,0.605
5/30/2018 3:00,944,0.67,0.565,0.618,0.477,0.505,0.582,0.638,0.606
5/30/2018 3:30,945,0.669,0.565,0.618,0.477,0.505,0.582,0.638,0.607
5/30/2018 4:00,946,0.669,0.565,0.619,0.476,0.506,0.581,0.638,0.606
5/30/2018 4:30,947,0.669,0.564,0.619,0.476,0.506,0.581,0.638,0.606
5/30/2018 5:00,948,0.669,0.562,0.619,0.475,0.506,0.579,0.638,0.606
5/30/2018 5:30,949,0.668,0.562,0.619,0.475,0.505,0.58,0.639,0.606
5/30/2018 6:00,950,0.667,0.56,0.619,0.475,0.504,0.58,0.638,0.606
5/30/2018 6:30,951,0.666,0.559,0.618,0.474,0.503,0.579,0.637,0.604
5/30/2018 7:00,952,0.664,0.558,0.618,0.473,0.502,0.578,0.636,0.603
5/30/2018 7:30,953,0.663,0.556,0.618,0.473,0.501,0.577,0.636,0.603
5/30/2018 8:00,954,0.662,0.555,0.617,0.473,0.499,0.579,0.634,0.603
5/30/2018 8:30,955,0.659,0.553,0.615,0.473,0.497,0.581,0.628,0.6
5/30/2018 9:00,956,0.653,0.549,0.587,0.469,0.492,0.562,0.622,0.595
5/30/2018 9:30,957,0.633,0.539,0.551,0.453,0.485,0.526,0.612,0.59
5/30/2018 10:00,958,0.614,0.529,0.531,0.442,0.478,0.499,0.61,0.593
