"TOA5","CR1000-FRESH2","CR1000","86614","CR1000.Std.31.03","CPU:Sapflow_SERC.CR1","28068","Table1"
"TIMESTAMP","RECORD","DiffVolt_Avg(1)","DiffVolt_Avg(2)","DiffVolt_Avg(3)","DiffVolt_Avg(4)","DiffVolt_Avg(5)","DiffVolt_Avg(6)","DiffVolt_Avg(7)","DiffVolt_Avg(8)"
"TS","RN","mV","mV","mV","mV","mV","mV","mV","mV"
"","","Avg","Avg","Avg","Avg","Avg","Avg","Avg","Avg"
"2018-05-09 10:30:00",0,0.431,0.46,0.301,0.435,0.479,0.485,"NAN","NAN"
"2018-05-10 13:30:00",1,0.398,0.443,0.329,0.404,0.441,0.465,0.489,0.457
"2018-05-10 14:00:00",2,0.413,0.472,0.324,0.419,0.46,0.477,0.46,0.473
"2018-05-10 14:30:00",3,0.411,0.474,0.299,0.417,0.464,0.482,0.482,0.466
"2018-05-10 15:00:00",4,0.419,0.487,0.307,0.427,0.475,0.492,0.526,0.474
"2018-05-10 15:30:00",5,0.424,0.5,0.305,0.433,0.482,0.494,0.527,0.477
"2018-05-10 16:00:00",6,0.437,0.518,0.339,0.446,0.493,0.504,0.532,0.484
"2018-05-10 16:30:00",7,0.455,0.536,0.37,0.462,0.508,0.518,0.535,0.493
"2018-05-10 17:00:00",8,0.483,0.556,0.425,0.487,0.532,0.544,0.555,0.522
"2018-05-10 17:30:00",9,0.504,0.571,0.452,0.504,0.548,0.56,0.562,0.537
"2018-05-10 18:00:00",10,0.529,0.586,0.496,0.522,0.567,0.579,0.575,0.56
"2018-05-10 18:30:00",11,0.551,0.597,0.517,0.539,0.583,0.596,0.583,0.579
"2018-05-10 19:00:00",12,0.562,0.608,0.55,0.551,0.593,0.607,0.589,0.591
"2018-05-10 19:30:00",13,0.565,0.612,0.56,0.554,0.596,0.61,0.594,0.598
"2018-05-10 20:00:00",14,0.573,0.614,0.572,0.556,0.598,0.611,0.595,0.604
"2018-05-10 20:30:00",15,0.58,0.617,0.568,0.56,0.605,0.617,0.599,0.608
"2018-05-10 21:00:00",16,0.584,0.621,0.592,0.565,0.611,0.623,0.598,0.609
"2018-05-10 21:30:00",17,0.587,0.624,0.61,0.568,0.615,0.627,0.6,0.611
"2018-05-10 22:00:00",18,0.59,0.626,0.622,0.57,0.617,0.63,0.602,0.612
"2018-05-10 22:30:00",19,0.592,0.627,0.631,0.572,0.619,0.631,0.604,0.613
"2018-05-10 23:00:00",20,0.594,0.629,0.637,0.573,0.621,0.633,0.605,0.615
"2018-05-10 23:30:00",21,0.595,0.629,0.644,0.573,0.622,0.634,0.606,0.616
"2018-05-11 00:00:00",22,0.596,0.629,0.649,0.574,0.622,0.635,0.608,0.617
"2018-05-11 00:30:00",23,0.597,0.63,0.653,0.574,0.623,0.636,0.609,0.618
"2018-05-11 01:00:00",24,0.598,0.63,0.658,0.574,0.623,0.636,0.611,0.619
"2018-05-11 01:30:00",25,0.598,0.63,0.667,0.574,0.624,0.636,0.613,0.62
"2018-05-11 02:00:00",26,0.599,0.629,0.669,0.575,0.624,0.636,0.613,0.62
"2018-05-11 02:30:00",27,0.6,0.63,0.674,0.575,0.624,0.637,0.616,0.621
"2018-05-11 03:00:00",28,0.6,0.63,0.674,0.575,0.625,0.638,0.616,0.622
"2018-05-11 03:30:00",29,0.6,0.63,0.671,0.576,0.625,0.638,0.617,0.622
"2018-05-11 04:00:00",30,0.601,0.63,0.68,0.576,0.625,0.638,0.617,0.622
"2018-05-11 04:30:00",31,0.601,0.63,0.688,0.576,0.625,0.638,0.617,0.622
"2018-05-11 05:00:00",32,0.601,0.629,0.691,0.576,0.625,0.638,0.618,0.623
"2018-05-11 05:30:00",33,0.602,0.629,0.691,0.576,0.625,0.639,0.619,0.624
"2018-05-11 06:00:00",34,0.603,0.629,0.692,0.576,0.625,0.639,0.619,0.624
"2018-05-11 06:30:00",35,0.603,0.629,0.694,0.576,0.626,0.639,0.62,0.624
"2018-05-11 07:00:00",36,0.601,0.629,0.678,0.576,0.626,0.638,0.62,0.624
"2018-05-11 07:30:00",37,0.584,0.627,0.641,0.573,0.624,0.633,0.62,0.622
"2018-05-11 08:00:00",38,0.55,0.617,0.57,0.558,0.609,0.612,0.619,0.618
"2018-05-11 08:30:00",39,0.515,0.595,0.499,0.525,0.58,0.572,0.617,0.614
"2018-05-11 09:00:00",40,0.493,0.574,0.456,0.5,0.558,0.545,0.612,0.607
"2018-05-11 09:30:00",41,0.482,0.566,0.429,0.486,0.548,0.533,0.607,0.592
"2018-05-11 10:00:00",42,0.474,0.557,0.414,0.475,0.539,0.524,0.599,0.566
"2018-05-11 10:30:00",43,0.469,0.55,0.389,0.467,0.531,0.516,0.588,0.536
"2018-05-11 11:00:00",44,0.465,0.546,0.377,0.461,0.525,0.512,0.573,0.507
"2018-05-11 11:30:00",45,0.463,0.543,0.357,0.457,0.52,0.507,0.559,0.481
"2018-05-11 12:00:00",46,0.461,0.542,0.336,0.455,0.518,0.503,0.546,0.463
"2018-05-11 12:30:00",47,0.465,0.55,0.36,0.463,0.524,0.51,0.542,0.47
"2018-05-11 13:00:00",48,0.462,0.543,0.337,0.456,0.518,0.505,0.534,0.459
"2018-05-11 13:30:00",49,0.46,0.541,0.328,0.454,0.516,0.503,0.53,0.456
"2018-05-11 14:00:00",50,0.46,0.542,0.32,0.453,0.516,0.503,0.528,0.457
"2018-05-11 14:30:00",51,0.461,0.541,0.314,0.454,0.516,0.503,0.526,0.461
"2018-05-11 15:00:00",52,0.463,0.542,0.319,0.454,0.517,0.504,0.525,0.468
"2018-05-11 15:30:00",53,0.464,0.542,0.311,0.454,0.517,0.503,0.526,0.471
"2018-05-11 16:00:00",54,0.467,0.544,0.323,0.457,0.519,0.505,0.53,0.472
"2018-05-11 16:30:00",55,0.473,0.548,0.329,0.463,0.523,0.509,0.537,0.473
"2018-05-11 17:00:00",56,0.48,0.554,0.35,0.47,0.527,0.519,0.544,0.479
"2018-05-11 17:30:00",57,0.492,0.563,0.379,0.483,0.536,0.531,0.549,0.491
"2018-05-11 18:00:00",58,0.499,0.564,0.386,0.487,0.54,0.534,0.552,0.5
"2018-05-11 18:30:00",59,0.517,0.574,0.426,0.498,0.552,0.548,0.561,0.523
"2018-05-11 19:00:00",60,0.539,0.588,0.459,0.52,0.572,0.569,0.571,0.545
"2018-05-11 19:30:00",61,0.557,0.599,0.496,0.536,0.586,0.585,0.582,0.567
"2018-05-11 20:00:00",62,0.581,0.615,0.555,0.554,0.605,0.607,0.594,0.585
"2018-05-11 20:30:00",63,0.597,0.625,0.59,0.566,0.619,0.622,0.601,0.598
"2018-05-11 21:00:00",64,0.606,0.63,0.615,0.573,0.627,0.63,0.606,0.606
"2018-05-11 21:30:00",65,0.61,0.633,0.632,0.576,0.631,0.634,0.61,0.611
"2018-05-11 22:00:00",66,0.613,0.635,0.644,0.578,0.634,0.637,0.614,0.616
"2018-05-11 22:30:00",67,0.615,0.636,0.655,0.579,0.636,0.639,0.616,0.619
"2018-05-11 23:00:00",68,0.617,0.637,0.663,0.581,0.637,0.641,0.618,0.623
"2018-05-11 23:30:00",69,0.618,0.637,0.671,0.582,0.638,0.642,0.619,0.625
"2018-05-12 00:00:00",70,0.619,0.638,0.67,0.583,0.639,0.643,0.621,0.625
"2018-05-12 00:30:00",71,0.619,0.639,0.673,0.584,0.64,0.644,0.621,0.627
"2018-05-12 01:00:00",72,0.619,0.64,0.67,0.584,0.641,0.645,0.623,0.628
"2018-05-12 01:30:00",73,0.62,0.64,0.671,0.585,0.641,0.645,0.623,0.629
"2018-05-12 02:00:00",74,0.619,0.64,0.665,0.586,0.642,0.644,0.623,0.629
"2018-05-12 02:30:00",75,0.619,0.641,0.671,0.585,0.642,0.645,0.624,0.629
"2018-05-12 03:00:00",76,0.619,0.641,0.673,0.585,0.642,0.645,0.624,0.629
"2018-05-12 03:30:00",77,0.619,0.641,0.671,0.586,0.642,0.645,0.623,0.629
"2018-05-12 04:00:00",78,0.619,0.642,0.667,0.587,0.642,0.645,0.623,0.629
"2018-05-12 04:30:00",79,0.619,0.642,0.665,0.586,0.641,0.645,0.623,0.628
"2018-05-12 05:00:00",80,0.619,0.642,0.67,0.586,0.642,0.645,0.623,0.629
"2018-05-12 05:30:00",81,0.618,0.639,0.669,0.585,0.642,0.643,0.622,0.628
"2018-05-12 06:00:00",82,0.618,0.639,0.676,0.585,0.642,0.643,0.622,0.628
"2018-05-12 06:30:00",83,0.618,0.64,0.679,0.585,0.642,0.644,0.623,0.629
"2018-05-12 07:00:00",84,0.616,0.633,0.674,0.586,0.643,0.637,0.624,0.627
"2018-05-12 07:30:00",85,0.606,0.625,0.644,0.583,0.643,0.63,0.624,0.621
"2018-05-12 08:00:00",86,0.582,0.617,0.582,0.571,0.635,0.614,0.622,0.617
"2018-05-12 08:30:00",87,0.558,0.604,0.535,0.55,0.619,0.591,0.621,0.613
"2018-05-12 09:00:00",88,0.532,0.587,0.501,0.527,0.596,0.563,0.62,0.607
"2018-05-12 09:30:00",89,0.523,0.577,0.488,0.512,0.581,0.551,0.618,0.595
"2018-05-12 10:00:00",90,0.523,0.577,0.49,0.509,0.579,0.551,0.615,0.58
"2018-05-12 10:30:00",91,0.509,0.569,0.461,0.5,0.568,0.54,0.61,0.565
"2018-05-12 11:00:00",92,0.495,0.561,0.437,0.487,0.553,0.526,0.606,0.543
"2018-05-12 11:30:00",93,0.486,0.555,0.416,0.476,0.543,0.518,0.595,0.512
"2018-05-12 12:00:00",94,0.488,0.557,0.411,0.473,0.542,0.521,0.579,0.49
"2018-05-12 12:30:00",95,0.491,0.559,0.41,0.476,0.545,0.523,0.57,0.485
"2018-05-12 13:00:00",96,0.49,0.556,0.405,0.474,0.543,0.518,0.562,0.484
"2018-05-12 13:30:00",97,0.482,0.549,0.381,0.466,0.535,0.51,0.554,0.477
"2018-05-12 14:00:00",98,0.487,0.552,0.389,0.467,0.538,0.516,0.547,0.478
"2018-05-12 14:30:00",99,0.483,0.549,0.378,0.464,0.534,0.512,0.543,0.48
"2018-05-12 15:00:00",100,0.479,0.548,0.364,0.461,0.531,0.509,0.54,0.485
"2018-05-12 15:30:00",101,0.48,0.549,0.359,0.462,0.532,0.51,0.538,0.489
"2018-05-12 16:00:00",102,0.482,0.552,0.357,0.463,0.533,0.513,0.542,0.493
"2018-05-12 16:30:00",103,0.483,0.555,0.355,0.467,0.534,0.517,0.547,0.492
"2018-05-12 17:00:00",104,0.482,0.556,0.351,0.468,0.534,0.517,0.549,0.489
"2018-05-12 17:30:00",105,0.493,0.564,0.398,0.48,0.542,0.531,0.556,0.502
"2018-05-12 18:00:00",106,0.512,0.577,0.422,0.497,0.557,0.546,0.565,0.523
"2018-05-12 18:30:00",107,0.524,0.584,0.451,0.506,0.564,0.556,0.572,0.543
"2018-05-12 19:00:00",108,0.548,0.598,0.493,0.524,0.583,0.576,0.58,0.564
"2018-05-12 19:30:00",109,0.576,0.614,0.537,0.547,0.606,0.601,0.589,0.582
"2018-05-12 20:00:00",110,0.596,0.627,0.573,0.564,0.625,0.619,0.598,0.596
"2018-05-12 20:30:00",111,0.607,0.633,0.577,0.573,0.635,0.629,0.604,0.604
"2018-05-12 21:00:00",112,0.604,0.623,0.561,0.57,0.631,0.619,0.604,0.598
"2018-05-12 21:30:00",113,0.606,0.617,0.596,0.57,0.626,0.609,0.524,0.51
"2018-05-12 22:00:00",114,0.606,0.54,0.534,0.567,0.617,0.602,0.489,0.518
"2018-05-12 22:30:00",115,0.61,0.511,0.548,0.557,0.627,0.612,0.527,0.556
"2018-05-12 23:00:00",116,0.612,0.512,0.557,0.567,0.633,0.617,0.546,0.574
"2018-05-12 23:30:00",117,0.614,0.516,0.563,0.572,0.634,0.622,0.549,0.579
"2018-05-13 00:00:00",118,0.616,0.518,0.576,0.573,0.635,0.624,0.551,0.581
"2018-05-13 00:30:00",119,0.616,0.52,0.581,0.574,0.636,0.626,0.554,0.585
"2018-05-13 01:00:00",120,0.617,0.526,0.585,0.575,0.636,0.63,0.555,0.589
"2018-05-13 01:30:00",121,0.618,0.528,0.591,0.575,0.636,0.63,0.558,0.591
"2018-05-13 02:00:00",122,0.618,0.529,0.598,0.576,0.636,0.63,0.56,0.591
"2018-05-13 02:30:00",123,0.617,0.524,0.594,0.578,0.637,0.626,0.561,0.594
"2018-05-13 03:00:00",124,0.615,0.519,0.593,0.576,0.636,0.619,0.558,0.589
"2018-05-13 03:30:00",125,0.614,0.518,0.595,0.576,0.635,0.618,0.556,0.586
"2018-05-13 04:00:00",126,0.613,0.517,0.599,0.576,0.636,0.618,0.555,0.581
"2018-05-13 04:30:00",127,0.614,0.518,0.601,0.577,0.636,0.619,0.555,0.579
"2018-05-13 05:00:00",128,0.615,0.52,0.604,0.577,0.637,0.62,0.555,0.583
"2018-05-13 05:30:00",129,0.616,0.523,0.61,0.578,0.637,0.62,0.556,0.587
"2018-05-13 06:00:00",130,0.617,0.527,0.609,0.577,0.637,0.625,0.53,0.558
"2018-05-13 06:30:00",131,0.617,0.517,0.609,0.578,0.638,0.618,0.484,0.524
"2018-05-13 07:00:00",132,0.617,0.493,0.591,0.578,0.638,0.605,0.491,0.528
"2018-05-13 07:30:00",133,0.616,0.489,0.557,0.531,0.639,0.603,0.502,0.546
"2018-05-13 08:00:00",134,0.616,0.493,0.552,0.494,0.639,0.608,0.527,0.567
"2018-05-13 08:30:00",135,0.617,0.499,0.55,0.501,0.64,0.611,0.54,0.578
"2018-05-13 09:00:00",136,0.617,0.502,0.547,0.489,0.642,0.613,0.545,0.581
"2018-05-13 09:30:00",137,0.617,0.507,0.55,0.478,0.642,0.617,0.547,0.583
"2018-05-13 10:00:00",138,0.619,0.51,0.557,0.489,0.643,0.619,0.548,0.584
"2018-05-13 10:30:00",139,0.616,0.505,0.565,0.492,0.643,0.612,0.547,0.573
"2018-05-13 11:00:00",140,0.615,0.503,0.566,0.492,0.643,0.611,0.543,0.568
"2018-05-13 11:30:00",141,0.618,0.509,0.574,0.477,0.643,0.62,0.54,0.558
"2018-05-13 12:00:00",142,0.619,0.513,0.576,0.475,0.644,0.622,0.545,0.561
"2018-05-13 12:30:00",143,0.618,0.515,0.572,0.486,0.644,0.621,0.546,0.571
"2018-05-13 13:00:00",144,0.619,0.517,0.575,0.491,0.645,0.623,0.546,0.576
"2018-05-13 13:30:00",145,0.619,0.517,0.581,0.494,0.646,0.622,0.545,0.576
"2018-05-13 14:00:00",146,0.618,0.513,0.597,0.496,0.646,0.618,0.543,0.572
"2018-05-13 14:30:00",147,0.619,0.513,0.602,0.499,0.646,0.62,0.543,0.575
"2018-05-13 15:00:00",148,0.619,0.514,0.6,0.501,0.645,0.621,0.542,0.576
"2018-05-13 15:30:00",149,0.62,0.515,0.599,0.502,0.645,0.622,0.543,0.577
"2018-05-13 16:00:00",150,0.621,0.516,0.597,0.502,0.645,0.624,0.544,0.577
"2018-05-13 16:30:00",151,0.62,0.517,0.589,0.502,0.644,0.624,0.546,0.58
"2018-05-13 17:00:00",152,0.619,0.518,0.576,0.508,0.641,0.623,0.548,0.584
"2018-05-13 17:30:00",153,0.618,0.519,0.571,0.514,0.638,0.623,0.55,0.587
"2018-05-13 18:00:00",154,0.618,0.52,0.574,0.521,0.639,0.623,0.552,0.59
"2018-05-13 18:30:00",155,0.617,0.52,0.566,0.524,0.636,0.621,0.552,0.589
"2018-05-13 19:00:00",156,0.617,0.521,0.569,0.529,0.637,0.621,0.554,0.591
"2018-05-13 19:30:00",157,0.618,0.524,0.576,0.538,0.638,0.623,0.555,0.593
"2018-05-13 20:00:00",158,0.621,0.527,0.588,0.548,0.642,0.625,0.556,0.594
"2018-05-13 20:30:00",159,0.623,0.528,0.597,0.557,0.645,0.628,0.556,0.594
"2018-05-13 21:00:00",160,0.624,0.529,0.605,0.563,0.647,0.629,0.555,0.594
"2018-05-13 21:30:00",161,0.624,0.533,0.614,0.568,0.648,0.629,0.556,0.595
"2018-05-13 22:00:00",162,0.624,0.531,0.618,0.57,0.649,0.629,0.555,0.592
"2018-05-13 22:30:00",163,0.624,0.532,0.62,0.571,0.649,0.629,0.554,0.587
"2018-05-13 23:00:00",164,0.621,0.52,0.596,0.559,0.644,0.62,0.514,0.532
"2018-05-13 23:30:00",165,0.619,0.488,0.533,0.532,0.645,0.598,0.491,0.537
"2018-05-14 00:00:00",166,0.616,0.487,0.535,0.532,0.641,0.601,0.517,0.559
"2018-05-14 00:30:00",167,0.615,0.492,0.558,0.533,0.64,0.607,0.533,0.573
"2018-05-14 01:00:00",168,0.615,0.496,0.564,0.536,0.64,0.612,0.541,0.58
"2018-05-14 01:30:00",169,0.614,0.5,0.568,0.54,0.64,0.616,0.545,0.585
"2018-05-14 02:00:00",170,0.615,0.504,0.571,0.545,0.641,0.619,0.547,0.587
"2018-05-14 02:30:00",171,0.614,0.507,0.579,0.55,0.641,0.621,0.549,0.589
"2018-05-14 03:00:00",172,0.614,0.509,0.585,0.554,0.641,0.622,0.548,0.59
"2018-05-14 03:30:00",173,0.613,0.511,0.587,0.558,0.641,0.623,0.548,0.591
"2018-05-14 04:00:00",174,0.614,0.513,0.59,0.562,0.641,0.624,0.548,0.59
"2018-05-14 04:30:00",175,0.615,0.515,0.593,0.566,0.641,0.626,0.548,0.591
"2018-05-14 05:00:00",176,0.615,0.518,0.595,0.568,0.642,0.628,0.55,0.591
"2018-05-14 05:30:00",177,0.616,0.519,0.599,0.57,0.642,0.63,0.551,0.592
"2018-05-14 06:00:00",178,0.615,0.518,0.599,0.57,0.641,0.63,0.551,0.592
"2018-05-14 06:30:00",179,0.615,0.519,0.602,0.571,0.641,0.631,0.551,0.592
"2018-05-14 07:00:00",180,0.615,0.519,0.603,0.571,0.641,0.63,0.55,0.591
"2018-05-14 07:30:00",181,0.614,0.519,0.604,0.572,0.641,0.631,0.552,0.592
"2018-05-14 08:00:00",182,0.614,0.52,0.603,0.572,0.642,0.632,0.551,0.592
"2018-05-14 08:30:00",183,0.616,0.521,0.601,0.573,0.642,0.633,0.55,0.591
"2018-05-14 09:00:00",184,0.618,0.523,0.599,0.574,0.643,0.633,0.55,0.591
"2018-05-14 09:30:00",185,0.618,0.522,0.596,0.575,0.644,0.632,0.549,0.59
"2018-05-14 10:00:00",186,0.619,0.523,0.589,0.576,0.645,0.632,0.55,0.591
"2018-05-14 10:30:00",187,0.62,0.524,0.58,0.576,0.646,0.632,0.55,0.591
"2018-05-14 11:00:00",188,0.62,0.525,0.567,0.575,0.647,0.634,0.548,0.591
"2018-05-14 11:30:00",189,0.62,0.523,0.551,0.572,0.645,0.631,0.546,0.587
"2018-05-14 12:00:00",190,0.618,0.522,0.536,0.566,0.641,0.629,0.545,0.586
"2018-05-14 12:30:00",191,0.619,0.521,0.534,0.563,0.64,0.629,0.546,0.585
"2018-05-14 13:00:00",192,0.612,0.52,0.519,0.559,0.636,0.625,0.547,0.586
"2018-05-14 13:30:00",193,0.603,0.514,0.505,0.551,0.627,0.617,0.547,0.585
"2018-05-14 14:00:00",194,0.595,0.511,0.497,0.546,0.622,0.611,0.548,0.584
"2018-05-14 14:30:00",195,0.582,0.504,0.478,0.537,0.613,0.599,0.547,0.582
"2018-05-14 15:00:00",196,0.567,0.495,0.459,0.524,0.6,0.585,0.546,0.578
"2018-05-14 15:30:00",197,0.554,0.488,0.446,0.513,0.589,0.571,0.543,0.572
"2018-05-14 16:00:00",198,0.542,0.482,0.439,0.504,0.579,0.559,0.543,0.569
"2018-05-14 16:30:00",199,0.528,0.473,0.423,0.493,0.568,0.545,0.54,0.559
"2018-05-14 17:00:00",200,0.521,0.469,0.423,0.489,0.563,0.542,0.538,0.547
"2018-05-14 17:30:00",201,0.529,0.476,0.437,0.498,0.572,0.551,0.539,0.543
"2018-05-14 18:00:00",202,0.543,0.485,0.456,0.512,0.584,0.566,0.538,0.543
"2018-05-14 18:30:00",203,0.565,0.499,0.496,0.532,0.604,0.588,0.54,0.552
"2018-05-14 19:00:00",204,0.586,0.513,0.531,0.551,0.621,0.606,0.543,0.564
"2018-05-14 19:30:00",205,0.599,0.519,0.553,0.563,0.633,0.617,0.545,0.571
"2018-05-14 20:00:00",206,0.606,0.523,0.567,0.57,0.64,0.622,0.544,0.576
"2018-05-14 20:30:00",207,0.609,0.52,0.557,0.543,0.641,0.609,0.496,0.535
"2018-05-14 21:00:00",208,0.604,0.49,0.491,0.464,0.639,0.59,0.473,0.511
"2018-05-14 21:30:00",209,0.605,0.488,0.501,0.469,0.639,0.592,0.503,0.524
"2018-05-14 22:00:00",210,0.608,0.487,0.514,0.467,0.64,0.586,0.487,0.511
"2018-05-14 22:30:00",211,0.606,0.484,0.527,0.465,0.64,0.585,0.49,0.517
"2018-05-14 23:00:00",212,0.605,0.486,0.526,0.468,0.639,0.59,0.505,0.531
"2018-05-14 23:30:00",213,0.607,0.49,0.532,0.472,0.64,0.595,0.519,0.549
"2018-05-15 00:00:00",214,0.608,0.493,0.54,0.482,0.641,0.601,0.529,0.565
"2018-05-15 00:30:00",215,0.608,0.496,0.545,0.495,0.642,0.605,0.533,0.573
"2018-05-15 01:00:00",216,0.608,0.501,0.55,0.507,0.642,0.609,0.538,0.577
"2018-05-15 01:30:00",217,0.608,0.503,0.555,0.511,0.642,0.613,0.54,0.58
"2018-05-15 02:00:00",218,0.609,0.507,0.562,0.476,0.641,0.616,0.541,0.582
"2018-05-15 02:30:00",219,0.61,0.509,0.566,0.481,0.642,0.618,0.541,0.583
"2018-05-15 03:00:00",220,0.611,0.512,0.572,0.486,0.642,0.62,0.542,0.584
"2018-05-15 03:30:00",221,0.61,0.513,0.574,0.489,0.642,0.622,0.54,0.584
"2018-05-15 04:00:00",222,0.61,0.515,0.576,0.491,0.642,0.624,0.54,0.585
"2018-05-15 04:30:00",223,0.611,0.515,0.579,0.493,0.642,0.625,0.538,0.584
"2018-05-15 05:00:00",224,0.612,0.516,0.583,0.494,0.644,0.624,0.539,0.584
"2018-05-15 05:30:00",225,0.613,0.518,0.584,0.496,0.645,0.627,0.541,0.585
"2018-05-15 06:00:00",226,0.615,0.519,0.583,0.497,0.646,0.629,0.54,0.585
"2018-05-15 06:30:00",227,0.611,0.52,0.572,0.498,0.646,0.628,0.534,0.583
"2018-05-15 07:00:00",228,0.597,0.521,0.556,0.498,0.646,0.627,0.535,0.583
"2018-05-15 07:30:00",229,0.585,0.52,0.521,0.493,0.639,0.62,0.535,0.58
"2018-05-15 08:00:00",230,0.573,0.514,0.479,0.481,0.621,0.6,0.533,0.575
"2018-05-15 08:30:00",231,0.554,0.505,0.455,0.468,0.608,0.577,0.533,0.572
"2018-05-15 09:00:00",232,0.525,0.489,0.426,0.451,0.591,0.551,0.531,0.565
"2018-05-15 09:30:00",233,0.506,0.475,0.405,0.433,0.573,0.534,0.528,0.555
"2018-05-15 10:00:00",234,0.498,0.468,0.395,0.424,0.563,0.526,0.526,0.543
"2018-05-15 10:30:00",235,0.488,0.46,0.374,0.411,0.55,0.516,0.52,0.519
"2018-05-15 11:00:00",236,0.493,0.461,0.387,0.411,0.551,0.52,0.513,0.503
"2018-05-15 11:30:00",237,0.48,0.455,0.369,0.407,0.54,0.511,0.505,0.48
"2018-05-15 12:00:00",238,0.473,0.449,0.354,0.408,0.533,0.506,0.495,0.462
"2018-05-15 12:30:00",239,0.469,0.447,0.342,0.415,0.53,0.503,0.488,0.452
"2018-05-15 13:00:00",240,0.466,0.445,0.336,0.419,0.528,0.501,0.481,0.447
"2018-05-15 13:30:00",241,0.465,0.446,0.326,0.425,0.526,0.501,0.477,0.445
"2018-05-15 14:00:00",242,0.468,0.45,0.334,0.434,0.527,0.504,0.477,0.453
"2018-05-15 14:30:00",243,0.468,0.452,0.342,0.44,0.527,0.506,0.478,0.457
"2018-05-15 15:00:00",244,0.466,0.452,0.338,0.441,0.524,0.503,0.477,0.46
"2018-05-15 15:30:00",245,0.464,0.453,0.333,0.443,0.523,0.503,0.477,0.463
"2018-05-15 16:00:00",246,0.462,0.457,0.34,0.446,0.522,0.503,0.476,0.463
"2018-05-15 16:30:00",247,0.464,0.462,0.347,0.451,0.524,0.507,0.481,0.465
"2018-05-15 17:00:00",248,0.469,0.473,0.361,0.46,0.528,0.513,0.486,0.472
"2018-05-15 17:30:00",249,0.475,0.484,0.38,0.467,0.532,0.519,0.491,0.482
"2018-05-15 18:00:00",250,0.488,0.499,0.397,0.479,0.539,0.53,0.498,0.5
"2018-05-15 18:30:00",251,0.507,0.515,0.43,0.493,0.551,0.546,0.506,0.523
"2018-05-15 19:00:00",252,0.53,0.535,0.465,0.514,0.571,0.567,0.515,0.542
"2018-05-15 19:30:00",253,0.556,0.553,0.497,0.53,0.59,0.584,0.523,0.557
"2018-05-15 20:00:00",254,0.583,0.572,0.532,0.548,0.614,0.606,0.532,0.569
"2018-05-15 20:30:00",255,0.597,0.584,0.551,0.559,0.628,0.617,0.536,0.575
"2018-05-15 21:00:00",256,0.597,0.576,0.558,0.558,0.631,0.611,0.534,0.569
"2018-05-15 21:30:00",257,0.596,0.565,0.589,0.55,0.621,0.597,0.533,0.568
"2018-05-15 22:00:00",258,0.597,0.557,0.552,0.517,0.626,0.595,0.493,0.539
"2018-05-15 22:30:00",259,0.597,0.525,0.479,0.5,0.636,0.589,0.452,0.5
"2018-05-15 23:00:00",260,0.6,0.51,0.496,0.518,0.64,0.586,0.455,0.501
"2018-05-15 23:30:00",261,0.603,0.506,0.503,0.519,0.639,0.589,0.463,0.517
"2018-05-16 00:00:00",262,0.605,0.502,0.512,0.519,0.639,0.591,0.472,0.517
"2018-05-16 00:30:00",263,0.608,0.499,0.514,0.519,0.639,0.589,0.48,0.541
"2018-05-16 01:00:00",264,0.609,0.501,0.511,0.52,0.64,0.597,0.506,0.565
"2018-05-16 01:30:00",265,0.609,0.504,0.52,0.523,0.642,0.602,0.525,0.576
"2018-05-16 02:00:00",266,0.61,0.508,0.533,0.528,0.643,0.606,0.535,0.583
"2018-05-16 02:30:00",267,0.609,0.511,0.545,0.534,0.643,0.611,0.54,0.586
"2018-05-16 03:00:00",268,0.609,0.515,0.553,0.538,0.643,0.614,0.544,0.586
"2018-05-16 03:30:00",269,0.609,0.518,0.562,0.543,0.643,0.617,0.546,0.588
"2018-05-16 04:00:00",270,0.61,0.521,0.572,0.547,0.643,0.618,0.547,0.59
"2018-05-16 04:30:00",271,0.61,0.524,0.573,0.551,0.643,0.619,0.548,0.589
"2018-05-16 05:00:00",272,0.61,0.527,0.577,0.553,0.643,0.621,0.549,0.59
"2018-05-16 05:30:00",273,0.61,0.529,0.579,0.554,0.644,0.622,0.549,0.591
"2018-05-16 06:00:00",274,0.61,0.53,0.582,0.555,0.643,0.621,0.549,0.59
"2018-05-16 06:30:00",275,0.61,0.531,0.585,0.556,0.642,0.622,0.549,0.59
"2018-05-16 07:00:00",276,0.61,0.53,0.585,0.556,0.643,0.623,0.549,0.588
"2018-05-16 07:30:00",277,0.61,0.53,0.583,0.557,0.643,0.624,0.549,0.589
"2018-05-16 08:00:00",278,0.612,0.53,0.579,0.558,0.644,0.624,0.549,0.59
"2018-05-16 08:30:00",279,0.613,0.528,0.566,0.558,0.645,0.622,0.547,0.589
"2018-05-16 09:00:00",280,0.611,0.527,0.553,0.557,0.645,0.622,0.545,0.588
"2018-05-16 09:30:00",281,0.61,0.526,0.54,0.554,0.644,0.622,0.544,0.584
"2018-05-16 10:00:00",282,0.611,0.525,0.538,0.552,0.643,0.623,0.543,0.586
"2018-05-16 10:30:00",283,0.609,0.523,0.527,0.549,0.64,0.622,0.542,0.586
"2018-05-16 11:00:00",284,0.601,0.519,0.502,0.54,0.632,0.616,0.542,0.586
"2018-05-16 11:30:00",285,0.593,0.515,0.488,0.533,0.624,0.61,0.541,0.585
"2018-05-16 12:00:00",286,0.59,0.515,0.489,0.532,0.622,0.607,0.54,0.585
"2018-05-16 12:30:00",287,0.584,0.513,0.478,0.528,0.618,0.602,0.541,0.585
"2018-05-16 13:00:00",288,0.585,0.513,0.486,0.529,0.618,0.601,0.539,0.584
"2018-05-16 13:30:00",289,0.58,0.512,0.478,0.526,0.615,0.598,0.539,0.584
"2018-05-16 14:00:00",290,0.577,0.512,0.477,0.523,0.61,0.595,0.538,0.582
"2018-05-16 14:30:00",291,0.589,0.519,0.508,0.53,0.623,0.601,0.511,0.548
"2018-05-16 15:00:00",292,0.599,0.507,0.481,0.509,0.635,0.584,0.461,0.504
"2018-05-16 15:30:00",293,0.601,0.496,0.468,0.506,0.637,0.583,0.461,0.503
"2018-05-16 16:00:00",294,0.601,0.49,0.463,0.506,0.635,0.581,0.464,0.512
"2018-05-16 16:30:00",295,0.6,0.489,0.466,0.505,0.634,0.588,0.481,0.534
"2018-05-16 17:00:00",296,0.6,0.488,0.488,0.506,0.635,0.593,0.493,0.548
"2018-05-16 17:30:00",297,0.602,0.491,0.508,0.507,0.637,0.601,0.505,0.531
"2018-05-16 18:00:00",298,0.604,0.493,0.527,0.509,0.64,0.604,0.5,0.554
"2018-05-16 18:30:00",299,0.604,0.493,0.532,0.509,0.641,0.603,0.513,0.551
"2018-05-16 19:00:00",300,0.605,0.495,0.535,0.508,0.641,0.604,0.5,0.529
"2018-05-16 19:30:00",301,0.603,0.486,0.53,0.502,0.642,0.586,0.467,0.505
"2018-05-16 20:00:00",302,0.598,0.475,0.507,0.501,0.642,0.573,0.458,0.506
"2018-05-16 20:30:00",303,0.596,0.475,0.505,0.501,0.64,0.573,0.46,0.508
"2018-05-16 21:00:00",304,0.593,0.472,0.499,0.5,0.639,0.572,0.459,0.507
"2018-05-16 21:30:00",305,0.591,0.47,0.493,0.498,0.626,0.57,0.454,0.503
"2018-05-16 22:00:00",306,0.59,0.471,0.489,0.5,0.617,0.574,0.472,0.522
"2018-05-16 22:30:00",307,0.594,0.475,0.504,0.501,0.627,0.587,0.493,0.552
"2018-05-16 23:00:00",308,0.595,0.479,0.499,0.501,0.631,0.594,0.511,0.568
"2018-05-16 23:30:00",309,0.596,0.484,0.507,0.501,0.632,0.595,0.51,0.547
"2018-05-17 00:00:00",310,0.596,0.475,0.506,0.498,0.632,0.576,0.474,0.523
"2018-05-17 00:30:00",311,0.595,0.472,0.496,0.497,0.628,0.575,0.475,0.534
"2018-05-17 01:00:00",312,0.595,0.475,0.496,0.498,0.628,0.585,0.495,0.559
"2018-05-17 01:30:00",313,0.595,0.479,0.496,0.498,0.629,0.592,0.51,0.569
"2018-05-17 02:00:00",314,0.595,0.483,0.5,0.499,0.631,0.596,0.519,0.569
"2018-05-17 02:30:00",315,0.596,0.487,0.507,0.502,0.631,0.6,0.523,0.57
"2018-05-17 03:00:00",316,0.597,0.49,0.513,0.504,0.632,0.601,0.526,0.573
"2018-05-17 03:30:00",317,0.597,0.493,0.518,0.506,0.632,0.602,0.526,0.573
"2018-05-17 04:00:00",318,0.597,0.497,0.523,0.508,0.633,0.603,0.53,0.576
"2018-05-17 04:30:00",319,0.597,0.496,0.531,0.511,0.633,0.602,0.532,0.58
"2018-05-17 05:00:00",320,0.597,0.496,0.536,0.513,0.634,0.601,0.533,0.579
"2018-05-17 05:30:00",321,0.597,0.497,0.542,0.516,0.634,0.602,0.535,0.58
"2018-05-17 06:00:00",322,0.597,0.496,0.546,0.517,0.633,0.602,0.535,0.58
"2018-05-17 06:30:00",323,0.596,0.496,0.546,0.519,0.633,0.602,0.535,0.578
"2018-05-17 07:00:00",324,0.596,0.497,0.549,0.522,0.633,0.603,0.536,0.579
"2018-05-17 07:30:00",325,0.596,0.498,0.552,0.524,0.632,0.602,0.537,0.582
"2018-05-17 08:00:00",326,0.596,0.498,0.551,0.525,0.633,0.601,0.537,0.581
"2018-05-17 08:30:00",327,0.596,0.498,0.555,0.526,0.634,0.6,0.537,0.58
"2018-05-17 09:00:00",328,0.597,0.499,0.559,0.528,0.634,0.601,0.537,0.583
"2018-05-17 09:30:00",329,0.598,0.498,0.558,0.529,0.635,0.602,0.536,0.578
"2018-05-17 10:00:00",330,0.6,0.5,0.555,0.531,0.635,0.605,0.537,0.559
"2018-05-17 10:30:00",331,0.601,0.499,0.557,0.532,0.636,0.604,0.537,0.56
"2018-05-17 11:00:00",332,0.602,0.499,0.554,0.533,0.638,0.604,0.533,0.568
"2018-05-17 11:30:00",333,0.603,0.5,0.552,0.522,0.638,0.603,0.525,0.543
"2018-05-17 12:00:00",334,0.601,0.495,0.546,0.51,0.637,0.597,0.496,0.55
"2018-05-17 12:30:00",335,0.601,0.495,0.503,0.503,0.638,0.594,0.499,0.562
"2018-05-17 13:00:00",336,0.603,0.489,0.493,0.503,0.639,0.596,0.508,0.568
"2018-05-17 13:30:00",337,0.604,0.486,0.487,0.502,0.639,0.598,0.49,0.539
"2018-05-17 14:00:00",338,0.605,0.488,0.486,0.502,0.639,0.593,0.468,0.553
"2018-05-17 14:30:00",339,0.605,0.482,0.48,0.503,0.639,0.596,0.478,0.562
"2018-05-17 15:00:00",340,0.604,0.483,0.483,0.503,0.639,0.592,0.462,0.527
"2018-05-17 15:30:00",341,0.604,0.479,0.481,0.501,0.639,0.587,0.455,0.539
"2018-05-17 16:00:00",342,0.6,0.472,0.474,0.499,0.632,0.581,0.437,0.514
"2018-05-17 16:30:00",343,0.592,0.46,0.449,0.496,0.607,0.569,0.418,0.502
"2018-05-17 17:00:00",344,0.592,0.46,0.451,0.496,0.613,0.569,0.421,0.5
"2018-05-17 17:30:00",345,0.584,0.456,0.44,0.494,0.591,0.565,0.412,0.499
"2018-05-17 18:00:00",346,0.583,0.456,0.441,0.495,0.587,0.566,0.412,0.499
"2018-05-17 18:30:00",347,0.585,0.457,0.448,0.495,0.595,0.567,0.412,0.5
"2018-05-17 19:00:00",348,0.587,0.457,0.451,0.495,0.605,0.568,0.415,0.503
"2018-05-17 19:30:00",349,0.586,0.458,0.448,0.495,0.609,0.569,0.421,0.508
"2018-05-17 20:00:00",350,0.588,0.461,0.441,0.494,0.613,0.572,0.428,0.509
"2018-05-17 20:30:00",351,0.588,0.458,0.448,0.494,0.614,0.569,0.424,0.504
"2018-05-17 21:00:00",352,0.588,0.458,0.444,0.493,0.613,0.568,0.424,0.503
"2018-05-17 21:30:00",353,0.588,0.458,0.446,0.492,0.613,0.569,0.43,0.509
"2018-05-17 22:00:00",354,0.588,0.46,0.453,0.492,0.616,0.574,0.443,0.522
"2018-05-17 22:30:00",355,0.59,0.465,0.454,0.491,0.62,0.578,0.449,0.526
"2018-05-17 23:00:00",356,0.591,0.466,0.455,0.491,0.622,0.58,0.452,0.523
"2018-05-17 23:30:00",357,0.592,0.467,0.454,0.491,0.623,0.578,0.45,0.534
"2018-05-18 00:00:00",358,0.592,0.467,0.453,0.49,0.623,0.581,0.456,0.529
"2018-05-18 00:30:00",359,0.59,0.467,0.458,0.49,0.623,0.576,0.451,0.533
"2018-05-18 01:00:00",360,0.592,0.47,0.459,0.489,0.625,0.577,0.456,0.529
"2018-05-18 01:30:00",361,0.586,0.458,0.433,0.472,0.604,0.56,0.415,0.502
"2018-05-18 02:00:00",362,0.582,0.451,0.429,0.463,0.591,0.529,0.41,0.502
"2018-05-18 02:30:00",363,0.585,0.45,0.434,0.48,0.599,0.516,0.415,0.505
"2018-05-18 03:00:00",364,0.585,0.448,0.433,0.482,0.599,0.512,0.413,0.505
"2018-05-18 03:30:00",365,0.585,0.45,0.431,0.482,0.602,0.511,0.418,0.507
"2018-05-18 04:00:00",366,0.585,0.453,0.429,0.483,0.604,0.515,0.434,0.52
"2018-05-18 04:30:00",367,0.586,0.457,0.432,0.483,0.608,0.518,0.444,0.523
"2018-05-18 05:00:00",368,0.587,0.459,0.436,0.482,0.612,0.519,0.449,0.53
"2018-05-18 05:30:00",369,0.586,0.462,0.437,0.482,0.615,0.52,0.453,0.523
"2018-05-18 06:00:00",370,0.587,0.463,0.439,0.481,0.618,0.52,0.453,0.52
"2018-05-18 06:30:00",371,0.589,0.46,0.437,0.478,0.615,0.514,0.428,0.506
"2018-05-18 07:00:00",372,0.584,0.451,0.429,0.474,0.601,0.504,0.41,0.504
"2018-05-18 07:30:00",373,0.582,0.45,0.428,0.472,0.596,0.502,0.413,0.504
"2018-05-18 08:00:00",374,0.583,0.451,0.428,0.471,0.599,0.503,0.415,0.505
"2018-05-18 08:30:00",375,0.583,0.452,0.429,0.469,0.602,0.504,0.421,0.506
"2018-05-18 09:00:00",376,0.585,0.455,0.428,0.469,0.606,0.508,0.433,0.518
"2018-05-18 09:30:00",377,0.588,0.461,0.425,0.469,0.613,0.515,0.448,0.535
"2018-05-18 10:00:00",378,0.59,0.467,0.42,0.47,0.618,0.522,0.455,0.54
"2018-05-18 10:30:00",379,0.59,0.472,0.421,0.472,0.621,0.525,0.46,0.545
"2018-05-18 11:00:00",380,0.593,0.476,0.432,0.476,0.625,0.528,0.465,0.549
"2018-05-18 11:30:00",381,0.596,0.478,0.435,0.476,0.627,0.529,0.458,0.524
"2018-05-18 12:00:00",382,0.597,0.476,0.436,0.474,0.628,0.517,0.439,0.516
"2018-05-18 12:30:00",383,0.595,0.464,0.426,0.472,0.624,0.51,0.427,0.509
"2018-05-18 13:00:00",384,0.593,0.458,0.421,0.471,0.609,0.506,0.418,0.506
"2018-05-18 13:30:00",385,0.59,0.456,0.415,0.471,0.602,0.505,0.404,0.499
"2018-05-18 14:00:00",386,0.588,0.456,0.409,0.471,0.599,0.505,0.412,0.502
"2018-05-18 14:30:00",387,0.589,0.458,0.416,0.473,0.607,0.509,0.427,0.512
"2018-05-18 15:00:00",388,0.589,0.456,0.442,0.474,0.611,0.508,0.439,0.528
"2018-05-18 15:30:00",389,0.592,0.457,0.456,0.475,0.615,0.507,0.441,0.517
"2018-05-18 16:00:00",390,0.594,0.455,0.461,0.478,0.617,0.51,0.444,0.536
"2018-05-18 16:30:00",391,0.597,0.46,0.462,0.482,0.62,0.52,0.458,0.548
"2018-05-18 17:00:00",392,0.599,0.467,0.464,0.487,0.624,0.527,0.465,0.549
"2018-05-18 17:30:00",393,0.6,0.469,0.468,0.485,0.625,0.523,0.46,0.523
"2018-05-18 18:00:00",394,0.6,0.465,0.467,0.485,0.626,0.519,0.453,0.534
"2018-05-18 18:30:00",395,0.6,0.464,0.467,0.486,0.627,0.523,0.457,0.538
"2018-05-18 19:00:00",396,0.597,0.454,0.465,0.481,0.614,0.511,0.424,0.497
"2018-05-18 19:30:00",397,0.597,0.448,0.46,0.481,0.617,0.507,0.423,0.497
"2018-05-18 20:00:00",398,0.596,0.449,0.461,0.482,0.625,0.509,0.437,0.515
"2018-05-18 20:30:00",399,0.596,0.454,0.465,0.484,0.627,0.514,0.451,0.535
"2018-05-18 21:00:00",400,0.597,0.46,0.463,0.487,0.628,0.517,0.458,0.523
"2018-05-18 21:30:00",401,0.597,0.455,0.467,0.484,0.628,0.512,0.44,0.515
"2018-05-18 22:00:00",402,0.597,0.452,0.463,0.484,0.63,0.513,0.443,0.526
"2018-05-18 22:30:00",403,0.597,0.456,0.458,0.485,0.629,0.516,0.449,0.526
"2018-05-18 23:00:00",404,0.597,0.457,0.455,0.485,0.629,0.517,0.453,0.541
"2018-05-18 23:30:00",405,0.598,0.461,0.453,0.485,0.631,0.521,0.46,0.533
"2018-05-19 00:00:00",406,0.598,0.463,0.461,0.483,0.631,0.517,0.448,0.526
"2018-05-19 00:30:00",407,0.599,0.46,0.463,0.481,0.631,0.516,0.447,0.534
"2018-05-19 01:00:00",408,0.599,0.459,0.46,0.479,0.632,0.515,0.439,0.516
"2018-05-19 01:30:00",409,0.597,0.452,0.455,0.476,0.626,0.508,0.421,0.512
"2018-05-19 02:00:00",410,0.59,0.448,0.445,0.472,0.609,0.504,0.41,0.506
"2018-05-19 02:30:00",411,0.592,0.45,0.441,0.472,0.625,0.506,0.423,0.523
"2018-05-19 03:00:00",412,0.591,0.453,0.44,0.471,0.63,0.507,0.442,0.546
"2018-05-19 03:30:00",413,0.591,0.455,0.439,0.47,0.629,0.506,0.444,0.536
"2018-05-19 04:00:00",414,0.591,0.451,0.44,0.466,0.629,0.504,0.429,0.512
"2018-05-19 04:30:00",415,0.59,0.45,0.439,0.464,0.628,0.503,0.423,0.511
"2018-05-19 05:00:00",416,0.591,0.452,0.436,0.463,0.628,0.506,0.435,0.529
"2018-05-19 05:30:00",417,0.592,0.455,0.433,0.462,0.625,0.507,0.442,0.521
"2018-05-19 06:00:00",418,0.591,0.453,0.431,0.459,0.625,0.506,0.43,0.52
"2018-05-19 06:30:00",419,0.591,0.454,0.428,0.459,0.624,0.509,0.444,0.538
"2018-05-19 07:00:00",420,0.591,0.458,0.426,0.46,0.624,0.512,0.453,0.536
"2018-05-19 07:30:00",421,0.592,0.461,0.425,0.46,0.624,0.514,0.453,0.539
"2018-05-19 08:00:00",422,0.594,0.463,0.422,0.46,0.624,0.516,0.457,0.537
"2018-05-19 08:30:00",423,0.594,0.463,0.42,0.459,0.623,0.511,0.445,0.537
"2018-05-19 09:00:00",424,0.593,0.46,0.419,0.459,0.623,0.512,0.448,0.553
"2018-05-19 09:30:00",425,0.594,0.464,0.416,0.459,0.622,0.517,0.455,0.56
"2018-05-19 10:00:00",426,0.595,0.468,0.413,0.46,0.622,0.521,0.461,0.566
"2018-05-19 10:30:00",427,0.595,0.472,0.425,0.461,0.622,0.525,0.466,0.569
"2018-05-19 11:00:00",428,0.597,0.478,0.426,0.462,0.623,0.529,0.47,0.569
"2018-05-19 11:30:00",429,0.599,0.484,0.428,0.464,0.623,0.534,0.473,0.571
"2018-05-19 12:00:00",430,0.599,0.488,0.427,0.466,0.625,0.536,0.474,0.575
"2018-05-19 12:30:00",431,0.601,0.489,0.428,0.468,0.628,0.538,0.475,0.574
"2018-05-19 13:00:00",432,0.603,0.492,0.426,0.47,0.629,0.541,0.474,0.555
"2018-05-19 13:30:00",433,0.604,0.493,0.427,0.471,0.63,0.539,0.457,0.568
"2018-05-19 14:00:00",434,0.604,0.494,0.418,0.47,0.63,0.541,0.453,0.545
"2018-05-19 14:30:00",435,0.606,0.492,0.41,0.466,0.628,0.535,0.437,0.552
"2018-05-19 15:00:00",436,0.607,0.479,0.397,0.465,0.627,0.533,0.448,0.565
"2018-05-19 15:30:00",437,0.608,0.478,0.392,0.467,0.625,0.537,0.459,0.571
"2018-05-19 16:00:00",438,0.608,0.481,0.395,0.469,0.625,0.54,0.466,0.571
"2018-05-19 16:30:00",439,0.609,0.485,0.4,0.472,0.625,0.543,0.47,0.567
"2018-05-19 17:00:00",440,0.609,0.49,0.408,0.474,0.625,0.546,0.471,0.57
"2018-05-19 17:30:00",441,0.609,0.493,0.409,0.475,0.625,0.547,0.471,0.571
"2018-05-19 18:00:00",442,0.608,0.496,0.413,0.477,0.626,0.548,0.469,0.569
"2018-05-19 18:30:00",443,0.607,0.5,0.424,0.479,0.627,0.55,0.47,0.572
"2018-05-19 19:00:00",444,0.607,0.501,0.429,0.48,0.629,0.549,0.471,0.572
"2018-05-19 19:30:00",445,0.606,0.504,0.443,0.48,0.629,0.548,0.474,0.573
"2018-05-19 20:00:00",446,0.605,0.506,0.454,0.48,0.628,0.548,0.476,0.575
"2018-05-19 20:30:00",447,0.604,0.507,0.455,0.48,0.628,0.547,0.477,0.576
"2018-05-19 21:00:00",448,0.602,0.507,0.456,0.48,0.627,0.547,0.477,0.576
"2018-05-19 21:30:00",449,0.602,0.508,0.459,0.479,0.624,0.547,0.477,0.577
"2018-05-19 22:00:00",450,0.601,0.509,0.46,0.479,0.622,0.547,0.478,0.578
"2018-05-19 22:30:00",451,0.6,0.509,0.463,0.479,0.62,0.547,0.48,0.579
"2018-05-19 23:00:00",452,0.6,0.509,0.465,0.479,0.618,0.547,0.481,0.579
"2018-05-19 23:30:00",453,0.599,0.509,0.468,0.48,0.617,0.548,0.48,0.58
"2018-05-20 00:00:00",454,0.599,0.509,0.47,0.48,0.616,0.548,0.48,0.58
"2018-05-20 00:30:00",455,0.599,0.509,0.472,0.48,0.614,0.548,0.481,0.579
"2018-05-20 01:00:00",456,0.599,0.51,0.473,0.481,0.613,0.549,0.481,0.579
"2018-05-20 01:30:00",457,0.599,0.509,0.469,0.48,0.611,0.548,0.481,0.578
"2018-05-20 02:00:00",458,0.599,0.509,0.472,0.481,0.61,0.548,0.48,0.579
"2018-05-20 02:30:00",459,0.598,0.51,0.47,0.481,0.609,0.548,0.479,0.578
"2018-05-20 03:00:00",460,0.598,0.509,0.467,0.48,0.608,0.548,0.479,0.578
"2018-05-20 03:30:00",461,0.598,0.509,0.471,0.48,0.606,0.548,0.479,0.578
"2018-05-20 04:00:00",462,0.598,0.509,0.471,0.48,0.605,0.548,0.479,0.577
"2018-05-20 04:30:00",463,0.599,0.509,0.473,0.48,0.605,0.548,0.479,0.576
"2018-05-20 05:00:00",464,0.599,0.509,0.474,0.481,0.604,0.549,0.479,0.576
"2018-05-20 05:30:00",465,0.599,0.51,0.479,0.482,0.604,0.55,0.48,0.577
"2018-05-20 06:00:00",466,0.599,0.51,0.48,0.483,0.603,0.551,0.48,0.578
"2018-05-20 06:30:00",467,0.6,0.511,0.481,0.485,0.603,0.552,0.48,0.578
"2018-05-20 07:00:00",468,0.601,0.511,0.48,0.486,0.604,0.552,0.478,0.577
"2018-05-20 07:30:00",469,0.6,0.512,0.474,0.487,0.604,0.553,0.476,0.577
"2018-05-20 08:00:00",470,0.596,0.511,0.459,0.487,0.602,0.552,0.476,0.576
"2018-05-20 08:30:00",471,0.581,0.505,0.417,0.479,0.589,0.545,0.474,0.575
"2018-05-20 09:00:00",472,0.544,0.491,0.372,0.454,0.552,0.522,0.473,0.573
"2018-05-20 09:30:00",473,0.507,0.47,0.346,0.432,0.529,0.494,0.473,0.569
"2018-05-20 10:00:00",474,0.488,0.456,0.338,0.42,0.518,0.479,0.473,0.561
"2018-05-20 10:30:00",475,0.482,0.45,0.329,0.417,0.513,0.473,0.472,0.545
"2018-05-20 11:00:00",476,0.475,0.446,0.326,0.419,0.507,0.47,0.47,0.527
"2018-05-20 11:30:00",477,0.468,0.443,0.32,0.42,0.503,0.467,0.462,0.505
"2018-05-20 12:00:00",478,0.465,0.442,0.317,0.422,0.5,0.466,0.456,0.497
"2018-05-20 12:30:00",479,0.462,0.44,0.312,0.424,0.497,0.465,0.454,0.473
"2018-05-20 13:00:00",480,0.46,0.44,0.308,0.427,0.495,0.465,0.455,0.452
"2018-05-20 13:30:00",481,0.459,0.44,0.31,0.43,0.494,0.464,0.452,0.451
"2018-05-20 14:00:00",482,0.461,0.443,0.309,0.434,0.495,0.467,0.44,0.457
"2018-05-20 14:30:00",483,0.464,0.449,0.315,0.439,0.497,0.47,0.432,0.468
"2018-05-20 15:00:00",484,0.467,0.454,0.319,0.443,0.499,0.472,0.434,0.479
"2018-05-20 15:30:00",485,0.469,0.46,0.323,0.446,0.498,0.474,0.434,0.485
"2018-05-20 16:00:00",486,0.465,0.461,0.307,0.443,0.495,0.474,0.436,0.477
"2018-05-20 16:30:00",487,0.462,0.465,0.31,0.443,0.494,0.478,0.435,0.478
"2018-05-20 17:00:00",488,0.463,0.469,0.306,0.447,0.495,0.483,0.438,0.481
"2018-05-20 17:30:00",489,0.463,0.475,0.314,0.449,0.495,0.488,0.439,0.484
"2018-05-20 18:00:00",490,0.47,0.486,0.329,0.46,0.5,0.5,0.446,0.503
"2018-05-20 18:30:00",491,0.477,0.496,0.341,0.468,0.505,0.51,0.453,0.524
"2018-05-20 19:00:00",492,0.505,0.519,0.385,0.495,0.527,0.54,0.464,0.545
"2018-05-20 19:30:00",493,0.536,0.54,0.41,0.515,0.55,0.559,0.473,0.56
"2018-05-20 20:00:00",494,0.56,0.554,0.438,0.529,0.571,0.576,0.484,0.57
"2018-05-20 20:30:00",495,0.575,0.563,0.457,0.537,0.582,0.586,0.498,0.575
"2018-05-20 21:00:00",496,0.586,0.569,0.471,0.542,0.594,0.594,0.499,0.58
"2018-05-20 21:30:00",497,0.592,0.573,0.482,0.544,0.601,0.598,0.501,0.583
"2018-05-20 22:00:00",498,0.596,0.573,0.488,0.545,0.606,0.599,0.504,0.585
"2018-05-20 22:30:00",499,0.599,0.575,0.499,0.546,0.609,0.602,0.506,0.588
"2018-05-20 23:00:00",500,0.602,0.577,0.507,0.547,0.611,0.605,0.511,0.592
"2018-05-20 23:30:00",501,0.604,0.577,0.514,0.548,0.614,0.607,0.515,0.596
"2018-05-21 00:00:00",502,0.606,0.577,0.518,0.548,0.615,0.608,0.516,0.598
"2018-05-21 00:30:00",503,0.607,0.577,0.522,0.547,0.617,0.609,0.519,0.6
"2018-05-21 01:00:00",504,0.607,0.577,0.524,0.546,0.619,0.61,0.517,0.603
"2018-05-21 01:30:00",505,0.608,0.578,0.529,0.545,0.618,0.611,0.521,0.605
"2018-05-21 02:00:00",506,0.608,0.577,0.531,0.544,0.619,0.61,0.521,0.607
"2018-05-21 02:30:00",507,0.609,0.576,0.53,0.543,0.621,0.609,0.523,0.608
"2018-05-21 03:00:00",508,0.608,0.563,0.525,0.539,0.62,0.599,0.521,0.606
"2018-05-21 03:30:00",509,0.606,0.558,0.529,0.535,0.62,0.596,0.516,0.603
"2018-05-21 04:00:00",510,0.606,0.557,0.534,0.535,0.621,0.598,0.518,0.602
"2018-05-21 04:30:00",511,0.607,0.559,0.544,0.535,0.623,0.6,0.525,0.603
"2018-05-21 05:00:00",512,0.609,0.57,0.549,0.535,0.624,0.61,0.536,0.607
"2018-05-21 05:30:00",513,0.611,0.579,0.553,0.535,0.625,0.618,0.541,0.612
"2018-05-21 06:00:00",514,0.612,0.576,0.562,0.532,0.624,0.616,0.546,0.616
"2018-05-21 06:30:00",515,0.611,0.574,0.56,0.527,0.623,0.615,0.55,0.618
"2018-05-21 07:00:00",516,0.602,0.575,0.533,0.518,0.612,0.612,0.553,0.62
"2018-05-21 07:30:00",517,0.577,0.564,0.484,0.497,0.587,0.593,0.553,0.616
"2018-05-21 08:00:00",518,0.547,0.548,0.454,0.474,0.562,0.563,0.551,0.61
"2018-05-21 08:30:00",519,0.529,0.536,0.444,0.463,0.552,0.547,0.55,0.605
"2018-05-21 09:00:00",520,0.511,0.527,0.428,0.454,0.542,0.536,0.55,0.603
"2018-05-21 09:30:00",521,0.501,0.521,0.416,0.45,0.536,0.528,0.551,0.599
"2018-05-21 10:00:00",522,0.493,0.517,0.409,0.444,0.531,0.524,0.55,0.593
"2018-05-21 10:30:00",523,0.489,0.515,0.401,0.442,0.528,0.523,0.552,0.584
"2018-05-21 11:00:00",524,0.485,0.517,0.399,0.442,0.527,0.523,0.553,0.565
"2018-05-21 11:30:00",525,0.483,0.517,0.393,0.441,0.524,0.523,0.546,0.536
"2018-05-21 12:00:00",526,0.481,0.516,0.396,0.441,0.523,0.521,0.541,0.513
"2018-05-21 12:30:00",527,0.48,0.518,0.395,0.442,0.523,0.521,0.534,0.495
"2018-05-21 13:00:00",528,0.48,0.52,0.39,0.443,0.522,0.522,0.528,0.489
"2018-05-21 13:30:00",529,0.478,0.519,0.387,0.444,0.523,0.523,0.521,0.483
"2018-05-21 14:00:00",530,0.478,0.52,0.389,0.444,0.524,0.523,0.516,0.485
"2018-05-21 14:30:00",531,0.479,0.522,0.392,0.446,0.525,0.525,0.513,0.489
"2018-05-21 15:00:00",532,0.481,0.524,0.389,0.447,0.526,0.526,0.511,0.498
"2018-05-21 15:30:00",533,0.481,0.525,0.391,0.449,0.526,0.529,0.512,0.503
"2018-05-21 16:00:00",534,0.482,0.527,0.395,0.452,0.528,0.532,0.516,0.506
"2018-05-21 16:30:00",535,0.485,0.53,0.398,0.455,0.53,0.536,0.521,0.506
"2018-05-21 17:00:00",536,0.489,0.533,0.406,0.46,0.532,0.541,0.526,0.51
"2018-05-21 17:30:00",537,0.496,0.538,0.42,0.466,0.536,0.547,0.532,0.519
"2018-05-21 18:00:00",538,0.508,0.546,0.438,0.476,0.544,0.557,0.538,0.535
"2018-05-21 18:30:00",539,0.522,0.555,0.454,0.487,0.554,0.569,0.546,0.558
"2018-05-21 19:00:00",540,0.537,0.566,0.479,0.498,0.566,0.582,0.556,0.577
"2018-05-21 19:30:00",541,0.553,0.578,0.505,0.51,0.582,0.596,0.566,0.592
"2018-05-21 20:00:00",542,0.575,0.59,0.534,0.524,0.602,0.613,0.574,0.603
"2018-05-21 20:30:00",543,0.593,0.6,0.566,0.536,0.621,0.628,0.583,0.61
"2018-05-21 21:00:00",544,0.602,0.606,0.586,0.543,0.632,0.636,0.588,0.616
"2018-05-21 21:30:00",545,0.607,0.608,0.596,0.547,0.637,0.639,0.593,0.62
"2018-05-21 22:00:00",546,0.61,0.61,0.603,0.549,0.641,0.64,0.596,0.624
"2018-05-21 22:30:00",547,0.612,0.61,0.61,0.549,0.643,0.642,0.599,0.626
"2018-05-21 23:00:00",548,0.613,0.61,0.616,0.549,0.645,0.643,0.601,0.627
"2018-05-21 23:30:00",549,0.614,0.61,0.621,0.548,0.646,0.644,0.605,0.629
"2018-05-22 00:00:00",550,0.616,0.609,0.627,0.547,0.647,0.644,0.608,0.631
"2018-05-22 00:30:00",551,0.617,0.609,0.633,0.547,0.648,0.645,0.61,0.632
"2018-05-22 01:00:00",552,0.617,0.608,0.636,0.548,0.649,0.645,0.612,0.633
"2018-05-22 01:30:00",553,0.617,0.608,0.639,0.547,0.65,0.646,0.613,0.634
"2018-05-22 02:00:00",554,0.618,0.608,0.635,0.545,0.65,0.646,0.614,0.635
"2018-05-22 02:30:00",555,0.619,0.608,0.633,0.542,0.651,0.645,0.615,0.636
"2018-05-22 03:00:00",556,0.618,0.608,0.631,0.537,0.651,0.645,0.615,0.636
"2018-05-22 03:30:00",557,0.618,0.608,0.632,0.533,0.652,0.644,0.615,0.635
"2018-05-22 04:00:00",558,0.617,0.608,0.634,0.529,0.653,0.644,0.616,0.635
"2018-05-22 04:30:00",559,0.617,0.608,0.632,0.526,0.652,0.644,0.616,0.636
"2018-05-22 05:00:00",560,0.617,0.607,0.63,0.524,0.652,0.644,0.616,0.636
"2018-05-22 05:30:00",561,0.617,0.607,0.629,0.52,0.653,0.644,0.617,0.636
"2018-05-22 06:00:00",562,0.617,0.606,0.637,0.519,0.653,0.643,0.617,0.636
"2018-05-22 06:30:00",563,0.618,0.605,0.633,0.518,0.653,0.642,0.617,0.636
"2018-05-22 07:00:00",564,0.619,0.605,0.626,0.517,0.653,0.641,0.617,0.636
"2018-05-22 07:30:00",565,0.619,0.604,0.612,0.515,0.651,0.64,0.617,0.636
"2018-05-22 08:00:00",566,0.616,0.604,0.595,0.511,0.648,0.64,0.617,0.635
"2018-05-22 08:30:00",567,0.614,0.603,0.578,0.507,0.643,0.638,0.616,0.635
"2018-05-22 09:00:00",568,0.606,0.597,0.544,0.497,0.632,0.63,0.615,0.634
"2018-05-22 09:30:00",569,0.59,0.585,0.506,0.48,0.612,0.611,0.614,0.631
"2018-05-22 10:00:00",570,0.565,0.568,0.478,0.46,0.59,0.587,0.612,0.625
"2018-05-22 10:30:00",571,0.568,0.569,0.503,0.463,0.597,0.591,0.611,0.622
"2018-05-22 11:00:00",572,0.584,0.582,0.536,0.481,0.617,0.611,0.612,0.626
"2018-05-22 11:30:00",573,0.583,0.584,0.531,0.481,0.616,0.615,0.613,0.627
"2018-05-22 12:00:00",574,0.578,0.582,0.525,0.477,0.612,0.613,0.611,0.627
"2018-05-22 12:30:00",575,0.588,0.587,0.539,0.484,0.622,0.618,0.61,0.626
"2018-05-22 13:00:00",576,0.596,0.594,0.555,0.492,0.629,0.626,0.611,0.627
"2018-05-22 13:30:00",577,0.596,0.593,0.539,0.49,0.625,0.625,0.612,0.627
"2018-05-22 14:00:00",578,0.578,0.582,0.497,0.472,0.604,0.609,0.611,0.625
"2018-05-22 14:30:00",579,0.553,0.565,0.458,0.45,0.58,0.583,0.609,0.619
"2018-05-22 15:00:00",580,0.543,0.559,0.451,0.444,0.575,0.575,0.609,0.615
"2018-05-22 15:30:00",581,0.533,0.553,0.443,0.436,0.567,0.567,0.607,0.608
"2018-05-22 16:00:00",582,0.515,0.544,0.423,0.423,0.552,0.552,0.604,0.595
"2018-05-22 16:30:00",583,0.509,0.541,0.424,0.42,0.549,0.549,0.601,0.582
"2018-05-22 17:00:00",584,0.509,0.542,0.432,0.422,0.549,0.55,0.599,0.567
"2018-05-22 17:30:00",585,0.546,0.568,0.493,0.448,0.581,0.587,0.603,0.58
"2018-05-22 18:00:00",586,0.577,0.589,0.548,0.476,0.615,0.615,0.603,0.591
"2018-05-22 18:30:00",587,0.593,0.599,0.589,0.492,0.633,0.628,0.606,0.551
"2018-05-22 19:00:00",588,0.602,0.604,0.607,0.5,0.641,0.634,0.61,0.513
"2018-05-22 19:30:00",589,0.606,0.607,0.612,0.505,0.644,0.636,0.613,0.522
"2018-05-22 20:00:00",590,0.607,0.607,0.614,0.507,0.646,0.634,0.584,0.55
"2018-05-22 20:30:00",591,0.607,0.607,0.615,0.507,0.647,0.634,0.573,0.57
"2018-05-22 21:00:00",592,0.607,0.606,0.618,0.507,0.646,0.633,0.571,0.577
"2018-05-22 21:30:00",593,0.607,0.606,0.62,0.507,0.645,0.633,0.57,0.588
"2018-05-22 22:00:00",594,0.606,0.606,0.621,0.508,0.643,0.633,0.57,0.591
"2018-05-22 22:30:00",595,0.606,0.605,0.622,0.508,0.644,0.632,0.569,0.593
"2018-05-22 23:00:00",596,0.606,0.604,0.622,0.508,0.643,0.632,0.568,0.596
"2018-05-22 23:30:00",597,0.606,0.604,0.623,0.508,0.642,0.631,0.567,0.598
"2018-05-23 00:00:00",598,0.605,0.604,0.621,0.509,0.64,0.63,0.566,0.598
"2018-05-23 00:30:00",599,0.605,0.604,0.62,0.508,0.638,0.629,0.563,0.597
"2018-05-23 01:00:00",600,0.605,0.603,0.62,0.507,0.635,0.629,0.566,0.599
"2018-05-23 01:30:00",601,0.605,0.603,0.618,0.508,0.634,0.628,0.565,0.599
"2018-05-23 02:00:00",602,0.604,0.602,0.617,0.507,0.633,0.626,0.564,0.597
"2018-05-23 02:30:00",603,0.604,0.601,0.612,0.505,0.632,0.624,0.567,0.598
"2018-05-23 03:00:00",604,0.603,0.601,0.612,0.506,0.631,0.625,0.566,0.597
"2018-05-23 03:30:00",605,0.603,0.601,0.613,0.505,0.63,0.625,0.56,0.598
"2018-05-23 04:00:00",606,0.603,0.601,0.616,0.506,0.629,0.625,0.563,0.599
"2018-05-23 04:30:00",607,0.603,0.6,0.617,0.505,0.627,0.623,0.564,0.599
"2018-05-23 05:00:00",608,0.603,0.6,0.613,0.505,0.626,0.623,0.564,0.598
"2018-05-23 05:30:00",609,0.603,0.6,0.614,0.504,0.625,0.623,0.566,0.6
"2018-05-23 06:00:00",610,0.603,0.599,0.616,0.504,0.626,0.623,0.567,0.599
"2018-05-23 06:30:00",611,0.603,0.599,0.616,0.504,0.626,0.622,0.568,0.601
"2018-05-23 07:00:00",612,0.603,0.599,0.613,0.503,0.621,0.622,0.569,0.602
"2018-05-23 07:30:00",613,0.604,0.599,0.608,0.503,0.623,0.621,0.567,0.602
"2018-05-23 08:00:00",614,0.6,0.599,0.592,0.504,0.623,0.621,0.561,0.6
"2018-05-23 08:30:00",615,0.571,0.596,0.543,0.501,0.615,0.613,0.559,0.599
"2018-05-23 09:00:00",616,0.54,0.582,0.48,0.48,0.588,0.59,0.56,0.597
"2018-05-23 09:30:00",617,0.506,0.556,0.424,0.44,0.543,0.548,0.56,0.593
"2018-05-23 10:00:00",618,0.488,0.537,0.408,0.416,0.528,0.529,0.56,0.582
"2018-05-23 10:30:00",619,0.478,0.528,0.4,0.406,0.521,0.522,0.556,0.56
"2018-05-23 11:00:00",620,0.473,0.526,0.415,0.404,0.52,0.523,0.547,0.536
"2018-05-23 11:30:00",621,0.474,0.528,0.419,0.407,0.523,0.525,0.541,0.515
"2018-05-23 12:00:00",622,0.472,0.528,0.416,0.408,0.522,0.525,0.528,0.479
"2018-05-23 12:30:00",623,0.473,0.531,0.428,0.413,0.523,0.529,0.516,0.475
"2018-05-23 13:00:00",624,0.481,0.537,0.443,0.421,0.53,0.536,0.511,0.482
"2018-05-23 13:30:00",625,0.481,0.538,0.441,0.425,0.532,0.536,0.51,0.485
"2018-05-23 14:00:00",626,0.472,0.529,0.426,0.42,0.522,0.528,0.502,0.475
"2018-05-23 14:30:00",627,0.468,0.527,0.417,0.42,0.519,0.528,0.498,0.472
"2018-05-23 15:00:00",628,0.469,0.528,0.417,0.425,0.521,0.529,0.498,0.473
"2018-05-23 15:30:00",629,0.467,0.527,0.415,0.427,0.52,0.528,0.496,0.471
"2018-05-23 16:00:00",630,0.469,0.529,0.419,0.43,0.52,0.53,0.498,0.474
"2018-05-23 16:30:00",631,0.474,0.534,0.432,0.438,0.527,0.538,0.505,0.484
"2018-05-23 17:00:00",632,0.477,0.539,0.437,0.445,0.531,0.544,0.512,0.492
"2018-05-23 17:30:00",633,0.481,0.54,0.435,0.447,0.533,0.544,0.515,0.498
"2018-05-23 18:00:00",634,0.493,0.549,0.449,0.462,0.542,0.554,0.523,0.517
"2018-05-23 18:30:00",635,0.508,0.556,0.466,0.467,0.548,0.565,0.532,0.544
"2018-05-23 19:00:00",636,0.528,0.569,0.488,0.481,0.562,0.58,0.545,0.566
"2018-05-23 19:30:00",637,0.548,0.581,0.519,0.495,0.578,0.596,0.56,0.583
"2018-05-23 20:00:00",638,0.57,0.594,0.552,0.509,0.597,0.615,0.572,0.595
"2018-05-23 20:30:00",639,0.589,0.604,0.582,0.523,0.616,0.631,0.581,0.605
"2018-05-23 21:00:00",640,0.6,0.61,0.608,0.531,0.63,0.64,0.586,0.61
"2018-05-23 21:30:00",641,0.607,0.613,0.624,0.535,0.638,0.644,0.59,0.613
"2018-05-23 22:00:00",642,0.61,0.614,0.638,0.536,0.643,0.647,0.594,0.617
"2018-05-23 22:30:00",643,0.612,0.614,0.647,0.537,0.645,0.648,0.597,0.62
"2018-05-23 23:00:00",644,0.614,0.614,0.649,0.536,0.647,0.649,0.599,0.622
"2018-05-23 23:30:00",645,0.616,0.613,0.652,0.536,0.648,0.649,0.599,0.624
"2018-05-24 00:00:00",646,0.617,0.613,0.657,0.535,0.65,0.65,0.602,0.626
"2018-05-24 00:30:00",647,0.618,0.613,0.664,0.533,0.651,0.651,0.603,0.628
"2018-05-24 01:00:00",648,0.618,0.613,0.664,0.532,0.652,0.651,0.605,0.629
"2018-05-24 01:30:00",649,0.618,0.613,0.667,0.532,0.654,0.651,0.606,0.631
"2018-05-24 02:00:00",650,0.618,0.612,0.672,0.531,0.653,0.651,0.606,0.632
"2018-05-24 02:30:00",651,0.618,0.612,0.672,0.53,0.654,0.651,0.606,0.632
"2018-05-24 03:00:00",652,0.618,0.611,0.669,0.529,0.654,0.65,0.606,0.633
"2018-05-24 03:30:00",653,0.618,0.611,0.683,0.527,0.653,0.65,0.607,0.633
"2018-05-24 04:00:00",654,0.617,0.611,0.686,0.525,0.653,0.65,0.608,0.634
"2018-05-24 04:30:00",655,0.616,0.611,0.685,0.524,0.653,0.65,0.609,0.634
"2018-05-24 05:00:00",656,0.615,0.611,0.682,0.522,0.655,0.65,0.608,0.634
"2018-05-24 05:30:00",657,0.616,0.611,0.68,0.521,0.656,0.65,0.609,0.634
"2018-05-24 06:00:00",658,0.617,0.61,0.684,0.52,0.656,0.649,0.611,0.634
"2018-05-24 06:30:00",659,0.618,0.61,0.68,0.519,0.653,0.648,0.612,0.634
"2018-05-24 07:00:00",660,0.611,0.608,0.645,0.512,0.641,0.644,0.613,0.635
"2018-05-24 07:30:00",661,0.582,0.598,0.573,0.488,0.607,0.622,0.614,0.634
"2018-05-24 08:00:00",662,0.546,0.581,0.527,0.46,0.578,0.584,0.614,0.631
"2018-05-24 08:30:00",663,0.52,0.568,0.511,0.448,0.569,0.568,0.614,0.629
"2018-05-24 09:00:00",664,0.501,0.555,0.49,0.438,0.557,0.556,0.612,0.623
"2018-05-24 09:30:00",665,0.49,0.543,0.464,0.427,0.547,0.545,0.606,0.61
"2018-05-24 10:00:00",666,0.481,0.533,0.443,0.421,0.54,0.536,0.595,0.586
"2018-05-24 10:30:00",667,0.475,0.528,0.431,0.42,0.535,0.53,0.583,0.555
"2018-05-24 11:00:00",668,0.473,0.528,0.424,0.42,0.532,0.528,0.569,0.526
"2018-05-24 11:30:00",669,0.471,0.528,0.416,0.422,0.531,0.526,0.552,0.497
"2018-05-24 12:00:00",670,0.469,0.525,0.409,0.424,0.53,0.523,0.538,0.475
"2018-05-24 12:30:00",671,0.466,0.523,0.407,0.426,0.529,0.52,0.529,0.466
"2018-05-24 13:00:00",672,0.466,0.524,0.411,0.429,0.529,0.521,0.524,0.465
"2018-05-24 13:30:00",673,0.465,0.524,0.413,0.431,0.529,0.52,0.524,0.468
"2018-05-24 14:00:00",674,0.465,0.525,0.402,0.432,0.529,0.522,0.522,0.473
"2018-05-24 14:30:00",675,0.465,0.525,0.399,0.435,0.529,0.523,0.52,0.476
"2018-05-24 15:00:00",676,0.465,0.526,0.406,0.436,0.53,0.525,0.522,0.485
"2018-05-24 15:30:00",677,0.466,0.526,0.404,0.439,0.53,0.525,0.523,0.488
"2018-05-24 16:00:00",678,0.467,0.527,0.408,0.442,0.532,0.529,0.525,0.491
"2018-05-24 16:30:00",679,0.47,0.529,0.424,0.445,0.534,0.532,0.531,0.491
"2018-05-24 17:00:00",680,0.474,0.533,0.431,0.45,0.536,0.538,0.536,0.496
"2018-05-24 17:30:00",681,0.481,0.536,0.442,0.455,0.539,0.542,0.539,0.505
"2018-05-24 18:00:00",682,0.492,0.545,0.467,0.466,0.546,0.552,0.545,0.523
"2018-05-24 18:30:00",683,0.509,0.555,0.485,0.477,0.556,0.564,0.551,0.55
"2018-05-24 19:00:00",684,0.524,0.566,0.506,0.487,0.568,0.577,0.562,0.573
"2018-05-24 19:30:00",685,0.539,0.577,0.528,0.499,0.582,0.59,0.577,0.589
"2018-05-24 20:00:00",686,0.561,0.588,0.559,0.511,0.599,0.607,0.588,0.601
"2018-05-24 20:30:00",687,0.582,0.599,0.593,0.523,0.618,0.625,0.602,0.611
"2018-05-24 21:00:00",688,0.597,0.605,0.622,0.533,0.635,0.636,0.61,0.618
"2018-05-24 21:30:00",689,0.604,0.608,0.641,0.538,0.644,0.643,0.614,0.624
"2018-05-24 22:00:00",690,0.609,0.61,0.653,0.541,0.649,0.647,0.617,0.628
"2018-05-24 22:30:00",691,0.612,0.611,0.659,0.542,0.653,0.649,0.619,0.632
"2018-05-24 23:00:00",692,0.613,0.611,0.665,0.542,0.655,0.65,0.621,0.634
"2018-05-24 23:30:00",693,0.615,0.611,0.669,0.541,0.657,0.651,0.622,0.636
"2018-05-25 00:00:00",694,0.616,0.611,0.674,0.54,0.658,0.652,0.622,0.637
"2018-05-25 00:30:00",695,0.616,0.611,0.679,0.537,0.659,0.652,0.622,0.638
"2018-05-25 01:00:00",696,0.617,0.611,0.685,0.534,0.66,0.652,0.624,0.639
"2018-05-25 01:30:00",697,0.618,0.611,0.683,0.533,0.662,0.652,0.625,0.64
"2018-05-25 02:00:00",698,0.618,0.61,0.691,0.531,0.662,0.652,0.625,0.641
"2018-05-25 02:30:00",699,0.618,0.61,0.697,0.528,0.663,0.651,0.625,0.642
"2018-05-25 03:00:00",700,0.617,0.608,0.7,0.526,0.663,0.65,0.626,0.642
"2018-05-25 03:30:00",701,0.616,0.607,0.698,0.524,0.664,0.649,0.626,0.643
"2018-05-25 04:00:00",702,0.616,0.606,0.694,0.522,0.663,0.648,0.627,0.643
"2018-05-25 04:30:00",703,0.616,0.606,0.686,0.521,0.663,0.648,0.627,0.642
"2018-05-25 05:00:00",704,0.614,0.606,0.68,0.52,0.663,0.647,0.626,0.642
"2018-05-25 05:30:00",705,0.613,0.606,0.675,0.519,0.663,0.646,0.626,0.641
"2018-05-25 06:00:00",706,0.613,0.605,0.671,0.518,0.662,0.645,0.625,0.641
"2018-05-25 06:30:00",707,0.613,0.605,0.665,0.518,0.662,0.644,0.625,0.64
"2018-05-25 07:00:00",708,0.613,0.605,0.654,0.516,0.66,0.644,0.625,0.64
"2018-05-25 07:30:00",709,0.601,0.602,0.621,0.509,0.65,0.64,0.623,0.639
"2018-05-25 08:00:00",710,0.57,0.591,0.553,0.489,0.619,0.619,0.618,0.638
"2018-05-25 08:30:00",711,0.535,0.572,0.506,0.462,0.59,0.582,0.616,0.636
"2018-05-25 09:00:00",712,0.513,0.556,0.483,0.445,0.577,0.56,0.614,0.633
"2018-05-25 09:30:00",713,0.497,0.544,0.463,0.431,0.566,0.547,0.612,0.626
"2018-05-25 10:00:00",714,0.485,0.536,0.443,0.42,0.557,0.538,0.608,0.61
"2018-05-25 10:30:00",715,0.478,0.532,0.422,0.413,0.549,0.532,0.603,0.584
"2018-05-25 11:00:00",716,0.473,0.53,0.412,0.41,0.543,0.528,0.591,0.544
"2018-05-25 11:30:00",717,0.467,0.527,0.402,0.406,0.537,0.524,0.569,0.502
"2018-05-25 12:00:00",718,0.464,0.527,0.401,0.406,0.535,0.524,0.548,0.476
"2018-05-25 12:30:00",719,0.463,0.527,0.402,0.409,0.534,0.525,0.534,0.465
"2018-05-25 13:00:00",720,0.462,0.527,0.389,0.41,0.534,0.524,0.527,0.462
"2018-05-25 13:30:00",721,0.461,0.528,0.392,0.412,0.534,0.525,0.524,0.464
"2018-05-25 14:00:00",722,0.461,0.528,0.396,0.415,0.533,0.525,0.521,0.466
"2018-05-25 14:30:00",723,0.461,0.527,0.389,0.418,0.533,0.525,0.519,0.471
"2018-05-25 15:00:00",724,0.461,0.528,0.389,0.421,0.533,0.526,0.517,0.476
"2018-05-25 15:30:00",725,0.462,0.527,0.39,0.423,0.533,0.527,0.518,0.48
"2018-05-25 16:00:00",726,0.463,0.528,0.392,0.427,0.533,0.529,0.521,0.482
"2018-05-25 16:30:00",727,0.467,0.53,0.392,0.431,0.535,0.532,0.526,0.483
"2018-05-25 17:00:00",728,0.48,0.537,0.399,0.443,0.545,0.544,0.535,0.493
"2018-05-25 17:30:00",729,0.488,0.541,0.406,0.447,0.549,0.549,0.544,0.507
"2018-05-25 18:00:00",730,0.492,0.543,0.426,0.448,0.548,0.552,0.552,0.528
"2018-05-25 18:30:00",731,0.506,0.554,0.456,0.461,0.56,0.566,0.558,0.556
"2018-05-25 19:00:00",732,0.525,0.566,0.484,0.473,0.576,0.581,0.57,0.579
"2018-05-25 19:30:00",733,0.543,0.58,0.512,0.487,0.594,0.598,0.587,0.597
"2018-05-25 20:00:00",734,0.565,0.592,0.549,0.499,0.611,0.615,0.599,0.61
"2018-05-25 20:30:00",735,0.585,0.603,0.581,0.51,0.63,0.633,0.608,0.619
"2018-05-25 21:00:00",736,0.596,0.61,0.602,0.515,0.644,0.642,0.613,0.624
"2018-05-25 21:30:00",737,0.602,0.613,0.616,0.516,0.651,0.646,0.615,0.627
"2018-05-25 22:00:00",738,0.605,0.615,0.625,0.515,0.655,0.648,0.618,0.629
"2018-05-25 22:30:00",739,0.607,0.615,0.632,0.514,0.657,0.648,0.619,0.631
"2018-05-25 23:00:00",740,0.608,0.615,0.639,0.513,0.658,0.648,0.62,0.633
"2018-05-25 23:30:00",741,0.609,0.615,0.643,0.513,0.659,0.648,0.621,0.634
"2018-05-26 00:00:00",742,0.609,0.614,0.646,0.511,0.66,0.647,0.622,0.636
"2018-05-26 00:30:00",743,0.609,0.613,0.649,0.511,0.661,0.647,0.623,0.636
"2018-05-26 01:00:00",744,0.609,0.612,0.649,0.511,0.661,0.646,0.623,0.637
"2018-05-26 01:30:00",745,0.61,0.611,0.647,0.51,0.661,0.646,0.623,0.636
"2018-05-26 02:00:00",746,0.611,0.611,0.644,0.511,0.662,0.645,0.62,0.637
"2018-05-26 02:30:00",747,0.611,0.61,0.64,0.51,0.663,0.644,0.618,0.637
"2018-05-26 03:00:00",748,0.611,0.61,0.639,0.51,0.663,0.644,0.619,0.637
"2018-05-26 03:30:00",749,0.61,0.609,0.636,0.51,0.663,0.643,0.618,0.636
"2018-05-26 04:00:00",750,0.61,0.608,0.636,0.509,0.663,0.642,0.616,0.636
"2018-05-26 04:30:00",751,0.61,0.608,0.637,0.509,0.662,0.641,0.615,0.636
"2018-05-26 05:00:00",752,0.61,0.607,0.639,0.509,0.662,0.64,0.617,0.636
"2018-05-26 05:30:00",753,0.609,0.607,0.639,0.509,0.662,0.639,0.617,0.636
"2018-05-26 06:00:00",754,0.61,0.606,0.64,0.509,0.662,0.638,0.617,0.636
"2018-05-26 06:30:00",755,0.61,0.605,0.635,0.508,0.661,0.637,0.616,0.636
"2018-05-26 07:00:00",756,0.605,0.603,0.616,0.504,0.654,0.634,0.617,0.636
"2018-05-26 07:30:00",757,0.584,0.598,0.574,0.492,0.635,0.625,0.616,0.635
"2018-05-26 08:00:00",758,0.561,0.587,0.531,0.474,0.611,0.603,0.616,0.633
"2018-05-26 08:30:00",759,0.534,0.572,0.502,0.457,0.594,0.577,0.616,0.627
"2018-05-26 09:00:00",760,0.511,0.555,0.483,0.44,0.578,0.555,0.614,0.615
"2018-05-26 09:30:00",761,0.487,0.54,0.461,0.424,0.562,0.537,0.61,0.602
"2018-05-26 10:00:00",762,0.474,0.53,0.443,0.411,0.551,0.529,0.605,0.583
"2018-05-26 10:30:00",763,0.468,0.526,0.426,0.405,0.544,0.525,0.597,0.555
"2018-05-26 11:00:00",764,0.465,0.525,0.425,0.403,0.54,0.524,0.582,0.519
"2018-05-26 11:30:00",765,0.462,0.524,0.419,0.403,0.536,0.523,0.563,0.488
"2018-05-26 12:00:00",766,0.46,0.523,0.404,0.402,0.533,0.521,0.545,0.467
"2018-05-26 12:30:00",767,0.457,0.523,0.394,0.402,0.531,0.521,0.532,0.457
"2018-05-26 13:00:00",768,0.457,0.524,0.384,0.404,0.531,0.521,0.525,0.456
"2018-05-26 13:30:00",769,0.456,0.524,0.388,0.406,0.53,0.522,0.522,0.456
"2018-05-26 14:00:00",770,0.455,0.523,0.373,0.407,0.53,0.522,0.52,0.458
"2018-05-26 14:30:00",771,0.455,0.524,0.378,0.409,0.53,0.524,0.52,0.465
"2018-05-26 15:00:00",772,0.454,0.525,0.382,0.41,0.529,0.525,0.521,0.469
"2018-05-26 15:30:00",773,0.455,0.525,0.383,0.412,0.53,0.526,0.522,0.472
"2018-05-26 16:00:00",774,0.471,0.535,0.414,0.426,0.544,0.541,0.531,0.491
"2018-05-26 16:30:00",775,0.507,0.558,0.47,0.456,0.575,0.575,0.553,0.526
"2018-05-26 17:00:00",776,0.527,0.569,0.491,0.467,0.585,0.589,0.569,0.55
"2018-05-26 17:30:00",777,0.528,0.569,0.49,0.463,0.582,0.587,0.579,0.565
"2018-05-26 18:00:00",778,0.539,0.575,0.503,0.464,0.588,0.594,0.587,0.582
"2018-05-26 18:30:00",779,0.563,0.587,0.54,0.476,0.604,0.614,0.596,0.602
"2018-05-26 19:00:00",780,0.584,0.598,0.573,0.485,0.616,0.63,0.605,0.615
"2018-05-26 19:30:00",781,0.594,0.605,0.587,0.493,0.629,0.637,0.61,0.622
"2018-05-26 20:00:00",782,0.597,0.607,0.598,0.497,0.637,0.64,0.614,0.626
"2018-05-26 20:30:00",783,0.6,0.608,0.624,0.499,0.645,0.643,0.618,0.63
"2018-05-26 21:00:00",784,0.604,0.61,0.639,0.502,0.652,0.644,0.621,0.633
"2018-05-26 21:30:00",785,0.606,0.611,0.644,0.506,0.655,0.645,0.623,0.635
"2018-05-26 22:00:00",786,0.606,0.612,0.645,0.507,0.657,0.644,0.624,0.636
"2018-05-26 22:30:00",787,0.606,0.612,0.646,0.508,0.658,0.643,0.625,0.637
"2018-05-26 23:00:00",788,0.606,0.612,0.649,0.508,0.658,0.642,0.625,0.638
"2018-05-26 23:30:00",789,0.606,0.611,0.651,0.508,0.658,0.641,0.626,0.638
"2018-05-27 00:00:00",790,0.606,0.611,0.652,0.508,0.658,0.639,0.626,0.639
"2018-05-27 00:30:00",791,0.606,0.609,0.654,0.508,0.658,0.637,0.627,0.639
"2018-05-27 01:00:00",792,0.606,0.609,0.656,0.508,0.658,0.636,0.627,0.64
"2018-05-27 01:30:00",793,0.607,0.608,0.657,0.508,0.658,0.634,0.627,0.64
"2018-05-27 02:00:00",794,0.606,0.607,0.657,0.508,0.658,0.632,0.627,0.64
"2018-05-27 02:30:00",795,0.606,0.606,0.657,0.508,0.657,0.631,0.628,0.64
"2018-05-27 03:00:00",796,0.606,0.605,0.659,0.508,0.657,0.629,0.627,0.641
"2018-05-27 03:30:00",797,0.606,0.603,0.658,0.508,0.656,0.628,0.628,0.641
"2018-05-27 04:00:00",798,0.606,0.602,0.655,0.507,0.655,0.626,0.628,0.642
"2018-05-27 04:30:00",799,0.605,0.601,0.652,0.507,0.654,0.625,0.628,0.642
"2018-05-27 05:00:00",800,0.605,0.601,0.649,0.507,0.652,0.624,0.628,0.642
"2018-05-27 05:30:00",801,0.605,0.6,0.641,0.507,0.651,0.623,0.628,0.642
"2018-05-27 06:00:00",802,0.604,0.599,0.637,0.507,0.649,0.622,0.627,0.642
"2018-05-27 06:30:00",803,0.606,0.599,0.631,0.506,0.647,0.621,0.627,0.642
"2018-05-27 07:00:00",804,0.608,0.598,0.621,0.506,0.645,0.621,0.626,0.641
"2018-05-27 07:30:00",805,0.608,0.598,0.606,0.503,0.642,0.622,0.626,0.641
"2018-05-27 08:00:00",806,0.605,0.597,0.575,0.498,0.635,0.618,0.624,0.64
"2018-05-27 08:30:00",807,0.597,0.592,0.541,0.488,0.622,0.611,0.624,0.638
"2018-05-27 09:00:00",808,0.582,0.584,0.514,0.475,0.605,0.597,0.623,0.635
"2018-05-27 09:30:00",809,0.54,0.563,0.47,0.452,0.576,0.561,0.622,0.627
"2018-05-27 10:00:00",810,0.538,0.556,0.478,0.444,0.572,0.557,0.621,0.619
"2018-05-27 10:30:00",811,0.526,0.549,0.468,0.436,0.562,0.549,0.62,0.607
"2018-05-27 11:00:00",812,0.51,0.539,0.448,0.426,0.551,0.537,0.618,0.588
"2018-05-27 11:30:00",813,0.488,0.526,0.421,0.412,0.536,0.521,0.611,0.556
"2018-05-27 12:00:00",814,0.481,0.523,0.42,0.408,0.533,0.518,0.599,0.529
"2018-05-27 12:30:00",815,0.484,0.525,0.424,0.41,0.537,0.525,0.588,0.516
"2018-05-27 13:00:00",816,0.472,0.519,0.397,0.403,0.528,0.516,0.576,0.495
"2018-05-27 13:30:00",817,0.464,0.514,0.388,0.4,0.522,0.513,0.558,0.478
"2018-05-27 14:00:00",818,0.467,0.52,0.397,0.406,0.527,0.521,0.552,0.486
"2018-05-27 14:30:00",819,0.469,0.524,0.404,0.411,0.531,0.524,0.555,0.496
"2018-05-27 15:00:00",820,0.472,0.526,0.409,0.414,0.533,0.527,0.557,0.5
"2018-05-27 15:30:00",821,0.497,0.545,0.455,0.435,0.555,0.553,0.57,0.529
"2018-05-27 16:00:00",822,0.508,0.554,0.467,0.445,0.562,0.565,0.581,0.548
"2018-05-27 16:30:00",823,0.521,0.56,0.479,0.45,0.57,0.572,0.587,0.559
"2018-05-27 17:00:00",824,0.532,0.567,0.49,0.458,0.577,0.582,0.596,0.575
"2018-05-27 17:30:00",825,0.547,0.569,0.519,0.466,0.584,0.593,0.603,0.59
"2018-05-27 18:00:00",826,0.565,0.575,0.569,0.476,0.596,0.606,0.608,0.603
"2018-05-27 18:30:00",827,0.583,0.585,0.594,0.489,0.616,0.62,0.615,0.616
"2018-05-27 19:00:00",828,0.589,0.587,0.595,0.493,0.624,0.622,0.619,0.623
"2018-05-27 19:30:00",829,0.595,0.588,0.602,0.494,0.631,0.624,0.62,0.626
"2018-05-27 20:00:00",830,0.601,0.598,0.619,0.498,0.636,0.634,0.62,0.63
"2018-05-27 20:30:00",831,0.604,0.599,0.621,0.501,0.64,0.635,0.62,0.632
"2018-05-27 21:00:00",832,0.604,0.599,0.629,0.502,0.641,0.634,0.622,0.634
"2018-05-27 21:30:00",833,0.602,0.592,0.634,0.503,0.64,0.626,0.592,0.587
"2018-05-27 22:00:00",834,0.602,0.592,0.639,0.502,0.638,0.626,0.57,0.555
"2018-05-27 22:30:00",835,0.602,0.587,0.652,0.502,0.638,0.623,0.574,0.58
"2018-05-27 23:00:00",836,0.603,0.588,0.662,0.503,0.637,0.624,0.577,0.589
"2018-05-27 23:30:00",837,0.605,0.585,0.672,0.504,0.636,0.623,0.579,0.592
"2018-05-28 00:00:00",838,0.606,0.588,0.672,0.504,0.635,0.626,0.579,0.595
"2018-05-28 00:30:00",839,0.605,0.585,0.676,0.505,0.634,0.624,0.582,0.596
"2018-05-28 01:00:00",840,0.607,0.588,0.674,0.505,0.632,0.626,0.582,0.597
"2018-05-28 01:30:00",841,0.607,0.589,0.671,0.505,0.63,0.628,0.581,0.601
"2018-05-28 02:00:00",842,0.607,0.587,0.67,0.506,0.629,0.627,0.581,0.601
"2018-05-28 02:30:00",843,0.606,0.587,0.669,0.506,0.628,0.625,0.585,0.602
"2018-05-28 03:00:00",844,0.607,0.587,0.667,0.506,0.628,0.626,0.584,0.607
"2018-05-28 03:30:00",845,0.606,0.585,0.664,0.506,0.628,0.623,0.588,0.609
"2018-05-28 04:00:00",846,0.606,0.583,0.658,0.505,0.627,0.621,0.586,0.604
"2018-05-28 04:30:00",847,0.604,0.579,0.657,0.506,0.626,0.617,0.584,0.602
"2018-05-28 05:00:00",848,0.605,0.581,0.652,0.505,0.626,0.618,0.585,0.605
"2018-05-28 05:30:00",849,0.605,0.58,0.652,0.504,0.625,0.618,0.582,0.605
"2018-05-28 06:00:00",850,0.605,0.579,0.652,0.504,0.624,0.617,0.585,0.608
"2018-05-28 06:30:00",851,0.605,0.583,0.649,0.504,0.623,0.619,0.589,0.617
"2018-05-28 07:00:00",852,0.604,0.579,0.646,0.504,0.623,0.614,0.592,0.617
"2018-05-28 07:30:00",853,0.604,0.579,0.641,0.504,0.622,0.614,0.593,0.616
"2018-05-28 08:00:00",854,0.604,0.578,0.643,0.503,0.621,0.613,0.594,0.618
"2018-05-28 08:30:00",855,0.603,0.58,0.637,0.503,0.621,0.614,0.595,0.621
"2018-05-28 09:00:00",856,0.604,0.579,0.633,0.503,0.621,0.612,0.597,0.621
"2018-05-28 09:30:00",857,0.606,0.579,0.63,0.503,0.62,0.614,0.595,0.622
"2018-05-28 10:00:00",858,0.607,0.579,0.623,0.503,0.62,0.614,0.595,0.622
"2018-05-28 10:30:00",859,0.607,0.577,0.616,0.502,0.621,0.612,0.597,0.623
"2018-05-28 11:00:00",860,0.607,0.578,0.61,0.501,0.621,0.612,0.599,0.623
"2018-05-28 11:30:00",861,0.609,0.578,0.609,0.501,0.622,0.613,0.599,0.623
"2018-05-28 12:00:00",862,0.61,0.579,0.603,0.5,0.621,0.614,0.6,0.627
"2018-05-28 12:30:00",863,0.61,0.576,0.576,0.495,0.617,0.612,0.599,0.626
"2018-05-28 13:00:00",864,0.61,0.574,0.557,0.488,0.609,0.609,0.599,0.628
"2018-05-28 13:30:00",865,0.606,0.572,0.551,0.485,0.603,0.604,0.601,0.629
"2018-05-28 14:00:00",866,0.599,0.568,0.537,0.478,0.594,0.599,0.599,0.627
"2018-05-28 14:30:00",867,0.593,0.567,0.532,0.474,0.589,0.597,0.6,0.629
"2018-05-28 15:00:00",868,0.589,0.566,0.528,0.471,0.586,0.595,0.6,0.628
"2018-05-28 15:30:00",869,0.579,0.558,0.513,0.464,0.577,0.585,0.601,0.627
"2018-05-28 16:00:00",870,0.571,0.555,0.501,0.458,0.57,0.581,0.599,0.624
"2018-05-28 16:30:00",871,0.567,0.552,0.496,0.454,0.565,0.576,0.6,0.619
"2018-05-28 17:00:00",872,0.566,0.552,0.5,0.454,0.566,0.576,0.602,0.619
"2018-05-28 17:30:00",873,0.576,0.56,0.523,0.462,0.577,0.588,0.604,0.62
"2018-05-28 18:00:00",874,0.585,0.567,0.541,0.47,0.586,0.599,0.605,0.623
"2018-05-28 18:30:00",875,0.593,0.573,0.558,0.477,0.594,0.608,0.606,0.626
"2018-05-28 19:00:00",876,0.6,0.578,0.573,0.483,0.602,0.615,0.607,0.628
"2018-05-28 19:30:00",877,0.604,0.581,0.583,0.488,0.607,0.619,0.606,0.631
"2018-05-28 20:00:00",878,0.607,0.584,0.591,0.491,0.61,0.621,0.606,0.632
"2018-05-28 20:30:00",879,0.609,0.585,0.598,0.494,0.614,0.622,0.607,0.633
"2018-05-28 21:00:00",880,0.609,0.585,0.604,0.496,0.616,0.623,0.607,0.634
"2018-05-28 21:30:00",881,0.608,0.584,0.604,0.497,0.618,0.622,0.607,0.635
"2018-05-28 22:00:00",882,0.607,0.584,0.605,0.498,0.618,0.621,0.607,0.635
"2018-05-28 22:30:00",883,0.606,0.583,0.604,0.499,0.619,0.62,0.606,0.635
"2018-05-28 23:00:00",884,0.605,0.582,0.605,0.499,0.617,0.62,0.607,0.635
"2018-05-28 23:30:00",885,0.605,0.582,0.604,0.499,0.618,0.619,0.607,0.635
"2018-05-29 00:00:00",886,0.604,0.581,0.602,0.5,0.618,0.618,0.605,0.635
"2018-05-29 00:30:00",887,0.603,0.58,0.602,0.499,0.617,0.617,0.604,0.635
"2018-05-29 01:00:00",888,0.602,0.58,0.602,0.499,0.616,0.616,0.607,0.635
"2018-05-29 01:30:00",889,0.601,0.579,0.601,0.498,0.615,0.615,0.608,0.635
"2018-05-29 02:00:00",890,0.601,0.578,0.6,0.498,0.615,0.614,0.608,0.635
"2018-05-29 02:30:00",891,0.6,0.577,0.598,0.497,0.614,0.613,0.604,0.635
"2018-05-29 03:00:00",892,0.6,0.577,0.596,0.496,0.613,0.612,0.606,0.634
"2018-05-29 03:30:00",893,0.6,0.576,0.594,0.495,0.612,0.611,0.606,0.634
"2018-05-29 04:00:00",894,0.599,0.576,0.594,0.495,0.611,0.61,0.607,0.634
"2018-05-29 04:30:00",895,0.599,0.575,0.592,0.495,0.611,0.609,0.606,0.634
"2018-05-29 05:00:00",896,0.6,0.574,0.591,0.495,0.61,0.608,0.606,0.634
"2018-05-29 05:30:00",897,0.599,0.574,0.593,0.493,0.61,0.607,0.608,0.634
"2018-05-29 06:00:00",898,0.599,0.573,0.59,0.493,0.61,0.606,0.607,0.634
"2018-05-29 06:30:00",899,0.599,0.572,0.588,0.492,0.609,0.605,0.605,0.633
"2018-05-29 07:00:00",900,0.598,0.572,0.586,0.492,0.608,0.604,0.607,0.633
"2018-05-29 07:30:00",901,0.598,0.571,0.583,0.492,0.608,0.603,0.606,0.633
"2018-05-29 08:00:00",902,0.599,0.572,0.577,0.492,0.609,0.603,0.607,0.633
"2018-05-29 08:30:00",903,0.601,0.572,0.569,0.493,0.612,0.604,0.604,0.632
"2018-05-29 09:00:00",904,0.603,0.572,0.558,0.493,0.614,0.604,0.603,0.63
"2018-05-29 09:30:00",905,0.604,0.572,0.546,0.491,0.614,0.604,0.604,0.63
"2018-05-29 10:00:00",906,0.6,0.568,0.512,0.483,0.608,0.598,0.605,0.629
"2018-05-29 10:30:00",907,0.587,0.559,0.482,0.466,0.59,0.585,0.607,0.625
"2018-05-29 11:00:00",908,0.57,0.549,0.46,0.452,0.572,0.572,0.605,0.62
"2018-05-29 11:30:00",909,0.561,0.544,0.459,0.447,0.567,0.567,0.607,0.615
"2018-05-29 12:00:00",910,0.552,0.539,0.441,0.442,0.561,0.56,0.607,0.608
"2018-05-29 12:30:00",911,0.558,0.541,0.461,0.447,0.568,0.567,0.607,0.606
"2018-05-29 13:00:00",912,0.562,0.545,0.475,0.451,0.572,0.574,0.607,0.606
"2018-05-29 13:30:00",913,0.555,0.541,0.457,0.446,0.564,0.569,0.606,0.599
"2018-05-29 14:00:00",914,0.541,0.532,0.439,0.436,0.55,0.558,0.606,0.592
"2018-05-29 14:30:00",915,0.536,0.53,0.437,0.432,0.546,0.554,0.604,0.589
"2018-05-29 15:00:00",916,0.515,0.518,0.409,0.418,0.528,0.537,0.602,0.575
"2018-05-29 15:30:00",917,0.496,0.507,0.389,0.404,0.513,0.521,0.596,0.561
"2018-05-29 16:00:00",918,0.491,0.506,0.394,0.402,0.51,0.522,0.59,0.55
"2018-05-29 16:30:00",919,0.493,0.508,0.4,0.407,0.512,0.527,0.585,0.546
"2018-05-29 17:00:00",920,0.497,0.512,0.414,0.413,0.516,0.533,0.585,0.55
"2018-05-29 17:30:00",921,0.515,0.525,0.447,0.428,0.533,0.551,0.59,0.565
"2018-05-29 18:00:00",922,0.527,0.537,0.47,0.44,0.542,0.569,0.596,0.582
"2018-05-29 18:30:00",923,0.53,0.539,0.472,0.441,0.543,0.57,0.598,0.592
"2018-05-29 19:00:00",924,0.545,0.549,0.494,0.451,0.556,0.585,0.602,0.605
"2018-05-29 19:30:00",925,0.563,0.56,0.526,0.464,0.573,0.602,0.604,0.615
"2018-05-29 20:00:00",926,0.582,0.571,0.555,0.477,0.59,0.618,0.609,0.622
"2018-05-29 20:30:00",927,0.593,0.578,0.573,0.486,0.601,0.625,0.61,0.626
"2018-05-29 21:00:00",928,0.599,0.58,0.584,0.49,0.609,0.628,0.611,0.629
"2018-05-29 21:30:00",929,0.602,0.582,0.591,0.493,0.611,0.629,0.613,0.631
"2018-05-29 22:00:00",930,0.603,0.582,0.596,0.495,0.613,0.628,0.615,0.633
"2018-05-29 22:30:00",931,0.604,0.581,0.601,0.496,0.614,0.627,0.615,0.634
"2018-05-29 23:00:00",932,0.604,0.581,0.603,0.496,0.614,0.627,0.616,0.636
"2018-05-29 23:30:00",933,0.604,0.581,0.605,0.497,0.614,0.626,0.617,0.637
"2018-05-30 00:00:00",934,0.604,0.58,0.606,0.497,0.613,0.625,0.617,0.638
"2018-05-30 00:30:00",935,0.604,0.581,0.608,0.497,0.614,0.624,0.619,0.638
"2018-05-30 01:00:00",936,0.603,0.583,0.608,0.497,0.614,0.624,0.621,0.639
"2018-05-30 01:30:00",937,0.603,0.58,0.611,0.497,0.613,0.623,0.623,0.64
"2018-05-30 02:00:00",938,0.604,0.578,0.612,0.497,0.612,0.622,0.619,0.64
"2018-05-30 02:30:00",939,0.604,0.577,0.615,0.497,0.612,0.622,0.62,0.641
"2018-05-30 03:00:00",940,0.604,0.576,0.616,0.497,0.612,0.622,0.621,0.641
"2018-05-30 03:30:00",941,0.604,0.575,0.619,0.498,0.612,0.621,0.623,0.642
"2018-05-30 04:00:00",942,0.604,0.574,0.62,0.498,0.612,0.621,0.625,0.643
"2018-05-30 04:30:00",943,0.605,0.573,0.618,0.497,0.612,0.62,0.625,0.643
"2018-05-30 05:00:00",944,0.604,0.572,0.613,0.496,0.612,0.619,0.624,0.643
"2018-05-30 05:30:00",945,0.603,0.571,0.611,0.496,0.611,0.618,0.624,0.643
"2018-05-30 06:00:00",946,0.603,0.57,0.605,0.496,0.611,0.617,0.623,0.643
"2018-05-30 06:30:00",947,0.602,0.57,0.604,0.495,0.61,0.615,0.622,0.642
"2018-05-30 07:00:00",948,0.601,0.569,0.598,0.494,0.61,0.614,0.62,0.642
"2018-05-30 07:30:00",949,0.601,0.568,0.592,0.493,0.609,0.612,0.62,0.641
"2018-05-30 08:00:00",950,0.601,0.568,0.585,0.493,0.61,0.611,0.619,0.641
"2018-05-30 08:30:00",951,0.6,0.569,0.568,0.493,0.611,0.611,0.617,0.639
"2018-05-30 09:00:00",952,0.588,0.562,0.518,0.488,0.606,0.605,0.614,0.634
"2018-05-30 09:30:00",953,0.573,0.55,0.465,0.468,0.589,0.588,0.611,0.626
"2018-05-30 10:00:00",954,0.551,0.536,0.439,0.444,0.562,0.564,0.612,0.623
