"TOA5","CR1000-CONTROL2","CR1000","86633","CR1000.Std.31.03","CPU:Sapflow_SERC.CR1","8974","Table1"
"TIMESTAMP","RECORD","DiffVolt_Avg(1)","DiffVolt_Avg(2)","DiffVolt_Avg(3)","DiffVolt_Avg(4)","DiffVolt_Avg(5)","DiffVolt_Avg(6)","DiffVolt_Avg(7)","DiffVolt_Avg(8)"
"TS","RN","mV","mV","mV","mV","mV","mV","mV","mV"
"","","Avg","Avg","Avg","Avg","Avg","Avg","Avg","Avg"
"2018-05-09 11:00:00",0,"NAN","NAN","NAN","NAN","NAN","NAN","NAN","NAN"
"2018-05-09 11:30:00",1,"NAN","NAN","NAN","NAN","NAN","NAN","NAN","NAN"
"2018-05-10 12:30:00",2,0.43,0.398,0.435,0.405,0.417,0.44,0.456,0.465
"2018-05-10 13:00:00",3,0.463,0.431,0.473,0.436,0.452,0.477,0.492,0.51
"2018-05-10 13:30:00",4,0.453,0.423,0.467,0.425,0.442,0.452,0.486,0.503
"2018-05-10 14:00:00",5,0.444,0.421,0.47,0.421,0.433,0.453,0.48,0.497
"2018-05-10 14:30:00",6,0.435,0.422,0.474,0.419,0.429,0.452,0.469,0.487
"2018-05-10 15:00:00",7,0.435,0.43,0.481,0.425,0.438,0.458,0.474,0.49
"2018-05-10 15:30:00",8,0.435,0.436,0.485,0.43,0.443,0.456,0.476,0.495
"2018-05-10 16:00:00",9,0.441,0.447,0.493,0.442,0.452,0.469,0.484,0.502
"2018-05-10 16:30:00",10,0.452,0.46,0.505,0.453,0.465,0.469,0.496,0.513
"2018-05-10 17:00:00",11,0.468,0.483,0.525,0.487,0.494,0.523,0.516,0.533
"2018-05-10 17:30:00",12,0.477,0.497,0.537,0.509,0.512,0.538,0.529,0.546
"2018-05-10 18:00:00",13,0.493,0.517,0.557,0.531,0.53,0.554,0.554,0.567
"2018-05-10 18:30:00",14,0.506,0.537,0.571,0.55,0.545,0.57,0.571,0.584
"2018-05-10 19:00:00",15,0.514,0.548,0.582,0.559,0.556,0.579,0.587,0.596
"2018-05-10 19:30:00",16,0.519,0.55,0.586,0.561,0.561,0.581,0.595,0.603
"2018-05-10 20:00:00",17,0.524,0.553,0.588,0.566,0.564,0.587,0.595,0.609
"2018-05-10 20:30:00",18,0.528,0.563,0.59,0.57,0.566,0.59,0.6,0.611
"2018-05-10 21:00:00",19,0.532,0.568,0.597,0.573,0.569,0.593,0.6,0.615
"2018-05-10 21:30:00",20,0.536,0.573,0.599,0.574,0.574,0.595,0.606,0.618
"2018-05-10 22:00:00",21,0.539,0.576,0.605,0.576,0.576,0.596,0.61,0.622
"2018-05-10 22:30:00",22,0.541,0.578,0.606,0.578,0.578,0.597,0.614,0.624
"2018-05-10 23:00:00",23,0.543,0.58,0.61,0.579,0.58,0.597,0.621,0.627
"2018-05-10 23:30:00",24,0.544,0.582,0.61,0.58,0.582,0.598,0.622,0.628
"2018-05-11 00:00:00",25,0.545,0.583,0.611,0.581,0.583,0.598,0.625,0.63
"2018-05-11 00:30:00",26,0.546,0.584,0.61,0.582,0.584,0.599,0.629,0.631
"2018-05-11 01:00:00",27,0.547,0.584,0.612,0.583,0.585,0.599,0.632,0.632
"2018-05-11 01:30:00",28,0.548,0.585,0.609,0.584,0.586,0.6,0.633,0.633
"2018-05-11 02:00:00",29,0.549,0.586,0.611,0.585,0.587,0.6,0.633,0.633
"2018-05-11 02:30:00",30,0.549,0.586,0.605,0.585,0.588,0.601,0.638,0.633
"2018-05-11 03:00:00",31,0.55,0.587,0.607,0.585,0.589,0.601,0.637,0.633
"2018-05-11 03:30:00",32,0.55,0.587,0.609,0.585,0.59,0.601,0.638,0.632
"2018-05-11 04:00:00",33,0.551,0.587,0.607,0.586,0.59,0.601,0.639,0.633
"2018-05-11 04:30:00",34,0.551,0.588,0.604,0.586,0.591,0.602,0.64,0.632
"2018-05-11 05:00:00",35,0.552,0.588,0.604,0.587,0.591,0.603,0.64,0.633
"2018-05-11 05:30:00",36,0.552,0.588,0.603,0.587,0.591,0.603,0.641,0.632
"2018-05-11 06:00:00",37,0.553,0.589,0.604,0.588,0.592,0.604,0.642,0.632
"2018-05-11 06:30:00",38,0.553,0.589,0.603,0.588,0.593,0.605,0.643,0.631
"2018-05-11 07:00:00",39,0.553,0.584,0.602,0.586,0.594,0.605,0.643,0.63
"2018-05-11 07:30:00",40,0.551,0.567,0.597,0.584,0.593,0.603,0.64,0.629
"2018-05-11 08:00:00",41,0.545,0.532,0.576,0.558,0.581,0.588,0.635,0.625
"2018-05-11 08:30:00",42,0.53,0.503,0.549,0.503,0.546,0.554,0.619,0.62
"2018-05-11 09:00:00",43,0.506,0.489,0.533,0.474,0.511,0.523,0.592,0.607
"2018-05-11 09:30:00",44,0.488,0.483,0.524,0.461,0.493,0.507,0.563,0.583
"2018-05-11 10:00:00",45,0.471,0.479,0.515,0.45,0.484,0.497,0.538,0.556
"2018-05-11 10:30:00",46,0.458,0.474,0.509,0.444,0.475,0.487,0.515,0.531
"2018-05-11 11:00:00",47,0.449,0.471,0.505,0.44,0.467,0.481,0.491,0.512
"2018-05-11 11:30:00",48,0.44,0.468,0.499,0.438,0.463,0.475,0.473,0.498
"2018-05-11 12:00:00",49,0.434,0.467,0.498,0.436,0.46,0.47,0.464,0.489
"2018-05-11 12:30:00",50,0.439,0.472,0.504,0.444,0.467,0.475,0.47,0.495
"2018-05-11 13:00:00",51,0.434,0.468,0.5,0.438,0.459,0.468,0.463,0.488
"2018-05-11 13:30:00",52,0.431,0.466,0.499,0.436,0.458,0.466,0.464,0.486
"2018-05-11 14:00:00",53,0.428,0.466,0.498,0.436,0.457,0.465,0.466,0.485
"2018-05-11 14:30:00",54,0.427,0.466,0.498,0.436,0.458,0.465,0.468,0.487
"2018-05-11 15:00:00",55,0.428,0.466,0.5,0.436,0.46,0.467,0.469,0.492
"2018-05-11 15:30:00",56,0.429,0.466,0.499,0.438,0.461,0.467,0.471,0.495
"2018-05-11 16:00:00",57,0.432,0.468,0.5,0.445,0.464,0.472,0.475,0.497
"2018-05-11 16:30:00",58,0.435,0.471,0.504,0.454,0.47,0.479,0.484,0.504
"2018-05-11 17:00:00",59,0.444,0.475,0.507,0.463,0.475,0.487,0.493,0.51
"2018-05-11 17:30:00",60,0.454,0.482,0.518,0.477,0.484,0.501,0.502,0.522
"2018-05-11 18:00:00",61,0.46,0.486,0.522,0.486,0.484,0.502,0.508,0.532
"2018-05-11 18:30:00",62,0.473,0.5,0.536,0.5,0.496,0.519,0.523,0.548
"2018-05-11 19:00:00",63,0.487,0.518,0.556,0.521,0.513,0.542,0.545,0.564
"2018-05-11 19:30:00",64,0.501,0.531,0.57,0.538,0.526,0.557,0.563,0.581
"2018-05-11 20:00:00",65,0.516,0.554,0.585,0.557,0.552,0.579,0.587,0.597
"2018-05-11 20:30:00",66,0.527,0.57,0.597,0.571,0.568,0.594,0.602,0.608
"2018-05-11 21:00:00",67,0.534,0.579,0.604,0.578,0.578,0.601,0.613,0.616
"2018-05-11 21:30:00",68,0.54,0.584,0.609,0.583,0.584,0.604,0.622,0.623
"2018-05-11 22:00:00",69,0.543,0.588,0.61,0.586,0.587,0.607,0.627,0.627
"2018-05-11 22:30:00",70,0.547,0.59,0.611,0.588,0.59,0.609,0.632,0.631
"2018-05-11 23:00:00",71,0.549,0.592,0.613,0.589,0.592,0.61,0.636,0.634
"2018-05-11 23:30:00",72,0.551,0.593,0.615,0.591,0.594,0.611,0.638,0.636
"2018-05-12 00:00:00",73,0.551,0.594,0.614,0.591,0.595,0.612,0.641,0.635
"2018-05-12 00:30:00",74,0.552,0.595,0.617,0.591,0.596,0.612,0.641,0.637
"2018-05-12 01:00:00",75,0.552,0.595,0.621,0.591,0.597,0.612,0.643,0.639
"2018-05-12 01:30:00",76,0.553,0.595,0.622,0.591,0.598,0.611,0.644,0.64
"2018-05-12 02:00:00",77,0.551,0.595,0.621,0.59,0.598,0.61,0.642,0.639
"2018-05-12 02:30:00",78,0.551,0.595,0.621,0.59,0.598,0.61,0.643,0.64
"2018-05-12 03:00:00",79,0.551,0.595,0.621,0.59,0.598,0.61,0.644,0.64
"2018-05-12 03:30:00",80,0.551,0.595,0.619,0.589,0.598,0.609,0.644,0.639
"2018-05-12 04:00:00",81,0.551,0.595,0.619,0.589,0.599,0.609,0.644,0.639
"2018-05-12 04:30:00",82,0.551,0.595,0.62,0.588,0.599,0.609,0.643,0.64
"2018-05-12 05:00:00",83,0.551,0.595,0.617,0.588,0.598,0.609,0.643,0.639
"2018-05-12 05:30:00",84,0.551,0.595,0.62,0.589,0.597,0.609,0.64,0.638
"2018-05-12 06:00:00",85,0.551,0.595,0.619,0.589,0.597,0.609,0.64,0.637
"2018-05-12 06:30:00",86,0.552,0.595,0.621,0.589,0.598,0.609,0.643,0.639
"2018-05-12 07:00:00",87,0.55,0.595,0.613,0.589,0.597,0.609,0.639,0.634
"2018-05-12 07:30:00",88,0.548,0.587,0.6,0.588,0.594,0.609,0.635,0.626
"2018-05-12 08:00:00",89,0.543,0.56,0.586,0.575,0.588,0.6,0.631,0.625
"2018-05-12 08:30:00",90,0.533,0.534,0.562,0.541,0.573,0.582,0.624,0.619
"2018-05-12 09:00:00",91,0.517,0.515,0.545,0.504,0.547,0.555,0.617,0.613
"2018-05-12 09:30:00",92,0.5,0.508,0.538,0.488,0.526,0.535,0.604,0.602
"2018-05-12 10:00:00",93,0.493,0.508,0.538,0.488,0.521,0.532,0.585,0.587
"2018-05-12 10:30:00",94,0.48,0.5,0.532,0.471,0.511,0.518,0.566,0.574
"2018-05-12 11:00:00",95,0.467,0.491,0.52,0.456,0.491,0.502,0.541,0.55
"2018-05-12 11:30:00",96,0.456,0.485,0.515,0.45,0.477,0.491,0.513,0.531
"2018-05-12 12:00:00",97,0.452,0.484,0.517,0.454,0.471,0.489,0.492,0.518
"2018-05-12 12:30:00",98,0.45,0.487,0.517,0.459,0.477,0.493,0.487,0.513
"2018-05-12 13:00:00",99,0.445,0.485,0.513,0.457,0.474,0.489,0.485,0.508
"2018-05-12 13:30:00",100,0.436,0.479,0.507,0.449,0.465,0.478,0.48,0.503
"2018-05-12 14:00:00",101,0.438,0.481,0.51,0.454,0.464,0.482,0.482,0.504
"2018-05-12 14:30:00",102,0.432,0.478,0.507,0.45,0.461,0.477,0.486,0.505
"2018-05-12 15:00:00",103,0.431,0.475,0.508,0.446,0.459,0.472,0.487,0.509
"2018-05-12 15:30:00",104,0.428,0.475,0.505,0.447,0.46,0.473,0.485,0.509
"2018-05-12 16:00:00",105,0.431,0.476,0.508,0.452,0.464,0.477,0.492,0.515
"2018-05-12 16:30:00",106,0.432,0.477,0.509,0.458,0.466,0.48,0.497,0.519
"2018-05-12 17:00:00",107,0.434,0.476,0.509,0.46,0.465,0.483,0.503,0.521
"2018-05-12 17:30:00",108,0.446,0.483,0.519,0.474,0.476,0.499,0.516,0.536
"2018-05-12 18:00:00",109,0.458,0.494,0.532,0.495,0.492,0.518,0.529,0.552
"2018-05-12 18:30:00",110,0.469,0.501,0.539,0.506,0.501,0.525,0.541,0.565
"2018-05-12 19:00:00",111,0.482,0.517,0.555,0.523,0.524,0.552,0.559,0.579
"2018-05-12 19:30:00",112,0.497,0.541,0.572,0.546,0.549,0.577,0.577,0.591
"2018-05-12 20:00:00",113,0.512,0.564,0.589,0.562,0.568,0.593,0.595,0.603
"2018-05-12 20:30:00",114,0.522,0.578,0.601,0.571,0.577,0.6,0.606,0.614
"2018-05-12 21:00:00",115,0.521,0.577,0.592,0.57,0.574,0.595,0.601,0.606
"2018-05-12 21:30:00",116,0.48,0.579,0.594,0.561,0.569,0.594,0.592,0.456
"2018-05-12 22:00:00",117,0.409,0.579,0.6,0.549,0.568,0.586,0.59,0.437
"2018-05-12 22:30:00",118,0.407,0.582,0.611,0.55,0.573,0.586,0.605,0.502
"2018-05-12 23:00:00",119,0.422,0.582,0.614,0.555,0.579,0.589,0.613,0.529
"2018-05-12 23:30:00",120,0.44,0.583,0.619,0.565,0.581,0.594,0.617,0.542
"2018-05-13 00:00:00",121,0.465,0.584,0.617,0.571,0.583,0.598,0.62,0.547
"2018-05-13 00:30:00",122,0.479,0.586,0.621,0.575,0.585,0.601,0.624,0.548
"2018-05-13 01:00:00",123,0.487,0.586,0.623,0.576,0.586,0.602,0.63,0.55
"2018-05-13 01:30:00",124,0.491,0.586,0.624,0.577,0.588,0.602,0.633,0.553
"2018-05-13 02:00:00",125,0.493,0.586,0.62,0.578,0.589,0.603,0.635,0.553
"2018-05-13 02:30:00",126,0.493,0.587,0.62,0.578,0.589,0.603,0.636,0.549
"2018-05-13 03:00:00",127,0.492,0.587,0.613,0.577,0.585,0.6,0.632,0.543
"2018-05-13 03:30:00",128,0.492,0.586,0.612,0.577,0.585,0.599,0.628,0.54
"2018-05-13 04:00:00",129,0.492,0.587,0.61,0.578,0.586,0.602,0.626,0.54
"2018-05-13 04:30:00",130,0.492,0.588,0.611,0.578,0.588,0.604,0.625,0.54
"2018-05-13 05:00:00",131,0.495,0.589,0.614,0.579,0.588,0.604,0.628,0.543
"2018-05-13 05:30:00",132,0.499,0.589,0.612,0.579,0.586,0.604,0.63,0.543
"2018-05-13 06:00:00",133,0.502,0.589,0.612,0.578,0.587,0.604,0.626,0.49
"2018-05-13 06:30:00",134,0.455,0.589,0.619,0.571,0.588,0.605,0.606,0.425
"2018-05-13 07:00:00",135,0.433,0.589,0.618,0.555,0.589,0.604,0.597,0.435
"2018-05-13 07:30:00",136,0.431,0.585,0.616,0.549,0.589,0.604,0.592,0.481
"2018-05-13 08:00:00",137,0.431,0.583,0.617,0.545,0.586,0.604,0.6,0.515
"2018-05-13 08:30:00",138,0.433,0.582,0.613,0.544,0.585,0.604,0.609,0.53
"2018-05-13 09:00:00",139,0.437,0.581,0.608,0.548,0.585,0.604,0.612,0.535
"2018-05-13 09:30:00",140,0.443,0.581,0.607,0.555,0.585,0.603,0.615,0.54
"2018-05-13 10:00:00",141,0.451,0.583,0.607,0.563,0.586,0.604,0.616,0.543
"2018-05-13 10:30:00",142,0.457,0.583,0.593,0.569,0.582,0.604,0.61,0.531
"2018-05-13 11:00:00",143,0.463,0.584,0.591,0.572,0.58,0.604,0.604,0.528
"2018-05-13 11:30:00",144,0.465,0.586,0.6,0.575,0.584,0.607,0.609,0.535
"2018-05-13 12:00:00",145,0.468,0.588,0.603,0.576,0.585,0.607,0.613,0.54
"2018-05-13 12:30:00",146,0.472,0.589,0.602,0.577,0.586,0.607,0.615,0.536
"2018-05-13 13:00:00",147,0.479,0.591,0.603,0.578,0.587,0.607,0.616,0.538
"2018-05-13 13:30:00",148,0.48,0.591,0.599,0.579,0.588,0.609,0.613,0.534
"2018-05-13 14:00:00",149,0.481,0.593,0.595,0.581,0.587,0.609,0.609,0.53
"2018-05-13 14:30:00",150,0.483,0.594,0.599,0.581,0.588,0.61,0.61,0.533
"2018-05-13 15:00:00",151,0.484,0.592,0.6,0.581,0.589,0.61,0.611,0.535
"2018-05-13 15:30:00",152,0.484,0.592,0.602,0.582,0.59,0.611,0.612,0.538
"2018-05-13 16:00:00",153,0.484,0.592,0.605,0.582,0.591,0.611,0.613,0.54
"2018-05-13 16:30:00",154,0.485,0.591,0.608,0.581,0.591,0.61,0.617,0.545
"2018-05-13 17:00:00",155,0.486,0.588,0.607,0.578,0.59,0.609,0.62,0.548
"2018-05-13 17:30:00",156,0.487,0.586,0.608,0.577,0.589,0.608,0.623,0.55
"2018-05-13 18:00:00",157,0.487,0.587,0.608,0.578,0.591,0.609,0.625,0.55
"2018-05-13 18:30:00",158,0.487,0.584,0.606,0.577,0.59,0.608,0.625,0.55
"2018-05-13 19:00:00",159,0.487,0.585,0.608,0.578,0.59,0.608,0.627,0.551
"2018-05-13 19:30:00",160,0.487,0.586,0.61,0.58,0.591,0.609,0.629,0.552
"2018-05-13 20:00:00",161,0.488,0.589,0.613,0.582,0.593,0.611,0.631,0.552
"2018-05-13 20:30:00",162,0.488,0.593,0.614,0.582,0.595,0.611,0.631,0.552
"2018-05-13 21:00:00",163,0.488,0.593,0.616,0.582,0.595,0.611,0.63,0.551
"2018-05-13 21:30:00",164,0.488,0.595,0.617,0.582,0.596,0.611,0.632,0.551
"2018-05-13 22:00:00",165,0.488,0.596,0.616,0.582,0.594,0.61,0.63,0.55
"2018-05-13 22:30:00",166,0.488,0.596,0.613,0.581,0.593,0.61,0.629,0.549
"2018-05-13 23:00:00",167,0.472,0.585,0.606,0.57,0.59,0.607,0.622,0.481
"2018-05-13 23:30:00",168,0.428,0.573,0.607,0.548,0.583,0.584,0.621,0.459
"2018-05-14 00:00:00",169,0.424,0.573,0.606,0.541,0.583,0.574,0.623,0.502
"2018-05-14 00:30:00",170,0.425,0.579,0.607,0.538,0.585,0.57,0.624,0.522
"2018-05-14 01:00:00",171,0.428,0.58,0.609,0.54,0.585,0.569,0.627,0.533
"2018-05-14 01:30:00",172,0.432,0.581,0.611,0.546,0.587,0.574,0.628,0.538
"2018-05-14 02:00:00",173,0.436,0.581,0.609,0.552,0.587,0.578,0.628,0.542
"2018-05-14 02:30:00",174,0.442,0.583,0.611,0.559,0.587,0.583,0.628,0.544
"2018-05-14 03:00:00",175,0.446,0.583,0.61,0.564,0.587,0.587,0.628,0.545
"2018-05-14 03:30:00",176,0.45,0.584,0.612,0.567,0.587,0.589,0.627,0.546
"2018-05-14 04:00:00",177,0.453,0.585,0.613,0.569,0.587,0.592,0.627,0.547
"2018-05-14 04:30:00",178,0.457,0.586,0.614,0.57,0.586,0.594,0.628,0.548
"2018-05-14 05:00:00",179,0.46,0.588,0.612,0.571,0.587,0.595,0.629,0.547
"2018-05-14 05:30:00",180,0.463,0.59,0.61,0.573,0.586,0.596,0.63,0.547
"2018-05-14 06:00:00",181,0.466,0.59,0.611,0.574,0.586,0.596,0.63,0.546
"2018-05-14 06:30:00",182,0.47,0.59,0.612,0.575,0.585,0.597,0.628,0.547
"2018-05-14 07:00:00",183,0.474,0.591,0.612,0.575,0.584,0.598,0.627,0.547
"2018-05-14 07:30:00",184,0.476,0.591,0.612,0.575,0.585,0.598,0.628,0.545
"2018-05-14 08:00:00",185,0.476,0.591,0.613,0.575,0.585,0.598,0.626,0.545
"2018-05-14 08:30:00",186,0.477,0.592,0.612,0.575,0.585,0.598,0.627,0.546
"2018-05-14 09:00:00",187,0.477,0.592,0.614,0.576,0.585,0.598,0.627,0.548
"2018-05-14 09:30:00",188,0.478,0.592,0.612,0.576,0.585,0.6,0.626,0.546
"2018-05-14 10:00:00",189,0.478,0.592,0.612,0.577,0.585,0.6,0.626,0.543
"2018-05-14 10:30:00",190,0.477,0.593,0.611,0.577,0.586,0.601,0.626,0.543
"2018-05-14 11:00:00",191,0.478,0.592,0.614,0.576,0.586,0.601,0.625,0.545
"2018-05-14 11:30:00",192,0.477,0.587,0.611,0.574,0.585,0.599,0.623,0.546
"2018-05-14 12:00:00",193,0.477,0.582,0.609,0.569,0.583,0.596,0.62,0.546
"2018-05-14 12:30:00",194,0.478,0.579,0.609,0.567,0.581,0.596,0.62,0.547
"2018-05-14 13:00:00",195,0.478,0.574,0.605,0.56,0.576,0.592,0.621,0.549
"2018-05-14 13:30:00",196,0.475,0.566,0.595,0.549,0.569,0.585,0.619,0.547
"2018-05-14 14:00:00",197,0.473,0.56,0.591,0.543,0.562,0.579,0.617,0.547
"2018-05-14 14:30:00",198,0.467,0.55,0.582,0.529,0.55,0.566,0.61,0.542
"2018-05-14 15:00:00",199,0.457,0.537,0.569,0.513,0.534,0.549,0.604,0.538
"2018-05-14 15:30:00",200,0.447,0.525,0.556,0.499,0.517,0.533,0.592,0.53
"2018-05-14 16:00:00",201,0.439,0.516,0.542,0.49,0.505,0.519,0.577,0.519
"2018-05-14 16:30:00",202,0.429,0.506,0.529,0.483,0.488,0.502,0.557,0.507
"2018-05-14 17:00:00",203,0.422,0.501,0.525,0.484,0.481,0.498,0.547,0.495
"2018-05-14 17:30:00",204,0.425,0.507,0.536,0.492,0.488,0.511,0.548,0.496
"2018-05-14 18:00:00",205,0.431,0.517,0.55,0.507,0.506,0.532,0.55,0.499
"2018-05-14 18:30:00",206,0.443,0.536,0.57,0.53,0.532,0.558,0.562,0.508
"2018-05-14 19:00:00",207,0.455,0.556,0.586,0.549,0.556,0.578,0.575,0.516
"2018-05-14 19:30:00",208,0.462,0.569,0.599,0.56,0.57,0.589,0.586,0.524
"2018-05-14 20:00:00",209,0.467,0.578,0.604,0.564,0.578,0.594,0.595,0.527
"2018-05-14 20:30:00",210,0.456,0.575,0.605,0.549,0.576,0.591,0.591,0.474
"2018-05-14 21:00:00",211,0.415,0.564,0.607,0.525,0.546,0.569,0.593,0.441
"2018-05-14 21:30:00",212,0.411,0.572,0.608,0.526,0.555,0.564,0.601,0.483
"2018-05-14 22:00:00",213,0.411,0.573,0.608,0.528,0.558,0.564,0.604,0.442
"2018-05-14 22:30:00",214,0.407,0.51,0.606,0.527,0.55,0.562,0.608,0.46
"2018-05-14 23:00:00",215,0.409,0.498,0.597,0.525,0.555,0.561,0.61,0.483
"2018-05-14 23:30:00",216,0.411,0.497,0.604,0.525,0.56,0.562,0.611,0.506
"2018-05-15 00:00:00",217,0.414,0.497,0.604,0.526,0.565,0.564,0.611,0.519
"2018-05-15 00:30:00",218,0.418,0.498,0.602,0.529,0.568,0.568,0.61,0.524
"2018-05-15 01:00:00",219,0.423,0.499,0.601,0.536,0.57,0.573,0.61,0.525
"2018-05-15 01:30:00",220,0.428,0.5,0.605,0.542,0.571,0.577,0.61,0.531
"2018-05-15 02:00:00",221,0.433,0.5,0.608,0.548,0.571,0.58,0.615,0.535
"2018-05-15 02:30:00",222,0.44,0.502,0.607,0.554,0.573,0.583,0.618,0.537
"2018-05-15 03:00:00",223,0.446,0.504,0.603,0.557,0.575,0.586,0.617,0.535
"2018-05-15 03:30:00",224,0.45,0.504,0.605,0.559,0.574,0.588,0.615,0.535
"2018-05-15 04:00:00",225,0.454,0.505,0.605,0.561,0.574,0.59,0.615,0.536
"2018-05-15 04:30:00",226,0.458,0.505,0.608,0.563,0.572,0.591,0.613,0.538
"2018-05-15 05:00:00",227,0.462,0.505,0.609,0.565,0.572,0.593,0.615,0.54
"2018-05-15 05:30:00",228,0.466,0.507,0.609,0.564,0.574,0.594,0.619,0.541
"2018-05-15 06:00:00",229,0.467,0.509,0.605,0.561,0.575,0.596,0.616,0.537
"2018-05-15 06:30:00",230,0.466,0.506,0.602,0.551,0.575,0.597,0.605,0.535
"2018-05-15 07:00:00",231,0.467,0.492,0.594,0.536,0.577,0.598,0.606,0.534
"2018-05-15 07:30:00",232,0.463,0.471,0.575,0.54,0.575,0.597,0.602,0.527
"2018-05-15 08:00:00",233,0.454,0.459,0.559,0.541,0.562,0.589,0.594,0.523
"2018-05-15 08:30:00",234,0.447,0.451,0.548,0.526,0.548,0.575,0.588,0.519
"2018-05-15 09:00:00",235,0.426,0.435,0.529,0.494,0.522,0.545,0.57,0.506
"2018-05-15 09:30:00",236,0.409,0.427,0.517,0.468,0.493,0.516,0.546,0.485
"2018-05-15 10:00:00",237,0.4,0.426,0.514,0.455,0.48,0.503,0.523,0.472
"2018-05-15 10:30:00",238,0.39,0.42,0.509,0.443,0.466,0.488,0.502,0.46
"2018-05-15 11:00:00",239,0.39,0.426,0.509,0.45,0.467,0.489,0.493,0.453
"2018-05-15 11:30:00",240,0.381,0.422,0.504,0.437,0.458,0.477,0.478,0.447
"2018-05-15 12:00:00",241,0.375,0.423,0.497,0.433,0.453,0.469,0.465,0.437
"2018-05-15 12:30:00",242,0.369,0.427,0.494,0.43,0.45,0.464,0.456,0.43
"2018-05-15 13:00:00",243,0.367,0.43,0.495,0.429,0.448,0.462,0.452,0.429
"2018-05-15 13:30:00",244,0.365,0.432,0.495,0.428,0.446,0.458,0.452,0.428
"2018-05-15 14:00:00",245,0.367,0.438,0.497,0.43,0.448,0.46,0.459,0.43
"2018-05-15 14:30:00",246,0.366,0.44,0.498,0.43,0.449,0.461,0.464,0.433
"2018-05-15 15:00:00",247,0.364,0.443,0.495,0.427,0.448,0.458,0.464,0.434
"2018-05-15 15:30:00",248,0.364,0.447,0.493,0.425,0.449,0.456,0.464,0.435
"2018-05-15 16:00:00",249,0.365,0.448,0.493,0.426,0.449,0.456,0.465,0.436
"2018-05-15 16:30:00",250,0.369,0.452,0.494,0.431,0.451,0.46,0.472,0.44
"2018-05-15 17:00:00",251,0.376,0.457,0.497,0.439,0.455,0.467,0.481,0.446
"2018-05-15 17:30:00",252,0.384,0.461,0.499,0.446,0.459,0.474,0.49,0.453
"2018-05-15 18:00:00",253,0.397,0.468,0.51,0.458,0.464,0.487,0.498,0.467
"2018-05-15 18:30:00",254,0.412,0.48,0.525,0.472,0.477,0.503,0.516,0.483
"2018-05-15 19:00:00",255,0.427,0.498,0.543,0.493,0.498,0.528,0.537,0.497
"2018-05-15 19:30:00",256,0.439,0.519,0.558,0.511,0.524,0.548,0.556,0.512
"2018-05-15 20:00:00",257,0.451,0.544,0.58,0.536,0.55,0.574,0.576,0.526
"2018-05-15 20:30:00",258,0.459,0.559,0.593,0.551,0.563,0.587,0.587,0.535
"2018-05-15 21:00:00",259,0.458,0.561,0.587,0.557,0.567,0.591,0.582,0.529
"2018-05-15 21:30:00",260,0.461,0.564,0.58,0.564,0.565,0.594,0.577,0.521
"2018-05-15 22:00:00",261,0.454,0.562,0.586,0.554,0.56,0.59,0.576,0.462
"2018-05-15 22:30:00",262,0.422,0.548,0.596,0.532,0.56,0.576,0.577,0.412
"2018-05-15 23:00:00",263,0.418,0.549,0.6,0.531,0.566,0.571,0.588,0.421
"2018-05-15 23:30:00",264,0.417,0.55,0.602,0.53,0.571,0.568,0.595,0.436
"2018-05-16 00:00:00",265,0.419,0.556,0.609,0.53,0.575,0.566,0.596,0.443
"2018-05-16 00:30:00",266,0.421,0.546,0.612,0.53,0.575,0.565,0.6,0.479
"2018-05-16 01:00:00",267,0.425,0.508,0.611,0.529,0.578,0.565,0.604,0.516
"2018-05-16 01:30:00",268,0.429,0.501,0.612,0.529,0.579,0.566,0.607,0.532
"2018-05-16 02:00:00",269,0.431,0.502,0.612,0.535,0.58,0.57,0.61,0.54
"2018-05-16 02:30:00",270,0.435,0.503,0.606,0.543,0.581,0.575,0.614,0.542
"2018-05-16 03:00:00",271,0.44,0.504,0.606,0.551,0.581,0.579,0.616,0.543
"2018-05-16 03:30:00",272,0.446,0.505,0.608,0.557,0.581,0.583,0.619,0.545
"2018-05-16 04:00:00",273,0.452,0.509,0.61,0.561,0.58,0.586,0.621,0.546
"2018-05-16 04:30:00",274,0.455,0.515,0.61,0.563,0.581,0.589,0.624,0.547
"2018-05-16 05:00:00",275,0.459,0.519,0.61,0.565,0.581,0.592,0.624,0.547
"2018-05-16 05:30:00",276,0.463,0.521,0.611,0.567,0.58,0.593,0.624,0.547
"2018-05-16 06:00:00",277,0.465,0.523,0.608,0.568,0.579,0.594,0.624,0.546
"2018-05-16 06:30:00",278,0.467,0.524,0.608,0.568,0.579,0.595,0.623,0.548
"2018-05-16 07:00:00",279,0.471,0.525,0.609,0.568,0.58,0.596,0.624,0.548
"2018-05-16 07:30:00",280,0.473,0.527,0.611,0.569,0.58,0.596,0.625,0.545
"2018-05-16 08:00:00",281,0.474,0.531,0.61,0.569,0.58,0.597,0.625,0.545
"2018-05-16 08:30:00",282,0.473,0.535,0.612,0.569,0.58,0.597,0.621,0.546
"2018-05-16 09:00:00",283,0.473,0.537,0.611,0.568,0.579,0.597,0.619,0.546
"2018-05-16 09:30:00",284,0.473,0.54,0.609,0.567,0.579,0.597,0.619,0.544
"2018-05-16 10:00:00",285,0.473,0.545,0.607,0.567,0.58,0.598,0.616,0.543
"2018-05-16 10:30:00",286,0.473,0.548,0.609,0.564,0.579,0.596,0.617,0.545
"2018-05-16 11:00:00",287,0.473,0.545,0.602,0.553,0.573,0.588,0.617,0.545
"2018-05-16 11:30:00",288,0.472,0.543,0.594,0.543,0.567,0.581,0.617,0.543
"2018-05-16 12:00:00",289,0.471,0.543,0.594,0.542,0.564,0.58,0.616,0.543
"2018-05-16 12:30:00",290,0.47,0.541,0.591,0.535,0.559,0.575,0.614,0.545
"2018-05-16 13:00:00",291,0.47,0.542,0.591,0.537,0.559,0.575,0.614,0.545
"2018-05-16 13:30:00",292,0.467,0.541,0.584,0.532,0.556,0.572,0.612,0.541
"2018-05-16 14:00:00",293,0.466,0.537,0.583,0.528,0.55,0.567,0.613,0.542
"2018-05-16 14:30:00",294,0.469,0.548,0.591,0.541,0.562,0.581,0.612,0.5
"2018-05-16 15:00:00",295,0.423,0.561,0.603,0.526,0.573,0.592,0.611,0.432
"2018-05-16 15:30:00",296,0.412,0.55,0.605,0.524,0.573,0.579,0.612,0.43
"2018-05-16 16:00:00",297,0.409,0.542,0.6,0.526,0.574,0.564,0.605,0.446
"2018-05-16 16:30:00",298,0.413,0.535,0.597,0.526,0.573,0.561,0.6,0.484
"2018-05-16 17:00:00",299,0.42,0.54,0.598,0.527,0.571,0.562,0.6,0.505
"2018-05-16 17:30:00",300,0.429,0.548,0.601,0.53,0.574,0.568,0.605,0.501
"2018-05-16 18:00:00",301,0.434,0.552,0.602,0.533,0.576,0.574,0.606,0.511
"2018-05-16 18:30:00",302,0.436,0.556,0.605,0.533,0.578,0.579,0.609,0.522
"2018-05-16 19:00:00",303,0.436,0.558,0.608,0.535,0.579,0.581,0.614,0.487
"2018-05-16 19:30:00",304,0.43,0.557,0.601,0.534,0.578,0.581,0.605,0.434
"2018-05-16 20:00:00",305,0.416,0.532,0.6,0.531,0.57,0.567,0.599,0.43
"2018-05-16 20:30:00",306,0.414,0.528,0.599,0.528,0.566,0.56,0.604,0.43
"2018-05-16 21:00:00",307,0.413,0.525,0.597,0.524,0.561,0.558,0.6,0.43
"2018-05-16 21:30:00",308,0.411,0.523,0.6,0.524,0.555,0.558,0.599,0.424
"2018-05-16 22:00:00",309,0.41,0.523,0.603,0.523,0.557,0.557,0.604,0.46
"2018-05-16 22:30:00",310,0.417,0.524,0.605,0.522,0.566,0.555,0.61,0.506
"2018-05-16 23:00:00",311,0.424,0.533,0.605,0.521,0.57,0.556,0.613,0.522
"2018-05-16 23:30:00",312,0.431,0.537,0.605,0.521,0.571,0.558,0.613,0.502
"2018-05-17 00:00:00",313,0.429,0.539,0.603,0.524,0.57,0.561,0.611,0.449
"2018-05-17 00:30:00",314,0.417,0.529,0.606,0.523,0.565,0.556,0.611,0.47
"2018-05-17 01:00:00",315,0.421,0.528,0.606,0.522,0.564,0.555,0.611,0.508
"2018-05-17 01:30:00",316,0.427,0.531,0.605,0.521,0.568,0.555,0.61,0.52
"2018-05-17 02:00:00",317,0.432,0.535,0.603,0.522,0.57,0.558,0.607,0.525
"2018-05-17 02:30:00",318,0.437,0.542,0.606,0.526,0.571,0.561,0.609,0.529
"2018-05-17 03:00:00",319,0.44,0.548,0.604,0.532,0.571,0.565,0.609,0.529
"2018-05-17 03:30:00",320,0.443,0.55,0.603,0.537,0.571,0.569,0.61,0.531
"2018-05-17 04:00:00",321,0.448,0.552,0.603,0.541,0.571,0.571,0.612,0.533
"2018-05-17 04:30:00",322,0.452,0.554,0.601,0.545,0.568,0.571,0.614,0.533
"2018-05-17 05:00:00",323,0.454,0.556,0.593,0.549,0.569,0.576,0.611,0.527
"2018-05-17 05:30:00",324,0.457,0.558,0.598,0.552,0.568,0.578,0.612,0.53
"2018-05-17 06:00:00",325,0.459,0.559,0.593,0.554,0.568,0.581,0.61,0.528
"2018-05-17 06:30:00",326,0.461,0.56,0.59,0.556,0.567,0.583,0.608,0.525
"2018-05-17 07:00:00",327,0.463,0.561,0.595,0.557,0.567,0.584,0.611,0.529
"2018-05-17 07:30:00",328,0.466,0.561,0.597,0.558,0.567,0.584,0.612,0.532
"2018-05-17 08:00:00",329,0.467,0.562,0.595,0.558,0.567,0.586,0.611,0.531
"2018-05-17 08:30:00",330,0.47,0.563,0.595,0.559,0.566,0.585,0.611,0.531
"2018-05-17 09:00:00",331,0.473,0.563,0.596,0.559,0.565,0.584,0.612,0.532
"2018-05-17 09:30:00",332,0.475,0.564,0.593,0.561,0.566,0.587,0.609,0.531
"2018-05-17 10:00:00",333,0.477,0.566,0.597,0.562,0.568,0.589,0.611,0.533
"2018-05-17 10:30:00",334,0.478,0.568,0.598,0.563,0.568,0.591,0.613,0.519
"2018-05-17 11:00:00",335,0.479,0.57,0.597,0.564,0.569,0.592,0.613,0.518
"2018-05-17 11:30:00",336,0.48,0.571,0.599,0.563,0.568,0.59,0.614,0.511
"2018-05-17 12:00:00",337,0.479,0.571,0.593,0.548,0.568,0.591,0.609,0.492
"2018-05-17 12:30:00",338,0.479,0.568,0.589,0.531,0.568,0.594,0.607,0.508
"2018-05-17 13:00:00",339,0.466,0.565,0.589,0.531,0.57,0.596,0.605,0.515
"2018-05-17 13:30:00",340,0.457,0.56,0.59,0.533,0.57,0.598,0.605,0.483
"2018-05-17 14:00:00",341,0.458,0.561,0.592,0.53,0.571,0.598,0.607,0.499
"2018-05-17 14:30:00",342,0.458,0.563,0.592,0.528,0.569,0.597,0.605,0.512
"2018-05-17 15:00:00",343,0.448,0.559,0.594,0.529,0.571,0.598,0.602,0.467
"2018-05-17 15:30:00",344,0.444,0.558,0.593,0.527,0.571,0.596,0.601,0.492
"2018-05-17 16:00:00",345,0.432,0.548,0.593,0.528,0.563,0.586,0.599,0.455
"2018-05-17 16:30:00",346,0.42,0.527,0.588,0.529,0.544,0.568,0.593,0.426
"2018-05-17 17:00:00",347,0.42,0.528,0.589,0.528,0.544,0.563,0.592,0.428
"2018-05-17 17:30:00",348,0.417,0.524,0.59,0.526,0.54,0.561,0.592,0.423
"2018-05-17 18:00:00",349,0.416,0.524,0.593,0.519,0.538,0.558,0.593,0.425
"2018-05-17 18:30:00",350,0.416,0.524,0.594,0.508,0.537,0.556,0.597,0.425
"2018-05-17 19:00:00",351,0.416,0.523,0.592,0.507,0.538,0.556,0.6,0.426
"2018-05-17 19:30:00",352,0.416,0.522,0.591,0.506,0.539,0.555,0.599,0.431
"2018-05-17 20:00:00",353,0.419,0.521,0.598,0.504,0.545,0.555,0.6,0.435
"2018-05-17 20:30:00",354,0.42,0.522,0.592,0.504,0.547,0.554,0.595,0.43
"2018-05-17 21:00:00",355,0.42,0.521,0.591,0.505,0.545,0.554,0.591,0.431
"2018-05-17 21:30:00",356,0.421,0.52,0.592,0.505,0.549,0.554,0.59,0.444
"2018-05-17 22:00:00",357,0.425,0.521,0.588,0.511,0.553,0.554,0.594,0.482
"2018-05-17 22:30:00",358,0.431,0.529,0.591,0.512,0.559,0.555,0.592,0.491
"2018-05-17 23:00:00",359,0.433,0.532,0.591,0.512,0.561,0.557,0.593,0.495
"2018-05-17 23:30:00",360,0.435,0.531,0.594,0.513,0.564,0.558,0.595,0.497
"2018-05-18 00:00:00",361,0.436,0.53,0.594,0.513,0.564,0.558,0.592,0.501
"2018-05-18 00:30:00",362,0.44,0.532,0.586,0.513,0.561,0.559,0.592,0.495
"2018-05-18 01:00:00",363,0.443,0.534,0.591,0.513,0.562,0.561,0.596,0.5
"2018-05-18 01:30:00",364,0.424,0.524,0.593,0.506,0.547,0.557,0.594,0.427
"2018-05-18 02:00:00",365,0.417,0.519,0.583,0.504,0.537,0.552,0.587,0.424
"2018-05-18 02:30:00",366,0.418,0.519,0.581,0.503,0.537,0.551,0.59,0.429
"2018-05-18 03:00:00",367,0.417,0.518,0.581,0.503,0.535,0.551,0.588,0.428
"2018-05-18 03:30:00",368,0.417,0.517,0.583,0.504,0.537,0.55,0.587,0.431
"2018-05-18 04:00:00",369,0.419,0.517,0.583,0.505,0.543,0.55,0.589,0.471
"2018-05-18 04:30:00",370,0.424,0.516,0.582,0.505,0.551,0.551,0.589,0.486
"2018-05-18 05:00:00",371,0.428,0.518,0.581,0.505,0.554,0.553,0.589,0.498
"2018-05-18 05:30:00",372,0.43,0.518,0.578,0.504,0.555,0.555,0.586,0.5
"2018-05-18 06:00:00",373,0.433,0.521,0.58,0.504,0.556,0.556,0.588,0.498
"2018-05-18 06:30:00",374,0.426,0.518,0.586,0.504,0.553,0.555,0.586,0.443
"2018-05-18 07:00:00",375,0.417,0.516,0.581,0.505,0.538,0.55,0.583,0.425
"2018-05-18 07:30:00",376,0.417,0.515,0.577,0.504,0.535,0.548,0.581,0.427
"2018-05-18 08:00:00",377,0.417,0.515,0.579,0.504,0.536,0.548,0.584,0.43
"2018-05-18 08:30:00",378,0.418,0.515,0.581,0.503,0.539,0.548,0.585,0.436
"2018-05-18 09:00:00",379,0.42,0.515,0.582,0.502,0.546,0.548,0.583,0.478
"2018-05-18 09:30:00",380,0.424,0.515,0.582,0.501,0.553,0.549,0.583,0.499
"2018-05-18 10:00:00",381,0.429,0.524,0.582,0.503,0.556,0.553,0.583,0.506
"2018-05-18 10:30:00",382,0.437,0.525,0.583,0.508,0.558,0.557,0.583,0.511
"2018-05-18 11:00:00",383,0.445,0.533,0.583,0.522,0.562,0.564,0.581,0.512
"2018-05-18 11:30:00",384,0.444,0.537,0.588,0.531,0.565,0.569,0.58,0.494
"2018-05-18 12:00:00",385,0.445,0.542,0.589,0.521,0.565,0.573,0.582,0.486
"2018-05-18 12:30:00",386,0.428,0.541,0.584,0.512,0.561,0.573,0.579,0.463
"2018-05-18 13:00:00",387,0.42,0.526,0.581,0.512,0.551,0.561,0.576,0.445
"2018-05-18 13:30:00",388,0.417,0.52,0.587,0.509,0.542,0.557,0.575,0.425
"2018-05-18 14:00:00",389,0.415,0.518,0.582,0.505,0.543,0.554,0.574,0.432
"2018-05-18 14:30:00",390,0.421,0.52,0.581,0.506,0.55,0.555,0.576,0.468
"2018-05-18 15:00:00",391,0.431,0.522,0.57,0.508,0.554,0.558,0.578,0.487
"2018-05-18 15:30:00",392,0.439,0.526,0.568,0.513,0.554,0.563,0.579,0.485
"2018-05-18 16:00:00",393,0.445,0.525,0.57,0.513,0.556,0.567,0.582,0.495
"2018-05-18 16:30:00",394,0.45,0.53,0.569,0.516,0.559,0.571,0.581,0.503
"2018-05-18 17:00:00",395,0.454,0.538,0.575,0.52,0.563,0.575,0.584,0.51
"2018-05-18 17:30:00",396,0.455,0.539,0.578,0.517,0.565,0.578,0.585,0.499
"2018-05-18 18:00:00",397,0.457,0.538,0.58,0.515,0.566,0.581,0.585,0.505
"2018-05-18 18:30:00",398,0.45,0.536,0.582,0.514,0.567,0.577,0.586,0.51
"2018-05-18 19:00:00",399,0.438,0.532,0.579,0.509,0.556,0.573,0.584,0.451
"2018-05-18 19:30:00",400,0.435,0.528,0.583,0.5,0.547,0.567,0.582,0.447
"2018-05-18 20:00:00",401,0.441,0.528,0.578,0.493,0.556,0.565,0.585,0.482
"2018-05-18 20:30:00",402,0.448,0.527,0.575,0.49,0.56,0.566,0.588,0.501
"2018-05-18 21:00:00",403,0.452,0.532,0.581,0.487,0.565,0.572,0.587,0.504
"2018-05-18 21:30:00",404,0.452,0.533,0.578,0.486,0.563,0.574,0.587,0.474
"2018-05-18 22:00:00",405,0.447,0.532,0.581,0.483,0.563,0.571,0.587,0.492
"2018-05-18 22:30:00",406,0.449,0.532,0.584,0.479,0.565,0.569,0.586,0.499
"2018-05-18 23:00:00",407,0.45,0.533,0.586,0.475,0.567,0.57,0.586,0.507
"2018-05-18 23:30:00",408,0.45,0.534,0.59,0.473,0.569,0.571,0.588,0.512
"2018-05-19 00:00:00",409,0.453,0.533,0.588,0.47,0.569,0.572,0.588,0.488
"2018-05-19 00:30:00",410,0.446,0.532,0.589,0.468,0.568,0.571,0.587,0.499
"2018-05-19 01:00:00",411,0.442,0.53,0.592,0.467,0.569,0.567,0.586,0.469
"2018-05-19 01:30:00",412,0.435,0.526,0.593,0.464,0.559,0.563,0.586,0.441
"2018-05-19 02:00:00",413,0.428,0.526,0.59,0.463,0.539,0.559,0.581,0.429
"2018-05-19 02:30:00",414,0.427,0.525,0.594,0.454,0.545,0.557,0.583,0.449
"2018-05-19 03:00:00",415,0.43,0.527,0.589,0.453,0.555,0.556,0.587,0.49
"2018-05-19 03:30:00",416,0.437,0.528,0.587,0.453,0.56,0.557,0.586,0.488
"2018-05-19 04:00:00",417,0.434,0.526,0.586,0.453,0.556,0.559,0.584,0.448
"2018-05-19 04:30:00",418,0.427,0.525,0.589,0.454,0.546,0.557,0.581,0.445
"2018-05-19 05:00:00",419,0.427,0.528,0.59,0.453,0.553,0.556,0.582,0.481
"2018-05-19 05:30:00",420,0.43,0.527,0.591,0.452,0.559,0.557,0.586,0.484
"2018-05-19 06:00:00",421,0.429,0.532,0.593,0.452,0.555,0.556,0.586,0.464
"2018-05-19 06:30:00",422,0.426,0.534,0.594,0.45,0.557,0.554,0.586,0.499
"2018-05-19 07:00:00",423,0.432,0.536,0.593,0.45,0.562,0.555,0.585,0.508
"2018-05-19 07:30:00",424,0.437,0.539,0.592,0.451,0.563,0.557,0.588,0.508
"2018-05-19 08:00:00",425,0.44,0.543,0.594,0.449,0.565,0.557,0.592,0.51
"2018-05-19 08:30:00",426,0.441,0.544,0.596,0.449,0.565,0.558,0.592,0.48
"2018-05-19 09:00:00",427,0.436,0.542,0.596,0.448,0.564,0.556,0.592,0.505
"2018-05-19 09:30:00",428,0.443,0.541,0.598,0.447,0.565,0.556,0.593,0.515
"2018-05-19 10:00:00",429,0.448,0.546,0.6,0.448,0.567,0.558,0.598,0.522
"2018-05-19 10:30:00",430,0.449,0.55,0.6,0.452,0.569,0.56,0.601,0.527
"2018-05-19 11:00:00",431,0.452,0.552,0.601,0.456,0.57,0.562,0.602,0.529
"2018-05-19 11:30:00",432,0.458,0.555,0.6,0.461,0.571,0.565,0.605,0.531
"2018-05-19 12:00:00",433,0.459,0.558,0.602,0.47,0.572,0.568,0.606,0.534
"2018-05-19 12:30:00",434,0.458,0.56,0.603,0.475,0.573,0.571,0.607,0.534
"2018-05-19 13:00:00",435,0.457,0.562,0.603,0.478,0.573,0.573,0.607,0.532
"2018-05-19 13:30:00",436,0.456,0.563,0.6,0.479,0.573,0.574,0.601,0.52
"2018-05-19 14:00:00",437,0.457,0.563,0.601,0.473,0.574,0.577,0.6,0.513
"2018-05-19 14:30:00",438,0.455,0.564,0.598,0.467,0.572,0.578,0.6,0.497
"2018-05-19 15:00:00",439,0.451,0.564,0.605,0.454,0.568,0.581,0.599,0.519
"2018-05-19 15:30:00",440,0.443,0.564,0.606,0.457,0.568,0.582,0.6,0.529
"2018-05-19 16:00:00",441,0.443,0.565,0.606,0.462,0.568,0.584,0.602,0.534
"2018-05-19 16:30:00",442,0.446,0.565,0.605,0.468,0.567,0.584,0.603,0.536
"2018-05-19 17:00:00",443,0.452,0.565,0.606,0.473,0.568,0.583,0.601,0.535
"2018-05-19 17:30:00",444,0.458,0.564,0.606,0.476,0.567,0.582,0.602,0.536
"2018-05-19 18:00:00",445,0.459,0.563,0.605,0.479,0.567,0.582,0.602,0.534
"2018-05-19 18:30:00",446,0.461,0.565,0.604,0.48,0.57,0.583,0.601,0.534
"2018-05-19 19:00:00",447,0.46,0.565,0.605,0.482,0.571,0.582,0.601,0.535
"2018-05-19 19:30:00",448,0.464,0.565,0.605,0.485,0.572,0.582,0.603,0.536
"2018-05-19 20:00:00",449,0.466,0.566,0.604,0.486,0.573,0.582,0.602,0.537
"2018-05-19 20:30:00",450,0.468,0.566,0.603,0.486,0.573,0.582,0.602,0.536
"2018-05-19 21:00:00",451,0.466,0.564,0.602,0.486,0.572,0.581,0.6,0.537
"2018-05-19 21:30:00",452,0.468,0.563,0.601,0.486,0.572,0.581,0.599,0.536
"2018-05-19 22:00:00",453,0.469,0.564,0.602,0.486,0.572,0.581,0.601,0.54
"2018-05-19 22:30:00",454,0.47,0.564,0.603,0.487,0.572,0.581,0.602,0.543
"2018-05-19 23:00:00",455,0.469,0.563,0.602,0.487,0.571,0.581,0.602,0.543
"2018-05-19 23:30:00",456,0.47,0.562,0.602,0.488,0.571,0.581,0.603,0.543
"2018-05-20 00:00:00",457,0.47,0.561,0.602,0.488,0.571,0.581,0.603,0.544
"2018-05-20 00:30:00",458,0.47,0.561,0.601,0.489,0.57,0.581,0.603,0.541
"2018-05-20 01:00:00",459,0.469,0.561,0.599,0.488,0.57,0.581,0.603,0.54
"2018-05-20 01:30:00",460,0.468,0.561,0.599,0.488,0.569,0.58,0.602,0.541
"2018-05-20 02:00:00",461,0.469,0.56,0.598,0.488,0.569,0.58,0.602,0.54
"2018-05-20 02:30:00",462,0.469,0.559,0.598,0.487,0.568,0.58,0.601,0.539
"2018-05-20 03:00:00",463,0.468,0.559,0.598,0.487,0.567,0.579,0.599,0.54
"2018-05-20 03:30:00",464,0.47,0.558,0.597,0.486,0.568,0.579,0.599,0.539
"2018-05-20 04:00:00",465,0.468,0.558,0.594,0.486,0.567,0.579,0.599,0.537
"2018-05-20 04:30:00",466,0.466,0.559,0.595,0.486,0.567,0.579,0.6,0.538
"2018-05-20 05:00:00",467,0.467,0.56,0.598,0.486,0.567,0.579,0.601,0.539
"2018-05-20 05:30:00",468,0.467,0.561,0.599,0.487,0.567,0.58,0.601,0.539
"2018-05-20 06:00:00",469,0.468,0.56,0.6,0.487,0.567,0.58,0.601,0.54
"2018-05-20 06:30:00",470,0.47,0.561,0.599,0.487,0.568,0.581,0.602,0.541
"2018-05-20 07:00:00",471,0.471,0.561,0.598,0.487,0.568,0.582,0.6,0.54
"2018-05-20 07:30:00",472,0.473,0.559,0.597,0.485,0.568,0.584,0.596,0.54
"2018-05-20 08:00:00",473,0.473,0.555,0.596,0.484,0.569,0.585,0.595,0.539
"2018-05-20 08:30:00",474,0.468,0.532,0.578,0.473,0.563,0.578,0.591,0.535
"2018-05-20 09:00:00",475,0.45,0.503,0.546,0.431,0.528,0.555,0.586,0.528
"2018-05-20 09:30:00",476,0.428,0.483,0.517,0.396,0.484,0.523,0.579,0.514
"2018-05-20 10:00:00",477,0.411,0.473,0.503,0.381,0.465,0.503,0.567,0.499
"2018-05-20 10:30:00",478,0.414,0.468,0.499,0.379,0.457,0.494,0.553,0.491
"2018-05-20 11:00:00",479,0.406,0.465,0.496,0.375,0.452,0.489,0.539,0.48
"2018-05-20 11:30:00",480,0.394,0.462,0.491,0.373,0.449,0.484,0.515,0.456
"2018-05-20 12:00:00",481,0.389,0.461,0.49,0.374,0.449,0.48,0.475,0.443
"2018-05-20 12:30:00",482,0.385,0.46,0.488,0.373,0.447,0.476,0.458,0.437
"2018-05-20 13:00:00",483,0.383,0.458,0.488,0.373,0.445,0.474,0.454,0.434
"2018-05-20 13:30:00",484,0.383,0.459,0.488,0.374,0.444,0.473,0.455,0.433
"2018-05-20 14:00:00",485,0.385,0.461,0.49,0.375,0.445,0.474,0.461,0.437
"2018-05-20 14:30:00",486,0.389,0.462,0.492,0.378,0.447,0.477,0.467,0.44
"2018-05-20 15:00:00",487,0.395,0.464,0.496,0.381,0.449,0.478,0.477,0.447
"2018-05-20 15:30:00",488,0.396,0.464,0.495,0.381,0.45,0.479,0.476,0.449
"2018-05-20 16:00:00",489,0.389,0.461,0.491,0.379,0.447,0.475,0.475,0.447
"2018-05-20 16:30:00",490,0.39,0.461,0.489,0.379,0.447,0.474,0.477,0.448
"2018-05-20 17:00:00",491,0.391,0.462,0.49,0.383,0.447,0.475,0.484,0.451
"2018-05-20 17:30:00",492,0.395,0.462,0.491,0.384,0.446,0.476,0.488,0.456
"2018-05-20 18:00:00",493,0.411,0.468,0.497,0.393,0.45,0.481,0.497,0.469
"2018-05-20 18:30:00",494,0.425,0.472,0.503,0.401,0.453,0.487,0.51,0.481
"2018-05-20 19:00:00",495,0.447,0.493,0.529,0.43,0.481,0.523,0.536,0.501
"2018-05-20 19:30:00",496,0.461,0.515,0.546,0.45,0.513,0.546,0.557,0.515
"2018-05-20 20:00:00",497,0.472,0.536,0.564,0.473,0.537,0.566,0.575,0.528
"2018-05-20 20:30:00",498,0.478,0.547,0.569,0.487,0.549,0.577,0.591,0.535
"2018-05-20 21:00:00",499,0.482,0.557,0.582,0.498,0.559,0.588,0.595,0.541
"2018-05-20 21:30:00",500,0.484,0.563,0.585,0.505,0.566,0.593,0.6,0.544
"2018-05-20 22:00:00",501,0.486,0.567,0.587,0.511,0.569,0.595,0.602,0.546
"2018-05-20 22:30:00",502,0.488,0.57,0.592,0.518,0.573,0.598,0.607,0.55
"2018-05-20 23:00:00",503,0.491,0.573,0.595,0.525,0.576,0.599,0.614,0.555
"2018-05-20 23:30:00",504,0.493,0.575,0.595,0.531,0.579,0.601,0.617,0.558
"2018-05-21 00:00:00",505,0.493,0.576,0.597,0.537,0.581,0.602,0.62,0.559
"2018-05-21 00:30:00",506,0.493,0.578,0.598,0.541,0.583,0.602,0.622,0.561
"2018-05-21 01:00:00",507,0.493,0.578,0.6,0.546,0.583,0.603,0.626,0.563
"2018-05-21 01:30:00",508,0.494,0.579,0.599,0.55,0.585,0.603,0.625,0.566
"2018-05-21 02:00:00",509,0.494,0.582,0.599,0.554,0.585,0.603,0.627,0.569
"2018-05-21 02:30:00",510,0.494,0.583,0.599,0.557,0.585,0.604,0.627,0.572
"2018-05-21 03:00:00",511,0.493,0.586,0.596,0.56,0.582,0.602,0.62,0.568
"2018-05-21 03:30:00",512,0.491,0.587,0.593,0.562,0.58,0.601,0.614,0.567
"2018-05-21 04:00:00",513,0.491,0.585,0.591,0.565,0.58,0.604,0.612,0.567
"2018-05-21 04:30:00",514,0.492,0.588,0.592,0.567,0.58,0.606,0.612,0.571
"2018-05-21 05:00:00",515,0.495,0.589,0.604,0.569,0.583,0.607,0.617,0.586
"2018-05-21 05:30:00",516,0.499,0.591,0.605,0.569,0.585,0.606,0.625,0.598
"2018-05-21 06:00:00",517,0.501,0.591,0.604,0.57,0.587,0.607,0.628,0.601
"2018-05-21 06:30:00",518,0.502,0.59,0.598,0.572,0.588,0.608,0.627,0.598
"2018-05-21 07:00:00",519,0.498,0.577,0.587,0.569,0.586,0.608,0.629,0.603
"2018-05-21 07:30:00",520,0.482,0.553,0.559,0.548,0.569,0.601,0.623,0.596
"2018-05-21 08:00:00",521,0.463,0.531,0.533,0.507,0.537,0.581,0.615,0.591
"2018-05-21 08:30:00",522,0.453,0.521,0.52,0.487,0.514,0.561,0.609,0.586
"2018-05-21 09:00:00",523,0.444,0.511,0.512,0.471,0.495,0.54,0.606,0.583
"2018-05-21 09:30:00",524,0.437,0.504,0.508,0.46,0.481,0.526,0.6,0.578
"2018-05-21 10:00:00",525,0.429,0.498,0.502,0.453,0.471,0.518,0.589,0.565
"2018-05-21 10:30:00",526,0.423,0.495,0.501,0.448,0.464,0.509,0.575,0.551
"2018-05-21 11:00:00",527,0.417,0.492,0.499,0.447,0.461,0.508,0.546,0.533
"2018-05-21 11:30:00",528,0.411,0.489,0.497,0.447,0.458,0.506,0.511,0.516
"2018-05-21 12:00:00",529,0.411,0.487,0.496,0.447,0.455,0.5,0.491,0.506
"2018-05-21 12:30:00",530,0.409,0.487,0.495,0.447,0.453,0.495,0.475,0.499
"2018-05-21 13:00:00",531,0.409,0.489,0.495,0.446,0.45,0.491,0.471,0.496
"2018-05-21 13:30:00",532,0.405,0.487,0.494,0.447,0.449,0.492,0.467,0.493
"2018-05-21 14:00:00",533,0.404,0.487,0.494,0.448,0.448,0.491,0.471,0.494
"2018-05-21 14:30:00",534,0.404,0.487,0.494,0.449,0.449,0.492,0.472,0.494
"2018-05-21 15:00:00",535,0.405,0.488,0.496,0.45,0.449,0.492,0.478,0.5
"2018-05-21 15:30:00",536,0.405,0.488,0.495,0.452,0.452,0.491,0.478,0.503
"2018-05-21 16:00:00",537,0.407,0.488,0.495,0.456,0.453,0.493,0.483,0.506
"2018-05-21 16:30:00",538,0.409,0.491,0.496,0.462,0.453,0.495,0.491,0.511
"2018-05-21 17:00:00",539,0.414,0.494,0.499,0.469,0.456,0.5,0.499,0.518
"2018-05-21 17:30:00",540,0.422,0.498,0.504,0.475,0.458,0.505,0.508,0.529
"2018-05-21 18:00:00",541,0.436,0.504,0.514,0.485,0.464,0.513,0.517,0.544
"2018-05-21 18:30:00",542,0.451,0.513,0.527,0.493,0.473,0.522,0.531,0.559
"2018-05-21 19:00:00",543,0.465,0.524,0.542,0.504,0.483,0.534,0.554,0.575
"2018-05-21 19:30:00",544,0.479,0.537,0.557,0.52,0.501,0.551,0.574,0.59
"2018-05-21 20:00:00",545,0.491,0.556,0.57,0.54,0.529,0.573,0.588,0.602
"2018-05-21 20:30:00",546,0.501,0.573,0.585,0.557,0.553,0.591,0.602,0.612
"2018-05-21 21:00:00",547,0.508,0.583,0.594,0.567,0.568,0.601,0.611,0.619
"2018-05-21 21:30:00",548,0.511,0.588,0.6,0.572,0.575,0.606,0.616,0.624
"2018-05-21 22:00:00",549,0.514,0.591,0.606,0.576,0.58,0.608,0.62,0.629
"2018-05-21 22:30:00",550,0.516,0.595,0.606,0.578,0.583,0.61,0.624,0.631
"2018-05-21 23:00:00",551,0.517,0.596,0.607,0.58,0.585,0.611,0.627,0.634
"2018-05-21 23:30:00",552,0.519,0.597,0.607,0.582,0.588,0.613,0.629,0.635
"2018-05-22 00:00:00",553,0.521,0.598,0.605,0.584,0.589,0.614,0.63,0.636
"2018-05-22 00:30:00",554,0.522,0.599,0.607,0.585,0.59,0.615,0.63,0.638
"2018-05-22 01:00:00",555,0.524,0.599,0.608,0.586,0.591,0.616,0.633,0.639
"2018-05-22 01:30:00",556,0.525,0.601,0.607,0.587,0.592,0.617,0.634,0.641
"2018-05-22 02:00:00",557,0.525,0.601,0.609,0.587,0.592,0.617,0.634,0.641
"2018-05-22 02:30:00",558,0.526,0.603,0.608,0.588,0.593,0.617,0.634,0.641
"2018-05-22 03:00:00",559,0.526,0.602,0.609,0.588,0.593,0.617,0.636,0.64
"2018-05-22 03:30:00",560,0.526,0.601,0.609,0.588,0.593,0.616,0.635,0.641
"2018-05-22 04:00:00",561,0.527,0.601,0.607,0.587,0.592,0.616,0.635,0.641
"2018-05-22 04:30:00",562,0.527,0.601,0.611,0.587,0.592,0.616,0.635,0.641
"2018-05-22 05:00:00",563,0.528,0.602,0.61,0.588,0.592,0.616,0.637,0.64
"2018-05-22 05:30:00",564,0.528,0.602,0.607,0.587,0.592,0.615,0.637,0.64
"2018-05-22 06:00:00",565,0.529,0.602,0.605,0.587,0.591,0.615,0.637,0.641
"2018-05-22 06:30:00",566,0.529,0.602,0.605,0.587,0.591,0.615,0.639,0.639
"2018-05-22 07:00:00",567,0.528,0.601,0.608,0.585,0.59,0.615,0.639,0.641
"2018-05-22 07:30:00",568,0.527,0.598,0.607,0.583,0.589,0.615,0.638,0.641
"2018-05-22 08:00:00",569,0.526,0.595,0.606,0.58,0.589,0.614,0.637,0.64
"2018-05-22 08:30:00",570,0.523,0.59,0.602,0.575,0.587,0.613,0.636,0.639
"2018-05-22 09:00:00",571,0.516,0.58,0.594,0.563,0.582,0.607,0.635,0.637
"2018-05-22 09:30:00",572,0.497,0.561,0.574,0.536,0.568,0.589,0.631,0.632
"2018-05-22 10:00:00",573,0.474,0.54,0.55,0.505,0.541,0.563,0.625,0.618
"2018-05-22 10:30:00",574,0.483,0.547,0.553,0.513,0.537,0.567,0.619,0.612
"2018-05-22 11:00:00",575,0.505,0.568,0.578,0.537,0.556,0.584,0.624,0.623
"2018-05-22 11:30:00",576,0.51,0.569,0.582,0.54,0.56,0.583,0.626,0.627
"2018-05-22 12:00:00",577,0.51,0.566,0.582,0.54,0.559,0.579,0.627,0.628
"2018-05-22 12:30:00",578,0.513,0.574,0.588,0.549,0.565,0.587,0.625,0.63
"2018-05-22 13:00:00",579,0.519,0.582,0.598,0.559,0.571,0.594,0.628,0.633
"2018-05-22 13:30:00",580,0.518,0.58,0.595,0.554,0.569,0.591,0.629,0.633
"2018-05-22 14:00:00",581,0.507,0.56,0.574,0.526,0.549,0.568,0.627,0.63
"2018-05-22 14:30:00",582,0.483,0.535,0.551,0.497,0.516,0.541,0.623,0.623
"2018-05-22 15:00:00",583,0.472,0.526,0.541,0.487,0.504,0.533,0.618,0.616
"2018-05-22 15:30:00",584,0.458,0.518,0.532,0.478,0.491,0.52,0.61,0.606
"2018-05-22 16:00:00",585,0.437,0.504,0.513,0.466,0.471,0.5,0.594,0.586
"2018-05-22 16:30:00",586,0.435,0.501,0.511,0.468,0.465,0.497,0.578,0.573
"2018-05-22 17:00:00",587,0.433,0.5,0.508,0.471,0.465,0.5,0.555,0.557
"2018-05-22 17:30:00",588,0.465,0.53,0.539,0.504,0.507,0.545,0.559,0.573
"2018-05-22 18:00:00",589,0.492,0.561,0.569,0.54,0.544,0.575,0.57,0.591
"2018-05-22 18:30:00",590,0.51,0.58,0.591,0.56,0.564,0.59,0.59,0.611
"2018-05-22 19:00:00",591,0.518,0.589,0.602,0.571,0.573,0.598,0.61,0.624
"2018-05-22 19:30:00",592,0.522,0.592,0.609,0.575,0.578,0.601,0.615,0.632
"2018-05-22 20:00:00",593,0.523,0.593,0.609,0.577,0.58,0.602,0.615,0.634
"2018-05-22 20:30:00",594,0.523,0.594,0.609,0.577,0.581,0.603,0.61,0.631
"2018-05-22 21:00:00",595,0.524,0.594,0.608,0.577,0.583,0.603,0.611,0.591
"2018-05-22 21:30:00",596,0.525,0.594,0.609,0.577,0.584,0.603,0.615,0.584
"2018-05-22 22:00:00",597,0.525,0.594,0.608,0.577,0.584,0.603,0.618,0.584
"2018-05-22 22:30:00",598,0.525,0.594,0.606,0.577,0.584,0.603,0.62,0.584
"2018-05-22 23:00:00",599,0.526,0.595,0.61,0.577,0.585,0.604,0.622,0.586
"2018-05-22 23:30:00",600,0.526,0.594,0.604,0.577,0.585,0.604,0.622,0.584
"2018-05-23 00:00:00",601,0.526,0.594,0.605,0.576,0.585,0.604,0.621,0.585
"2018-05-23 00:30:00",602,0.526,0.592,0.607,0.577,0.583,0.603,0.619,0.587
"2018-05-23 01:00:00",603,0.526,0.593,0.607,0.577,0.583,0.603,0.619,0.587
"2018-05-23 01:30:00",604,0.526,0.593,0.606,0.577,0.582,0.603,0.619,0.587
"2018-05-23 02:00:00",605,0.526,0.592,0.605,0.576,0.582,0.602,0.618,0.587
"2018-05-23 02:30:00",606,0.524,0.591,0.605,0.575,0.581,0.6,0.616,0.584
"2018-05-23 03:00:00",607,0.525,0.591,0.607,0.575,0.58,0.601,0.62,0.588
"2018-05-23 03:30:00",608,0.526,0.589,0.609,0.576,0.58,0.601,0.62,0.587
"2018-05-23 04:00:00",609,0.527,0.588,0.608,0.577,0.581,0.602,0.621,0.587
"2018-05-23 04:30:00",610,0.527,0.589,0.605,0.577,0.58,0.601,0.621,0.586
"2018-05-23 05:00:00",611,0.527,0.588,0.609,0.576,0.581,0.601,0.622,0.588
"2018-05-23 05:30:00",612,0.527,0.588,0.609,0.577,0.581,0.601,0.627,0.59
"2018-05-23 06:00:00",613,0.528,0.588,0.608,0.577,0.581,0.601,0.629,0.591
"2018-05-23 06:30:00",614,0.529,0.588,0.606,0.577,0.582,0.601,0.629,0.59
"2018-05-23 07:00:00",615,0.529,0.588,0.608,0.577,0.582,0.601,0.63,0.59
"2018-05-23 07:30:00",616,0.528,0.587,0.608,0.576,0.581,0.601,0.629,0.59
"2018-05-23 08:00:00",617,0.526,0.584,0.607,0.574,0.58,0.601,0.623,0.588
"2018-05-23 08:30:00",618,0.525,0.565,0.594,0.56,0.577,0.593,0.62,0.587
"2018-05-23 09:00:00",619,0.517,0.528,0.559,0.506,0.547,0.565,0.618,0.584
"2018-05-23 09:30:00",620,0.482,0.501,0.518,0.46,0.489,0.521,0.61,0.568
"2018-05-23 10:00:00",621,0.454,0.49,0.504,0.447,0.466,0.502,0.59,0.544
"2018-05-23 10:30:00",622,0.432,0.484,0.496,0.445,0.455,0.492,0.555,0.514
"2018-05-23 11:00:00",623,0.428,0.483,0.494,0.447,0.451,0.489,0.51,0.49
"2018-05-23 11:30:00",624,0.427,0.485,0.497,0.449,0.45,0.489,0.483,0.48
"2018-05-23 12:00:00",625,0.42,0.484,0.492,0.447,0.448,0.484,0.468,0.471
"2018-05-23 12:30:00",626,0.422,0.486,0.495,0.451,0.45,0.486,0.467,0.471
"2018-05-23 13:00:00",627,0.428,0.491,0.501,0.458,0.454,0.493,0.47,0.475
"2018-05-23 13:30:00",628,0.426,0.49,0.499,0.459,0.456,0.494,0.472,0.475
"2018-05-23 14:00:00",629,0.421,0.485,0.492,0.451,0.447,0.485,0.463,0.468
"2018-05-23 14:30:00",630,0.419,0.483,0.489,0.449,0.442,0.483,0.457,0.465
"2018-05-23 15:00:00",631,0.419,0.485,0.491,0.45,0.443,0.485,0.456,0.467
"2018-05-23 15:30:00",632,0.417,0.483,0.487,0.448,0.442,0.482,0.452,0.466
"2018-05-23 16:00:00",633,0.419,0.485,0.489,0.451,0.443,0.484,0.457,0.471
"2018-05-23 16:30:00",634,0.425,0.489,0.493,0.459,0.448,0.49,0.467,0.481
"2018-05-23 17:00:00",635,0.431,0.492,0.495,0.464,0.451,0.494,0.476,0.489
"2018-05-23 17:30:00",636,0.438,0.495,0.497,0.468,0.451,0.497,0.481,0.497
"2018-05-23 18:00:00",637,0.454,0.504,0.505,0.481,0.459,0.51,0.49,0.508
"2018-05-23 18:30:00",638,0.472,0.51,0.513,0.485,0.46,0.513,0.504,0.524
"2018-05-23 19:00:00",639,0.488,0.522,0.531,0.496,0.468,0.532,0.53,0.543
"2018-05-23 19:30:00",640,0.501,0.536,0.551,0.515,0.486,0.547,0.557,0.565
"2018-05-23 20:00:00",641,0.512,0.552,0.567,0.537,0.514,0.567,0.577,0.582
"2018-05-23 20:30:00",642,0.521,0.572,0.58,0.555,0.542,0.588,0.593,0.591
"2018-05-23 21:00:00",643,0.527,0.586,0.591,0.567,0.559,0.602,0.602,0.599
"2018-05-23 21:30:00",644,0.531,0.593,0.596,0.574,0.569,0.608,0.608,0.607
"2018-05-23 22:00:00",645,0.535,0.596,0.597,0.578,0.575,0.613,0.612,0.61
"2018-05-23 22:30:00",646,0.536,0.6,0.595,0.58,0.579,0.616,0.615,0.612
"2018-05-23 23:00:00",647,0.538,0.602,0.596,0.582,0.581,0.617,0.618,0.616
"2018-05-23 23:30:00",648,0.539,0.602,0.599,0.583,0.583,0.618,0.62,0.618
"2018-05-24 00:00:00",649,0.541,0.604,0.598,0.585,0.584,0.62,0.624,0.622
"2018-05-24 00:30:00",650,0.542,0.604,0.597,0.586,0.586,0.621,0.626,0.624
"2018-05-24 01:00:00",651,0.542,0.605,0.597,0.586,0.587,0.621,0.627,0.625
"2018-05-24 01:30:00",652,0.543,0.608,0.597,0.587,0.588,0.622,0.628,0.627
"2018-05-24 02:00:00",653,0.543,0.608,0.595,0.588,0.589,0.622,0.628,0.627
"2018-05-24 02:30:00",654,0.543,0.609,0.598,0.587,0.59,0.622,0.63,0.628
"2018-05-24 03:00:00",655,0.543,0.609,0.598,0.587,0.59,0.621,0.631,0.629
"2018-05-24 03:30:00",656,0.543,0.609,0.595,0.587,0.591,0.622,0.631,0.63
"2018-05-24 04:00:00",657,0.544,0.609,0.595,0.587,0.591,0.622,0.629,0.63
"2018-05-24 04:30:00",658,0.544,0.609,0.594,0.587,0.591,0.622,0.629,0.631
"2018-05-24 05:00:00",659,0.544,0.61,0.594,0.586,0.592,0.622,0.628,0.63
"2018-05-24 05:30:00",660,0.544,0.611,0.595,0.586,0.592,0.621,0.628,0.63
"2018-05-24 06:00:00",661,0.545,0.61,0.595,0.585,0.592,0.621,0.628,0.631
"2018-05-24 06:30:00",662,0.543,0.605,0.592,0.583,0.593,0.622,0.628,0.633
"2018-05-24 07:00:00",663,0.536,0.591,0.58,0.579,0.588,0.62,0.63,0.633
"2018-05-24 07:30:00",664,0.513,0.557,0.545,0.548,0.564,0.607,0.627,0.629
"2018-05-24 08:00:00",665,0.492,0.531,0.525,0.502,0.523,0.58,0.624,0.626
"2018-05-24 08:30:00",666,0.479,0.519,0.522,0.48,0.5,0.555,0.619,0.62
"2018-05-24 09:00:00",667,0.465,0.509,0.513,0.466,0.484,0.533,0.599,0.602
"2018-05-24 09:30:00",668,0.452,0.499,0.502,0.456,0.465,0.512,0.562,0.572
"2018-05-24 10:00:00",669,0.442,0.493,0.497,0.449,0.456,0.503,0.525,0.542
"2018-05-24 10:30:00",670,0.433,0.489,0.491,0.445,0.45,0.496,0.496,0.517
"2018-05-24 11:00:00",671,0.427,0.488,0.491,0.444,0.446,0.492,0.479,0.501
"2018-05-24 11:30:00",672,0.422,0.486,0.491,0.443,0.444,0.49,0.466,0.491
"2018-05-24 12:00:00",673,0.417,0.485,0.489,0.442,0.442,0.486,0.456,0.485
"2018-05-24 12:30:00",674,0.414,0.484,0.486,0.443,0.44,0.483,0.447,0.478
"2018-05-24 13:00:00",675,0.412,0.484,0.486,0.444,0.439,0.482,0.447,0.478
"2018-05-24 13:30:00",676,0.412,0.484,0.486,0.445,0.437,0.48,0.45,0.479
"2018-05-24 14:00:00",677,0.411,0.484,0.488,0.446,0.436,0.479,0.455,0.48
"2018-05-24 14:30:00",678,0.409,0.484,0.489,0.446,0.437,0.479,0.456,0.483
"2018-05-24 15:00:00",679,0.411,0.484,0.489,0.447,0.436,0.479,0.46,0.487
"2018-05-24 15:30:00",680,0.412,0.485,0.489,0.449,0.439,0.479,0.46,0.491
"2018-05-24 16:00:00",681,0.414,0.487,0.489,0.453,0.439,0.48,0.465,0.494
"2018-05-24 16:30:00",682,0.418,0.49,0.491,0.459,0.44,0.482,0.475,0.499
"2018-05-24 17:00:00",683,0.424,0.492,0.494,0.464,0.442,0.487,0.482,0.506
"2018-05-24 17:30:00",684,0.434,0.495,0.497,0.468,0.444,0.49,0.49,0.517
"2018-05-24 18:00:00",685,0.452,0.503,0.506,0.476,0.447,0.498,0.497,0.532
"2018-05-24 18:30:00",686,0.47,0.51,0.518,0.48,0.454,0.506,0.508,0.547
"2018-05-24 19:00:00",687,0.486,0.52,0.534,0.49,0.463,0.521,0.535,0.565
"2018-05-24 19:30:00",688,0.5,0.534,0.547,0.506,0.479,0.536,0.562,0.583
"2018-05-24 20:00:00",689,0.513,0.551,0.562,0.528,0.505,0.557,0.581,0.598
"2018-05-24 20:30:00",690,0.524,0.57,0.574,0.547,0.534,0.579,0.597,0.613
"2018-05-24 21:00:00",691,0.532,0.585,0.584,0.563,0.555,0.597,0.607,0.622
"2018-05-24 21:30:00",692,0.538,0.596,0.587,0.572,0.566,0.606,0.614,0.628
"2018-05-24 22:00:00",693,0.54,0.6,0.591,0.578,0.573,0.61,0.619,0.633
"2018-05-24 22:30:00",694,0.542,0.603,0.594,0.581,0.577,0.613,0.623,0.636
"2018-05-24 23:00:00",695,0.544,0.607,0.594,0.583,0.58,0.615,0.626,0.638
"2018-05-24 23:30:00",696,0.545,0.609,0.595,0.584,0.582,0.616,0.629,0.639
"2018-05-25 00:00:00",697,0.545,0.611,0.598,0.585,0.583,0.617,0.632,0.642
"2018-05-25 00:30:00",698,0.546,0.611,0.601,0.585,0.585,0.617,0.633,0.644
"2018-05-25 01:00:00",699,0.547,0.612,0.599,0.588,0.587,0.618,0.635,0.644
"2018-05-25 01:30:00",700,0.547,0.613,0.6,0.589,0.588,0.619,0.636,0.645
"2018-05-25 02:00:00",701,0.547,0.612,0.6,0.588,0.589,0.618,0.637,0.648
"2018-05-25 02:30:00",702,0.547,0.612,0.603,0.588,0.59,0.618,0.637,0.649
"2018-05-25 03:00:00",703,0.547,0.614,0.602,0.589,0.59,0.617,0.637,0.649
"2018-05-25 03:30:00",704,0.547,0.614,0.605,0.589,0.59,0.617,0.639,0.65
"2018-05-25 04:00:00",705,0.547,0.612,0.604,0.589,0.591,0.616,0.639,0.649
"2018-05-25 04:30:00",706,0.547,0.611,0.603,0.588,0.59,0.616,0.638,0.648
"2018-05-25 05:00:00",707,0.546,0.611,0.603,0.587,0.59,0.615,0.638,0.646
"2018-05-25 05:30:00",708,0.546,0.61,0.603,0.586,0.59,0.614,0.638,0.645
"2018-05-25 06:00:00",709,0.545,0.609,0.603,0.584,0.59,0.614,0.638,0.645
"2018-05-25 06:30:00",710,0.545,0.607,0.603,0.583,0.589,0.613,0.639,0.644
"2018-05-25 07:00:00",711,0.543,0.604,0.598,0.58,0.588,0.612,0.638,0.642
"2018-05-25 07:30:00",712,0.536,0.586,0.584,0.572,0.582,0.61,0.637,0.641
"2018-05-25 08:00:00",713,0.516,0.552,0.554,0.531,0.558,0.595,0.631,0.638
"2018-05-25 08:30:00",714,0.487,0.526,0.53,0.485,0.519,0.565,0.622,0.633
"2018-05-25 09:00:00",715,0.467,0.512,0.521,0.465,0.492,0.539,0.606,0.623
"2018-05-25 09:30:00",716,0.449,0.5,0.511,0.452,0.472,0.518,0.576,0.603
"2018-05-25 10:00:00",717,0.436,0.492,0.501,0.443,0.46,0.504,0.54,0.57
"2018-05-25 10:30:00",718,0.426,0.487,0.496,0.439,0.451,0.495,0.507,0.539
"2018-05-25 11:00:00",719,0.418,0.483,0.491,0.436,0.443,0.487,0.481,0.512
"2018-05-25 11:30:00",720,0.412,0.479,0.488,0.435,0.439,0.48,0.46,0.496
"2018-05-25 12:00:00",721,0.409,0.478,0.487,0.435,0.437,0.476,0.449,0.485
"2018-05-25 12:30:00",722,0.407,0.478,0.486,0.435,0.437,0.473,0.444,0.482
"2018-05-25 13:00:00",723,0.405,0.477,0.486,0.436,0.435,0.472,0.442,0.477
"2018-05-25 13:30:00",724,0.405,0.478,0.486,0.436,0.435,0.47,0.445,0.478
"2018-05-25 14:00:00",725,0.405,0.479,0.487,0.437,0.434,0.47,0.449,0.482
"2018-05-25 14:30:00",726,0.403,0.478,0.487,0.437,0.434,0.471,0.45,0.483
"2018-05-25 15:00:00",727,0.402,0.476,0.486,0.437,0.434,0.47,0.45,0.484
"2018-05-25 15:30:00",728,0.402,0.476,0.484,0.437,0.434,0.469,0.449,0.484
"2018-05-25 16:00:00",729,0.405,0.478,0.484,0.441,0.435,0.471,0.453,0.487
"2018-05-25 16:30:00",730,0.407,0.48,0.485,0.446,0.437,0.473,0.462,0.493
"2018-05-25 17:00:00",731,0.416,0.487,0.491,0.458,0.443,0.484,0.477,0.503
"2018-05-25 17:30:00",732,0.426,0.49,0.495,0.463,0.445,0.485,0.491,0.518
"2018-05-25 18:00:00",733,0.44,0.493,0.5,0.467,0.445,0.489,0.501,0.535
"2018-05-25 18:30:00",734,0.462,0.503,0.51,0.474,0.453,0.503,0.512,0.551
"2018-05-25 19:00:00",735,0.482,0.519,0.527,0.486,0.467,0.521,0.539,0.571
"2018-05-25 19:30:00",736,0.498,0.533,0.546,0.506,0.484,0.539,0.568,0.591
"2018-05-25 20:00:00",737,0.512,0.552,0.562,0.525,0.511,0.558,0.586,0.608
"2018-05-25 20:30:00",738,0.523,0.573,0.577,0.545,0.541,0.581,0.6,0.619
"2018-05-25 21:00:00",739,0.529,0.586,0.59,0.559,0.559,0.595,0.608,0.626
"2018-05-25 21:30:00",740,0.533,0.592,0.599,0.566,0.569,0.601,0.615,0.631
"2018-05-25 22:00:00",741,0.535,0.595,0.603,0.57,0.574,0.604,0.619,0.635
"2018-05-25 22:30:00",742,0.537,0.597,0.603,0.573,0.578,0.606,0.622,0.637
"2018-05-25 23:00:00",743,0.539,0.599,0.608,0.576,0.58,0.607,0.625,0.639
"2018-05-25 23:30:00",744,0.54,0.6,0.609,0.577,0.582,0.608,0.627,0.64
"2018-05-26 00:00:00",745,0.54,0.6,0.611,0.578,0.583,0.608,0.629,0.642
"2018-05-26 00:30:00",746,0.541,0.602,0.611,0.579,0.584,0.609,0.63,0.642
"2018-05-26 01:00:00",747,0.541,0.601,0.61,0.579,0.585,0.609,0.631,0.643
"2018-05-26 01:30:00",748,0.541,0.602,0.609,0.579,0.585,0.609,0.631,0.643
"2018-05-26 02:00:00",749,0.541,0.601,0.61,0.578,0.585,0.609,0.628,0.643
"2018-05-26 02:30:00",750,0.54,0.6,0.61,0.576,0.584,0.609,0.625,0.642
"2018-05-26 03:00:00",751,0.54,0.6,0.607,0.575,0.584,0.609,0.625,0.641
"2018-05-26 03:30:00",752,0.54,0.6,0.608,0.575,0.584,0.609,0.624,0.64
"2018-05-26 04:00:00",753,0.539,0.6,0.611,0.574,0.583,0.609,0.622,0.641
"2018-05-26 04:30:00",754,0.539,0.599,0.61,0.573,0.583,0.608,0.621,0.641
"2018-05-26 05:00:00",755,0.54,0.599,0.608,0.573,0.584,0.608,0.621,0.64
"2018-05-26 05:30:00",756,0.54,0.599,0.607,0.573,0.584,0.608,0.621,0.639
"2018-05-26 06:00:00",757,0.54,0.599,0.608,0.574,0.584,0.608,0.622,0.64
"2018-05-26 06:30:00",758,0.54,0.598,0.605,0.572,0.584,0.608,0.622,0.64
"2018-05-26 07:00:00",759,0.538,0.589,0.591,0.568,0.581,0.607,0.624,0.639
"2018-05-26 07:30:00",760,0.528,0.563,0.567,0.547,0.567,0.6,0.62,0.636
"2018-05-26 08:00:00",761,0.505,0.539,0.544,0.51,0.542,0.581,0.615,0.63
"2018-05-26 08:30:00",762,0.48,0.521,0.529,0.484,0.518,0.555,0.603,0.617
"2018-05-26 09:00:00",763,0.46,0.507,0.516,0.464,0.493,0.528,0.578,0.593
"2018-05-26 09:30:00",764,0.444,0.493,0.503,0.446,0.467,0.504,0.55,0.571
"2018-05-26 10:00:00",765,0.432,0.485,0.496,0.438,0.45,0.491,0.523,0.547
"2018-05-26 10:30:00",766,0.423,0.48,0.493,0.434,0.443,0.484,0.503,0.527
"2018-05-26 11:00:00",767,0.417,0.479,0.489,0.433,0.439,0.481,0.482,0.509
"2018-05-26 11:30:00",768,0.412,0.477,0.489,0.432,0.437,0.477,0.465,0.498
"2018-05-26 12:00:00",769,0.407,0.475,0.486,0.43,0.435,0.472,0.455,0.488
"2018-05-26 12:30:00",770,0.403,0.473,0.484,0.429,0.434,0.468,0.448,0.481
"2018-05-26 13:00:00",771,0.4,0.472,0.484,0.428,0.432,0.466,0.448,0.48
"2018-05-26 13:30:00",772,0.399,0.471,0.482,0.428,0.43,0.464,0.45,0.478
"2018-05-26 14:00:00",773,0.397,0.47,0.482,0.429,0.429,0.464,0.452,0.478
"2018-05-26 14:30:00",774,0.397,0.471,0.482,0.429,0.432,0.465,0.455,0.48
"2018-05-26 15:00:00",775,0.398,0.471,0.482,0.429,0.432,0.465,0.456,0.484
"2018-05-26 15:30:00",776,0.399,0.471,0.484,0.43,0.432,0.465,0.461,0.488
"2018-05-26 16:00:00",777,0.413,0.482,0.496,0.443,0.444,0.481,0.475,0.502
"2018-05-26 16:30:00",778,0.443,0.512,0.522,0.474,0.479,0.521,0.505,0.526
"2018-05-26 17:00:00",779,0.459,0.526,0.537,0.489,0.499,0.534,0.527,0.545
"2018-05-26 17:30:00",780,0.463,0.524,0.536,0.486,0.496,0.531,0.536,0.555
"2018-05-26 18:00:00",781,0.481,0.531,0.542,0.496,0.505,0.542,0.556,0.573
"2018-05-26 18:30:00",782,0.504,0.551,0.554,0.521,0.528,0.568,0.579,0.594
"2018-05-26 19:00:00",783,0.517,0.567,0.562,0.54,0.545,0.585,0.599,0.611
"2018-05-26 19:30:00",784,0.524,0.576,0.573,0.55,0.555,0.594,0.609,0.62
"2018-05-26 20:00:00",785,0.528,0.581,0.579,0.555,0.561,0.598,0.614,0.626
"2018-05-26 20:30:00",786,0.533,0.587,0.592,0.564,0.567,0.603,0.62,0.632
"2018-05-26 21:00:00",787,0.536,0.594,0.597,0.57,0.574,0.606,0.625,0.637
"2018-05-26 21:30:00",788,0.537,0.597,0.597,0.573,0.578,0.607,0.63,0.639
"2018-05-26 22:00:00",789,0.538,0.598,0.604,0.574,0.581,0.607,0.633,0.641
"2018-05-26 22:30:00",790,0.539,0.597,0.609,0.575,0.582,0.607,0.634,0.642
"2018-05-26 23:00:00",791,0.539,0.596,0.605,0.576,0.583,0.607,0.635,0.645
"2018-05-26 23:30:00",792,0.54,0.597,0.607,0.576,0.584,0.607,0.636,0.645
"2018-05-27 00:00:00",793,0.54,0.598,0.61,0.577,0.584,0.607,0.637,0.644
"2018-05-27 00:30:00",794,0.54,0.598,0.611,0.577,0.585,0.607,0.638,0.645
"2018-05-27 01:00:00",795,0.541,0.598,0.611,0.578,0.585,0.607,0.639,0.646
"2018-05-27 01:30:00",796,0.541,0.599,0.609,0.578,0.586,0.607,0.639,0.646
"2018-05-27 02:00:00",797,0.541,0.598,0.612,0.578,0.586,0.607,0.639,0.647
"2018-05-27 02:30:00",798,0.541,0.596,0.61,0.578,0.586,0.607,0.639,0.647
"2018-05-27 03:00:00",799,0.542,0.597,0.611,0.578,0.586,0.607,0.64,0.647
"2018-05-27 03:30:00",800,0.542,0.597,0.61,0.578,0.586,0.607,0.64,0.648
"2018-05-27 04:00:00",801,0.541,0.597,0.61,0.578,0.586,0.606,0.64,0.648
"2018-05-27 04:30:00",802,0.542,0.596,0.61,0.577,0.586,0.606,0.641,0.647
"2018-05-27 05:00:00",803,0.542,0.596,0.609,0.577,0.586,0.606,0.641,0.648
"2018-05-27 05:30:00",804,0.541,0.596,0.609,0.576,0.585,0.605,0.641,0.646
"2018-05-27 06:00:00",805,0.541,0.595,0.609,0.576,0.585,0.605,0.64,0.647
"2018-05-27 06:30:00",806,0.541,0.595,0.611,0.575,0.585,0.605,0.64,0.646
"2018-05-27 07:00:00",807,0.542,0.595,0.611,0.574,0.585,0.606,0.64,0.645
"2018-05-27 07:30:00",808,0.541,0.592,0.606,0.572,0.583,0.607,0.639,0.645
"2018-05-27 08:00:00",809,0.536,0.584,0.595,0.564,0.577,0.605,0.635,0.643
"2018-05-27 08:30:00",810,0.524,0.572,0.58,0.546,0.567,0.598,0.631,0.639
"2018-05-27 09:00:00",811,0.509,0.557,0.565,0.524,0.552,0.586,0.623,0.631
"2018-05-27 09:30:00",812,0.48,0.524,0.54,0.479,0.513,0.547,0.605,0.616
"2018-05-27 10:00:00",813,0.474,0.522,0.537,0.482,0.503,0.54,0.584,0.602
"2018-05-27 10:30:00",814,0.462,0.514,0.527,0.474,0.49,0.526,0.563,0.583
"2018-05-27 11:00:00",815,0.447,0.503,0.517,0.461,0.475,0.509,0.54,0.563
"2018-05-27 11:30:00",816,0.429,0.489,0.503,0.441,0.453,0.489,0.515,0.54
"2018-05-27 12:00:00",817,0.423,0.483,0.498,0.438,0.444,0.481,0.491,0.521
"2018-05-27 12:30:00",818,0.427,0.487,0.502,0.445,0.448,0.488,0.485,0.517
"2018-05-27 13:00:00",819,0.415,0.479,0.493,0.437,0.438,0.478,0.474,0.504
"2018-05-27 13:30:00",820,0.407,0.474,0.486,0.433,0.431,0.471,0.463,0.492
"2018-05-27 14:00:00",821,0.412,0.479,0.49,0.437,0.436,0.475,0.47,0.496
"2018-05-27 14:30:00",822,0.413,0.481,0.491,0.439,0.439,0.477,0.476,0.5
"2018-05-27 15:00:00",823,0.413,0.481,0.493,0.441,0.44,0.479,0.48,0.503
"2018-05-27 15:30:00",824,0.439,0.503,0.516,0.462,0.465,0.507,0.505,0.527
"2018-05-27 16:00:00",825,0.446,0.512,0.525,0.475,0.479,0.522,0.526,0.542
"2018-05-27 16:30:00",826,0.454,0.516,0.53,0.479,0.485,0.529,0.531,0.55
"2018-05-27 17:00:00",827,0.463,0.525,0.536,0.489,0.495,0.539,0.54,0.561
"2018-05-27 17:30:00",828,0.475,0.538,0.54,0.514,0.51,0.561,0.552,0.576
"2018-05-27 18:00:00",829,0.493,0.551,0.543,0.542,0.523,0.582,0.566,0.587
"2018-05-27 18:30:00",830,0.513,0.571,0.561,0.558,0.542,0.596,0.589,0.606
"2018-05-27 19:00:00",831,0.521,0.578,0.569,0.561,0.55,0.597,0.602,0.614
"2018-05-27 19:30:00",832,0.526,0.583,0.575,0.564,0.556,0.6,0.607,0.618
"2018-05-27 20:00:00",833,0.534,0.59,0.588,0.57,0.564,0.604,0.617,0.63
"2018-05-27 20:30:00",834,0.536,0.594,0.599,0.574,0.571,0.606,0.621,0.635
"2018-05-27 21:00:00",835,0.536,0.597,0.604,0.576,0.576,0.606,0.623,0.637
"2018-05-27 21:30:00",836,0.535,0.597,0.598,0.577,0.578,0.606,0.62,0.598
"2018-05-27 22:00:00",837,0.536,0.595,0.601,0.579,0.579,0.606,0.619,0.575
"2018-05-27 22:30:00",838,0.538,0.595,0.597,0.581,0.579,0.608,0.616,0.579
"2018-05-27 23:00:00",839,0.541,0.596,0.598,0.584,0.582,0.61,0.619,0.583
"2018-05-27 23:30:00",840,0.544,0.599,0.594,0.586,0.582,0.612,0.621,0.581
"2018-05-28 00:00:00",841,0.545,0.6,0.599,0.587,0.584,0.612,0.624,0.587
"2018-05-28 00:30:00",842,0.546,0.601,0.594,0.588,0.584,0.613,0.625,0.584
"2018-05-28 01:00:00",843,0.546,0.602,0.6,0.588,0.586,0.613,0.628,0.59
"2018-05-28 01:30:00",844,0.547,0.602,0.604,0.587,0.587,0.613,0.631,0.597
"2018-05-28 02:00:00",845,0.547,0.602,0.604,0.587,0.587,0.613,0.632,0.599
"2018-05-28 02:30:00",846,0.547,0.602,0.601,0.587,0.588,0.613,0.635,0.596
"2018-05-28 03:00:00",847,0.547,0.602,0.604,0.587,0.589,0.613,0.635,0.599
"2018-05-28 03:30:00",848,0.547,0.601,0.6,0.587,0.589,0.613,0.636,0.596
"2018-05-28 04:00:00",849,0.545,0.601,0.6,0.586,0.588,0.612,0.631,0.593
"2018-05-28 04:30:00",850,0.544,0.599,0.599,0.585,0.587,0.612,0.626,0.589
"2018-05-28 05:00:00",851,0.544,0.598,0.601,0.584,0.586,0.612,0.626,0.591
"2018-05-28 05:30:00",852,0.543,0.598,0.602,0.583,0.586,0.611,0.623,0.595
"2018-05-28 06:00:00",853,0.544,0.598,0.602,0.583,0.585,0.611,0.624,0.596
"2018-05-28 06:30:00",854,0.545,0.598,0.605,0.582,0.586,0.611,0.631,0.606
"2018-05-28 07:00:00",855,0.544,0.597,0.6,0.582,0.586,0.61,0.629,0.602
"2018-05-28 07:30:00",856,0.543,0.596,0.603,0.581,0.586,0.61,0.626,0.606
"2018-05-28 08:00:00",857,0.544,0.597,0.602,0.581,0.586,0.61,0.627,0.607
"2018-05-28 08:30:00",858,0.544,0.597,0.603,0.58,0.587,0.61,0.627,0.609
"2018-05-28 09:00:00",859,0.544,0.597,0.601,0.58,0.587,0.61,0.63,0.608
"2018-05-28 09:30:00",860,0.545,0.598,0.604,0.58,0.586,0.61,0.632,0.613
"2018-05-28 10:00:00",861,0.545,0.598,0.605,0.579,0.586,0.61,0.633,0.617
"2018-05-28 10:30:00",862,0.545,0.598,0.6,0.58,0.586,0.611,0.633,0.612
"2018-05-28 11:00:00",863,0.545,0.597,0.601,0.579,0.586,0.612,0.632,0.612
"2018-05-28 11:30:00",864,0.546,0.598,0.602,0.579,0.586,0.613,0.631,0.615
"2018-05-28 12:00:00",865,0.547,0.598,0.602,0.579,0.586,0.613,0.634,0.618
"2018-05-28 12:30:00",866,0.544,0.595,0.599,0.572,0.581,0.611,0.634,0.623
"2018-05-28 13:00:00",867,0.54,0.591,0.594,0.563,0.574,0.609,0.636,0.625
"2018-05-28 13:30:00",868,0.538,0.587,0.589,0.559,0.571,0.609,0.637,0.621
"2018-05-28 14:00:00",869,0.533,0.579,0.581,0.549,0.563,0.604,0.634,0.62
"2018-05-28 14:30:00",870,0.53,0.577,0.578,0.543,0.558,0.6,0.635,0.623
"2018-05-28 15:00:00",871,0.528,0.573,0.576,0.538,0.554,0.597,0.635,0.625
"2018-05-28 15:30:00",872,0.518,0.563,0.565,0.526,0.543,0.586,0.63,0.622
"2018-05-28 16:00:00",873,0.51,0.556,0.56,0.517,0.533,0.578,0.626,0.62
"2018-05-28 16:30:00",874,0.504,0.551,0.556,0.511,0.525,0.571,0.619,0.616
"2018-05-28 17:00:00",875,0.502,0.55,0.554,0.512,0.524,0.57,0.612,0.609
"2018-05-28 17:30:00",876,0.512,0.561,0.565,0.527,0.537,0.582,0.612,0.615
"2018-05-28 18:00:00",877,0.521,0.57,0.574,0.54,0.547,0.59,0.614,0.619
"2018-05-28 18:30:00",878,0.528,0.578,0.582,0.552,0.556,0.597,0.617,0.621
"2018-05-28 19:00:00",879,0.534,0.586,0.591,0.563,0.566,0.603,0.62,0.624
"2018-05-28 19:30:00",880,0.538,0.59,0.598,0.569,0.572,0.607,0.624,0.627
"2018-05-28 20:00:00",881,0.541,0.594,0.603,0.573,0.576,0.609,0.627,0.629
"2018-05-28 20:30:00",882,0.543,0.597,0.606,0.575,0.58,0.61,0.629,0.631
"2018-05-28 21:00:00",883,0.545,0.598,0.608,0.577,0.583,0.61,0.632,0.633
"2018-05-28 21:30:00",884,0.545,0.599,0.611,0.577,0.585,0.609,0.633,0.634
"2018-05-28 22:00:00",885,0.545,0.599,0.613,0.576,0.585,0.608,0.634,0.635
"2018-05-28 22:30:00",886,0.544,0.599,0.613,0.576,0.585,0.608,0.634,0.634
"2018-05-28 23:00:00",887,0.544,0.599,0.613,0.575,0.585,0.608,0.634,0.634
"2018-05-28 23:30:00",888,0.544,0.598,0.613,0.574,0.586,0.608,0.634,0.635
"2018-05-29 00:00:00",889,0.544,0.598,0.613,0.574,0.585,0.607,0.634,0.635
"2018-05-29 00:30:00",890,0.543,0.597,0.614,0.574,0.585,0.607,0.633,0.635
"2018-05-29 01:00:00",891,0.543,0.597,0.612,0.573,0.584,0.606,0.633,0.635
"2018-05-29 01:30:00",892,0.543,0.597,0.614,0.573,0.584,0.605,0.634,0.636
"2018-05-29 02:00:00",893,0.542,0.596,0.609,0.574,0.584,0.604,0.634,0.635
"2018-05-29 02:30:00",894,0.542,0.595,0.61,0.573,0.583,0.604,0.632,0.634
"2018-05-29 03:00:00",895,0.541,0.595,0.609,0.573,0.582,0.603,0.633,0.635
"2018-05-29 03:30:00",896,0.541,0.593,0.609,0.572,0.582,0.603,0.633,0.635
"2018-05-29 04:00:00",897,0.541,0.592,0.608,0.571,0.582,0.602,0.633,0.636
"2018-05-29 04:30:00",898,0.54,0.591,0.609,0.571,0.581,0.602,0.632,0.634
"2018-05-29 05:00:00",899,0.54,0.591,0.61,0.571,0.581,0.602,0.632,0.635
"2018-05-29 05:30:00",900,0.541,0.591,0.608,0.571,0.581,0.601,0.633,0.635
"2018-05-29 06:00:00",901,0.54,0.589,0.607,0.57,0.581,0.601,0.633,0.635
"2018-05-29 06:30:00",902,0.54,0.588,0.607,0.57,0.579,0.6,0.632,0.634
"2018-05-29 07:00:00",903,0.539,0.586,0.607,0.569,0.579,0.6,0.632,0.633
"2018-05-29 07:30:00",904,0.539,0.586,0.608,0.568,0.579,0.599,0.632,0.634
"2018-05-29 08:00:00",905,0.539,0.585,0.611,0.568,0.58,0.599,0.632,0.634
"2018-05-29 08:30:00",906,0.54,0.585,0.61,0.568,0.58,0.6,0.63,0.633
"2018-05-29 09:00:00",907,0.54,0.584,0.61,0.567,0.58,0.601,0.628,0.632
"2018-05-29 09:30:00",908,0.539,0.583,0.609,0.565,0.579,0.602,0.627,0.632
"2018-05-29 10:00:00",909,0.53,0.571,0.598,0.55,0.571,0.595,0.624,0.628
"2018-05-29 10:30:00",910,0.513,0.553,0.577,0.525,0.552,0.582,0.619,0.622
"2018-05-29 11:00:00",911,0.499,0.541,0.563,0.507,0.532,0.568,0.611,0.618
"2018-05-29 11:30:00",912,0.492,0.538,0.558,0.5,0.523,0.56,0.604,0.613
"2018-05-29 12:00:00",913,0.482,0.532,0.549,0.493,0.514,0.552,0.594,0.602
"2018-05-29 12:30:00",914,0.489,0.541,0.556,0.504,0.522,0.562,0.59,0.6
"2018-05-29 13:00:00",915,0.495,0.545,0.561,0.509,0.526,0.567,0.591,0.601
"2018-05-29 13:30:00",916,0.486,0.538,0.555,0.501,0.518,0.558,0.587,0.595
"2018-05-29 14:00:00",917,0.471,0.526,0.543,0.487,0.502,0.543,0.578,0.584
"2018-05-29 14:30:00",918,0.467,0.522,0.538,0.483,0.496,0.539,0.573,0.579
"2018-05-29 15:00:00",919,0.444,0.505,0.522,0.465,0.473,0.513,0.56,0.565
"2018-05-29 15:30:00",920,0.429,0.493,0.504,0.451,0.454,0.492,0.539,0.546
"2018-05-29 16:00:00",921,0.427,0.49,0.501,0.453,0.45,0.489,0.528,0.541
"2018-05-29 16:30:00",922,0.43,0.491,0.5,0.458,0.45,0.492,0.523,0.538
"2018-05-29 17:00:00",923,0.434,0.495,0.504,0.465,0.454,0.498,0.526,0.541
"2018-05-29 17:30:00",924,0.453,0.511,0.52,0.481,0.474,0.521,0.539,0.556
"2018-05-29 18:00:00",925,0.462,0.52,0.531,0.495,0.487,0.537,0.553,0.571
"2018-05-29 18:30:00",926,0.469,0.522,0.534,0.496,0.485,0.536,0.561,0.581
"2018-05-29 19:00:00",927,0.485,0.534,0.547,0.51,0.499,0.551,0.572,0.596
"2018-05-29 19:30:00",928,0.503,0.549,0.562,0.531,0.518,0.57,0.587,0.61
"2018-05-29 20:00:00",929,0.519,0.568,0.58,0.552,0.542,0.588,0.602,0.621
"2018-05-29 20:30:00",930,0.53,0.579,0.592,0.564,0.558,0.598,0.612,0.628
"2018-05-29 21:00:00",931,0.535,0.586,0.601,0.569,0.568,0.602,0.618,0.633
"2018-05-29 21:30:00",932,0.538,0.59,0.606,0.572,0.573,0.603,0.623,0.636
"2018-05-29 22:00:00",933,0.54,0.592,0.608,0.574,0.577,0.604,0.627,0.638
"2018-05-29 22:30:00",934,0.54,0.593,0.608,0.575,0.579,0.605,0.63,0.64
"2018-05-29 23:00:00",935,0.541,0.593,0.609,0.576,0.581,0.605,0.632,0.641
"2018-05-29 23:30:00",936,0.541,0.593,0.609,0.576,0.582,0.605,0.634,0.642
"2018-05-30 00:00:00",937,0.542,0.593,0.609,0.576,0.583,0.605,0.636,0.643
"2018-05-30 00:30:00",938,0.542,0.594,0.61,0.576,0.583,0.605,0.637,0.644
"2018-05-30 01:00:00",939,0.543,0.594,0.607,0.576,0.584,0.605,0.637,0.646
"2018-05-30 01:30:00",940,0.543,0.593,0.606,0.576,0.584,0.606,0.637,0.646
"2018-05-30 02:00:00",941,0.544,0.593,0.607,0.576,0.584,0.605,0.639,0.646
"2018-05-30 02:30:00",942,0.544,0.593,0.603,0.577,0.584,0.605,0.639,0.648
"2018-05-30 03:00:00",943,0.545,0.593,0.606,0.577,0.585,0.607,0.639,0.649
"2018-05-30 03:30:00",944,0.545,0.594,0.605,0.577,0.585,0.607,0.64,0.649
"2018-05-30 04:00:00",945,0.546,0.594,0.604,0.578,0.585,0.607,0.641,0.649
"2018-05-30 04:30:00",946,0.546,0.593,0.604,0.577,0.585,0.607,0.641,0.649
"2018-05-30 05:00:00",947,0.545,0.592,0.604,0.577,0.585,0.607,0.643,0.648
"2018-05-30 05:30:00",948,0.544,0.592,0.606,0.576,0.585,0.606,0.641,0.648
"2018-05-30 06:00:00",949,0.544,0.591,0.607,0.574,0.584,0.604,0.64,0.647
"2018-05-30 06:30:00",950,0.543,0.59,0.606,0.574,0.584,0.604,0.64,0.647
"2018-05-30 07:00:00",951,0.542,0.59,0.605,0.573,0.583,0.603,0.639,0.646
"2018-05-30 07:30:00",952,0.541,0.589,0.607,0.572,0.582,0.601,0.638,0.645
"2018-05-30 08:00:00",953,0.539,0.589,0.606,0.57,0.581,0.601,0.636,0.642
"2018-05-30 08:30:00",954,0.538,0.586,0.607,0.567,0.58,0.599,0.634,0.641
"2018-05-30 09:00:00",955,0.533,0.575,0.599,0.561,0.576,0.592,0.628,0.635
"2018-05-30 09:30:00",956,0.518,0.551,0.575,0.532,0.557,0.577,0.618,0.623
"2018-05-30 10:00:00",957,0.495,0.529,0.549,0.496,0.524,0.556,0.611,0.614
